Checking out Encounter license ...
SOC_Encounter_GXL 8.1 license checkout succeeded.
This Encounter release has been compiled with OA version 22.04-p032.
sourcing /usr/Cadence/SOC/etc/fe/rdaDSL.tcl
*******************************************************************
*   Copyright (c)  Cadence Design Systems, Inc.  1996 - 2008.     *
*                     All rights reserved.                        *
*                                                                 *
*                                                                 *
*                                                                 *
* This program contains confidential and trade secret information *
* of Cadence Design Systems, Inc. and is protected by copyright   *
* law and international treaties.  Any reproduction, use,         *
* distribution or disclosure of this program or any portion of it,*
* or any attempt to obtain a human-readable version of this       *
* program, without the express, prior written consent of          *
* Cadence Design Systems, Inc., is strictly prohibited.           *
*                                                                 *
*                 Cadence Design Systems, Inc.                    *
*                    2655 Seely Avenue                            *
*                   San Jose, CA 95134,  USA                      *
*                                                                 *
*                                                                 *
*******************************************************************

@(#)CDS: First Encounter v08.10-p004_1 (32bit) 11/04/2008 14:34 (Linux 2.6)
@(#)CDS: NanoRoute v08.10-p008 NR081027-0018/USR58-UB (database version 2.30, 67.1.1) {superthreading v1.11}
@(#)CDS: CeltIC v08.10-p002_1 (32bit) 10/23/2008 22:04:14 (Linux 2.6.9-67.0.10.ELsmp)
@(#)CDS: CTE v08.10-p016_1 (32bit) Oct 26 2008 15:11:51 (Linux 2.6.9-67.0.10.ELsmp)
@(#)CDS: CPE v08.10-p009
--- Starting "First Encounter v08.10-p004_1" on Sun Aug 18 21:12:16 2024 (mem=62.2M) ---
--- Running on localhost.localdomain (x86_64 w/Linux 2.6.32-431.29.2.el6.x86_64) ---
This version was compiled on Tue Nov 4 14:34:21 PST 2008.
Set DBUPerIGU to 1000.
Set Default Mode Total Cap Scale Factor to 1.00
Set Detail Mode Total Cap Scale Factor to 1.00
Set Coupling Total Cap Scale Factor to 1.00
Set Total Res Scale Factor to 1.00
Set net toggle Scale Factor to 1.00
Set Shrink Factor to 1.00000
<CMD_INTERNAL> setUIVar rda_Input ui_topcell SYS_TOP
<CMD_INTERNAL> setUIVar rda_Input ui_netlist /home/ahesham/Projects/System_pnr/DFT/netlists/SYS_TOP.v
<CMD_INTERNAL> setUIVar rda_Input ui_timelib,min /home/ahesham/Projects/System_pnr/std_cells/libs/scmetro_tsmc_cl013g_rvt_ff_1p32v_m40c.lib
<CMD_INTERNAL> setUIVar rda_Input ui_timelib,max /home/ahesham/Projects/System_pnr/std_cells/libs/scmetro_tsmc_cl013g_rvt_ss_1p08v_125c.lib
<CMD_INTERNAL> setUIVar rda_Input ui_timelib /home/ahesham/Projects/System_pnr/std_cells/libs/scmetro_tsmc_cl013g_rvt_tt_1p2v_25c.lib
<CMD_INTERNAL> setUIVar rda_Input ui_leffile {/home/ahesham/Projects/System_pnr/std_cells/lef/tsmc13fsg_7lm_tech.lef /home/ahesham/Projects/System_pnr/std_cells/lef/tsmc13_m_macros.lef /home/ahesham/Projects/System_pnr/pnr/import/SYS_TOP.lef}
<CMD_INTERNAL> setUIVar rda_Input ui_captbl_file /home/ahesham/Projects/System_pnr/std_cells/captables/tsmc13fsg.capTbl
<CMD_INTERNAL> setUIVar rda_Input ui_timingcon_file /home/ahesham/Projects/System_pnr/DFT/sdc/SYS_TOP.sdc
<CMD_INTERNAL> setUIVar rda_Input ui_pwrnet VDD
<CMD_INTERNAL> setUIVar rda_Input ui_gndnet VSS
<CMD> commitConfig

Loading Lef file /home/ahesham/Projects/System_pnr/std_cells/lef/tsmc13fsg_7lm_tech.lef...

Loading Lef file /home/ahesham/Projects/System_pnr/std_cells/lef/tsmc13_m_macros.lef...
Set DBUPerIGU to M2 pitch 820.
Initializing default via types and wire widths ...

Loading Lef file /home/ahesham/Projects/System_pnr/pnr/import/SYS_TOP.lef...
**WARN: (SOCLF-246):	The 'UNITS' attribute should be set
in the first lef file (technology lef). There is an attempt to set it
in subsequent lef files which will be ignored.
**WARN: (SOCLF-46):	Class CORE macro 'SYS_TOP' has no SITE statement defined.
Class CORE macros require a SITE statement. The SITE FE_CORE_0 was
created and will be used for this macro, using height 180.6000 that
matches the macro SIZE height, and width 0.4100 that matches the
m2 routing pitch. Define the site explicitly in the LEF file, to
this message in the future.

Power Planner/ViaGen version 8.1.45 promoted on 09/01/2008.
viaInitial starts at Sun Aug 18 21:12:24 2024
viaInitial ends at Sun Aug 18 21:12:24 2024
Reading netlist ...
Backslashed names will retain backslash and a trailing blank character.
Reading verilog netlist '/home/ahesham/Projects/System_pnr/DFT/netlists/SYS_TOP.v'
Inserting temporary buffers to remove assignment statements.
Non-leaf cell SYS_TOP will be treated as a leaf cell.

*** Memory Usage v0.144 (Current mem = 189.004M, initial mem = 62.238M) ***
*** End netlist parsing (cpu=0:00:00.0, real=0:00:00.0, mem=189.0M) ***
Set top cell to SYS_TOP.
Reading max timing library '/home/ahesham/Projects/System_pnr/std_cells/libs/scmetro_tsmc_cl013g_rvt_ss_1p08v_125c.lib' ...
No function defined for cell 'HOLDX1M'. The cell will only be used for analysis.
 read 618 cells in library 'scmetro_tsmc_cl013g_rvt_ss_1p08v_125c' 
Reading min timing library '/home/ahesham/Projects/System_pnr/std_cells/libs/scmetro_tsmc_cl013g_rvt_ff_1p32v_m40c.lib' ...
No function defined for cell 'HOLDX1M'. The cell will only be used for analysis.
 read 618 cells in library 'scmetro_tsmc_cl013g_rvt_ff_1p32v_m40c' 
Reading max timing library '/home/ahesham/Projects/System_pnr/std_cells/libs/scmetro_tsmc_cl013g_rvt_tt_1p2v_25c.lib' ...
No function defined for cell 'HOLDX1M'. The cell will only be used for analysis.
 read 618 cells in library 'scmetro_tsmc_cl013g_rvt_tt_1p2v_25c' 
Reading min timing library '/home/ahesham/Projects/System_pnr/std_cells/libs/scmetro_tsmc_cl013g_rvt_tt_1p2v_25c.lib' ...
No function defined for cell 'HOLDX1M'. The cell will only be used for analysis.
 read 618 cells in library 'scmetro_tsmc_cl013g_rvt_tt_1p2v_25c' 
**WARN: (SOCSYC-2):	Timing is not defined for cell SYS_TOP.
*** End library_loading (cpu=0.16min, mem=90.8M, fe_cpu=0.21min, fe_mem=279.8M) ***
Starting recursive module instantiation check.
No recursion found.
*****NEW dbFlattenCell is used.
Flattening Cell SYS_TOP ...
*** Netlist is unique.
** info: there are 2531 modules.
** info: there are 1853 stdCell insts.

*** Memory Usage v0.144 (Current mem = 280.062M, initial mem = 62.238M) ***
CTE reading timing constraint file '/home/ahesham/Projects/System_pnr/DFT/sdc/SYS_TOP.sdc' ...
**WARN: (TCLCMD-1013):	The SDC set_operating_conditions assertion is not supported. Please use the Encounter setOpCond command to specify library and operating condition information. Use the setAnalysisMode command to control single vs. bestCase/worstCase vs. on-chip variation timing analysis. (File /home/ahesham/Projects/System_pnr/DFT/sdc/SYS_TOP.sdc, Line 9).

**WARN: (SOCCTE-286):	Library scmetro_tsmc_cl013g_rvt_ss_1p08v_125c is not in the min library list.
**WARN: (SOCCTE-289):	set_driving_cell :  Use the cell in library scmetro_tsmc_cl013g_rvt_ss_1p08v_125c.
**WARN: (SOCCTE-286):	Library scmetro_tsmc_cl013g_rvt_ss_1p08v_125c is not in the min library list.
**WARN: (SOCCTE-289):	set_driving_cell :  Use the cell in library scmetro_tsmc_cl013g_rvt_ss_1p08v_125c.
**WARN: (SOCCTE-286):	Library scmetro_tsmc_cl013g_rvt_ss_1p08v_125c is not in the min library list.
**WARN: (SOCCTE-289):	set_driving_cell :  Use the cell in library scmetro_tsmc_cl013g_rvt_ss_1p08v_125c.
**WARN: (SOCCTE-286):	Library scmetro_tsmc_cl013g_rvt_ss_1p08v_125c is not in the min library list.
**WARN: (SOCCTE-289):	set_driving_cell :  Use the cell in library scmetro_tsmc_cl013g_rvt_ss_1p08v_125c.
**WARN: (SOCCTE-286):	Library scmetro_tsmc_cl013g_rvt_ss_1p08v_125c is not in the min library list.
**WARN: (SOCCTE-289):	set_driving_cell :  Use the cell in library scmetro_tsmc_cl013g_rvt_ss_1p08v_125c.
**WARN: (SOCCTE-286):	Library scmetro_tsmc_cl013g_rvt_ss_1p08v_125c is not in the min library list.
**WARN: (SOCCTE-289):	set_driving_cell :  Use the cell in library scmetro_tsmc_cl013g_rvt_ss_1p08v_125c.
**WARN: (SOCCTE-286):	Library scmetro_tsmc_cl013g_rvt_ss_1p08v_125c is not in the min library list.
**WARN: (SOCCTE-289):	set_driving_cell :  Use the cell in library scmetro_tsmc_cl013g_rvt_ss_1p08v_125c.
**WARN: (SOCCTE-286):	Library scmetro_tsmc_cl013g_rvt_ss_1p08v_125c is not in the min library list.
**WARN: (SOCCTE-289):	set_driving_cell :  Use the cell in library scmetro_tsmc_cl013g_rvt_ss_1p08v_125c.
**WARN: (SOCCTE-286):	Library scmetro_tsmc_cl013g_rvt_ss_1p08v_125c is not in the min library list.
**WARN: (SOCCTE-289):	set_driving_cell :  Use the cell in library scmetro_tsmc_cl013g_rvt_ss_1p08v_125c.
**WARN: (SOCCTE-286):	Library scmetro_tsmc_cl013g_rvt_ss_1p08v_125c is not in the min library list.
**WARN: (SOCCTE-289):	set_driving_cell :  Use the cell in library scmetro_tsmc_cl013g_rvt_ss_1p08v_125c.
**WARN: (SOCCTE-286):	Library scmetro_tsmc_cl013g_rvt_ss_1p08v_125c is not in the min library list.
**WARN: (SOCCTE-289):	set_driving_cell :  Use the cell in library scmetro_tsmc_cl013g_rvt_ss_1p08v_125c.
**WARN: (SOCCTE-286):	Library scmetro_tsmc_cl013g_rvt_ss_1p08v_125c is not in the min library list.
**WARN: (SOCCTE-289):	set_driving_cell :  Use the cell in library scmetro_tsmc_cl013g_rvt_ss_1p08v_125c.
**WARN: (SOCCTE-286):	Library scmetro_tsmc_cl013g_rvt_ss_1p08v_125c is not in the min library list.
**WARN: (SOCCTE-289):	set_driving_cell :  Use the cell in library scmetro_tsmc_cl013g_rvt_ss_1p08v_125c.
**WARN: (SOCCTE-286):	Library scmetro_tsmc_cl013g_rvt_ss_1p08v_125c is not in the min library list.
**WARN: (SOCCTE-289):	set_driving_cell :  Use the cell in library scmetro_tsmc_cl013g_rvt_ss_1p08v_125c.
**WARN: (TCLCMD-1068):	One or more of the target pins given with create_clock/create_generated_clock for clock 'ALU_CLK' are hierarchical pins. Tool has mapped these hierarchical pins to their respective flat pin(s). 'report_clocks -clocks' can be used to know the mapped flat pins for given clock. (File /home/ahesham/Projects/System_pnr/DFT/sdc/SYS_TOP.sdc, Line 46).

**WARN: (TCLCMD-1068):	One or more of the target pins given with create_clock/create_generated_clock for clock 'RX_CLK' are hierarchical pins. Tool has mapped these hierarchical pins to their respective flat pin(s). 'report_clocks -clocks' can be used to know the mapped flat pins for given clock. (File /home/ahesham/Projects/System_pnr/DFT/sdc/SYS_TOP.sdc, Line 53).

**WARN: (TCLCMD-1068):	One or more of the target pins given with create_clock/create_generated_clock for clock 'TX_CLK' are hierarchical pins. Tool has mapped these hierarchical pins to their respective flat pin(s). 'report_clocks -clocks' can be used to know the mapped flat pins for given clock. (File /home/ahesham/Projects/System_pnr/DFT/sdc/SYS_TOP.sdc, Line 60).

INFO (CTE): read_dc_script finished with  4 WARNING
WARNING (CTE-25): Line: 8 of File /home/ahesham/Projects/System_pnr/DFT/sdc/SYS_TOP.sdc : Skipped unsupported command: set_units


*** Read timing constraints (cpu=0:00:00.1 mem=295.3M) ***
*info - Done with setDoAssign with 27 assigns removed and 0 assigns could not be removed.
Total number of combinational cells: 433
Total number of sequential cells: 174
Total number of tristate cells: 10
Total number of level shifter cells: 0
Total number of power gating cells: 0
Total number of isolation cells: 0
Total number of power switch cells: 0
Total number of pulse generator cells: 0
Total number of always on buffers: 0
Total number of retention cells: 0
List of usable buffers: BUFX2M BUFX10M BUFX12M BUFX14M BUFX16M BUFX18M BUFX20M BUFX24M BUFX32M BUFX3M CLKBUFX1M BUFX4M BUFX5M BUFX6M BUFX8M CLKBUFX12M CLKBUFX16M CLKBUFX20M CLKBUFX24M CLKBUFX2M CLKBUFX3M CLKBUFX32M CLKBUFX40M CLKBUFX4M CLKBUFX6M CLKBUFX8M
Total number of usable buffers: 26
List of unusable buffers:
Total number of unusable buffers: 0
List of usable inverters: CLKINVX1M CLKINVX12M CLKINVX16M CLKINVX20M CLKINVX24M CLKINVX2M CLKINVX3M CLKINVX32M CLKINVX40M CLKINVX4M CLKINVX6M CLKINVX8M INVX10M INVX12M INVX14M INVX16M INVX18M INVX2M INVX1M INVX20M INVX24M INVX32M INVX4M INVX3M INVX6M INVX5M INVX8M INVXLM
Total number of usable inverters: 28
List of unusable inverters:
Total number of unusable inverters: 0
List of identified usable delay cells: DLY1X1M DLY1X4M DLY2X1M DLY2X4M DLY3X1M DLY3X4M DLY4X1M DLY4X4M
Total number of identified usable delay cells: 8
List of identified unusable delay cells:
Total number of identified unusable delay cells: 0
*info: set bottom ioPad orient R0
Set Using Default Delay Limit as 1000.
Set Default Net Delay as 1000 ps.
Set Default Net Load as 0.5 pF.
**WARN: (SOCDC-1159):	Invalid input transition time. The default 0.1ps input transition time will be used.
Set Input Pin Transition Delay as 0.1 ps.
Reading Capacitance Table File /home/ahesham/Projects/System_pnr/std_cells/captables/tsmc13fsg.capTbl ...
Cap Table was created using First Encounter 08.10-p004_1.
Process name: tsmc13fsg.
#WARNING (NRDB-21) The number of routing layer 7 in the database does not match with the value of 10 in the Extended Cap Table file.
<CMD> create_library_set -name min_library -timing "../std_cells/libs/scmetro_tsmc_cl013g_rvt_ff_1p32v_m40c.lib"
<CMD> create_library_set -name max_library -timing "../std_cells/libs/scmetro_tsmc_cl013g_rvt_ss_1p08v_125c.lib"
<CMD> create_library_set -name typ_library -timing "../std_cells/libs/scmetro_tsmc_cl013g_rvt_tt_1p2v_25c.lib"
<CMD> create_constraint_mode -name func_mode -sdc_files {../DFT/sdc/SYS_TOP_func.sdc}
<CMD> create_constraint_mode -name scan_mode -sdc_files {../DFT/sdc/SYS_TOP_scan.sdc}
<CMD> create_constraint_mode -name capture_mode -sdc_files {../DFT/sdc/SYS_TOP_capture.sdc}
<CMD> create_rc_corner -name RCcorner -cap_table "../std_cells/captables/tsmc13fsg.capTbl"
<CMD> create_delay_corner -name min_corner -library_set min_library -rc_corner RCcorner
<CMD> create_delay_corner -name max_corner -library_set max_library -rc_corner RCcorner
<CMD> create_analysis_view -name setup1_analysis_view -delay_corner max_corner -constraint_mode func_mode
<CMD> create_analysis_view -name hold1_analysis_view  -delay_corner min_corner -constraint_mode func_mode
<CMD> create_analysis_view -name setup2_analysis_view -delay_corner max_corner -constraint_mode scan_mode
<CMD> create_analysis_view -name hold2_analysis_view  -delay_corner min_corner -constraint_mode scan_mode
<CMD> create_analysis_view -name setup3_analysis_view -delay_corner max_corner -constraint_mode capture_mode
<CMD> create_analysis_view -name hold3_analysis_view  -delay_corner min_corner -constraint_mode capture_mode
<CMD> set_analysis_view -setup {setup1_analysis_view setup2_analysis_view setup3_analysis_view} -hold {hold1_analysis_view hold2_analysis_view hold3_analysis_view}
Initializing multi-corner RC extraction with 1 active RC Corners ...
Reading Capacitance Table File ../std_cells/captables/tsmc13fsg.capTbl ...
Cap Table was created using First Encounter 08.10-p004_1.
Process name: tsmc13fsg.
#WARNING (NRDB-21) The number of routing layer 7 in the database does not match with the value of 10 in the Extended Cap Table file.
Importing multi-corner RC tables ... 
Summary of Active RC-Corners : 
 Analysis View: setup1_analysis_view
    RC-Corner Name        : RCcorner
    RC-Corner Index       : 0
    RC-Corner Temperature : 25 Celsius
    RC-Corner Cap Table   : '../std_cells/captables/tsmc13fsg.capTbl'
    RC-Corner Default Res. Factor      : 1
    RC-Corner Detail Res. Factor       : 1
    RC-Corner Default Cap. Factor      : 1
    RC-Corner Detail Cap. Factor       : 1
    RC-Corner Cross Cap. Factor        : 1
 Analysis View: setup2_analysis_view
    RC-Corner Name        : RCcorner
    RC-Corner Index       : 0
    RC-Corner Temperature : 25 Celsius
    RC-Corner Cap Table   : '../std_cells/captables/tsmc13fsg.capTbl'
    RC-Corner Default Res. Factor      : 1
    RC-Corner Detail Res. Factor       : 1
    RC-Corner Default Cap. Factor      : 1
    RC-Corner Detail Cap. Factor       : 1
    RC-Corner Cross Cap. Factor        : 1
 Analysis View: setup3_analysis_view
    RC-Corner Name        : RCcorner
    RC-Corner Index       : 0
    RC-Corner Temperature : 25 Celsius
    RC-Corner Cap Table   : '../std_cells/captables/tsmc13fsg.capTbl'
    RC-Corner Default Res. Factor      : 1
    RC-Corner Detail Res. Factor       : 1
    RC-Corner Default Cap. Factor      : 1
    RC-Corner Detail Cap. Factor       : 1
    RC-Corner Cross Cap. Factor        : 1
 Analysis View: hold1_analysis_view
    RC-Corner Name        : RCcorner
    RC-Corner Index       : 0
    RC-Corner Temperature : 25 Celsius
    RC-Corner Cap Table   : '../std_cells/captables/tsmc13fsg.capTbl'
    RC-Corner Default Res. Factor      : 1
    RC-Corner Detail Res. Factor       : 1
    RC-Corner Default Cap. Factor      : 1
    RC-Corner Detail Cap. Factor       : 1
    RC-Corner Cross Cap. Factor        : 1
 Analysis View: hold2_analysis_view
    RC-Corner Name        : RCcorner
    RC-Corner Index       : 0
    RC-Corner Temperature : 25 Celsius
    RC-Corner Cap Table   : '../std_cells/captables/tsmc13fsg.capTbl'
    RC-Corner Default Res. Factor      : 1
    RC-Corner Detail Res. Factor       : 1
    RC-Corner Default Cap. Factor      : 1
    RC-Corner Detail Cap. Factor       : 1
    RC-Corner Cross Cap. Factor        : 1
 Analysis View: hold3_analysis_view
    RC-Corner Name        : RCcorner
    RC-Corner Index       : 0
    RC-Corner Temperature : 25 Celsius
    RC-Corner Cap Table   : '../std_cells/captables/tsmc13fsg.capTbl'
    RC-Corner Default Res. Factor      : 1
    RC-Corner Detail Res. Factor       : 1
    RC-Corner Default Cap. Factor      : 1
    RC-Corner Detail Cap. Factor       : 1
    RC-Corner Cross Cap. Factor        : 1
*Info: initialize multi-corner CTS.
CTE reading timing constraint file '../DFT/sdc/SYS_TOP_func.sdc' ...
**WARN: (TCLCMD-1014):	The SDC set_operating_conditions assertion is not supported. Please use the create_delay_corner command to specify the desired operating enviroment. Use the setAnalysisMode command to control single vs. bestCase/worstCase vs. on-chip variation timing analysis. (File ../DFT/sdc/SYS_TOP_func.sdc, Line 9).

**WARN: (SOCCTE-286):	Library scmetro_tsmc_cl013g_rvt_ss_1p08v_125c is not in the min library list.
**WARN: (SOCCTE-289):	set_driving_cell :  Use the cell in library scmetro_tsmc_cl013g_rvt_ss_1p08v_125c.
**WARN: (SOCCTE-286):	Library scmetro_tsmc_cl013g_rvt_ss_1p08v_125c is not in the min library list.
**WARN: (SOCCTE-289):	set_driving_cell :  Use the cell in library scmetro_tsmc_cl013g_rvt_ss_1p08v_125c.
**WARN: (SOCCTE-286):	Library scmetro_tsmc_cl013g_rvt_ss_1p08v_125c is not in the min library list.
**WARN: (SOCCTE-289):	set_driving_cell :  Use the cell in library scmetro_tsmc_cl013g_rvt_ss_1p08v_125c.
**WARN: (SOCCTE-286):	Library scmetro_tsmc_cl013g_rvt_ss_1p08v_125c is not in the min library list.
**WARN: (SOCCTE-289):	set_driving_cell :  Use the cell in library scmetro_tsmc_cl013g_rvt_ss_1p08v_125c.
**WARN: (SOCCTE-286):	Library scmetro_tsmc_cl013g_rvt_ss_1p08v_125c is not in the min library list.
**WARN: (SOCCTE-289):	set_driving_cell :  Use the cell in library scmetro_tsmc_cl013g_rvt_ss_1p08v_125c.
**WARN: (SOCCTE-286):	Library scmetro_tsmc_cl013g_rvt_ss_1p08v_125c is not in the min library list.
**WARN: (SOCCTE-289):	set_driving_cell :  Use the cell in library scmetro_tsmc_cl013g_rvt_ss_1p08v_125c.
**WARN: (SOCCTE-286):	Library scmetro_tsmc_cl013g_rvt_ss_1p08v_125c is not in the min library list.
**WARN: (SOCCTE-289):	set_driving_cell :  Use the cell in library scmetro_tsmc_cl013g_rvt_ss_1p08v_125c.
**WARN: (SOCCTE-286):	Library scmetro_tsmc_cl013g_rvt_ss_1p08v_125c is not in the min library list.
**WARN: (SOCCTE-289):	set_driving_cell :  Use the cell in library scmetro_tsmc_cl013g_rvt_ss_1p08v_125c.
**WARN: (SOCCTE-286):	Library scmetro_tsmc_cl013g_rvt_ss_1p08v_125c is not in the min library list.
**WARN: (SOCCTE-289):	set_driving_cell :  Use the cell in library scmetro_tsmc_cl013g_rvt_ss_1p08v_125c.
**WARN: (SOCCTE-286):	Library scmetro_tsmc_cl013g_rvt_ss_1p08v_125c is not in the min library list.
**WARN: (SOCCTE-289):	set_driving_cell :  Use the cell in library scmetro_tsmc_cl013g_rvt_ss_1p08v_125c.
**WARN: (SOCCTE-286):	Library scmetro_tsmc_cl013g_rvt_ss_1p08v_125c is not in the min library list.
**WARN: (SOCCTE-289):	set_driving_cell :  Use the cell in library scmetro_tsmc_cl013g_rvt_ss_1p08v_125c.
**WARN: (SOCCTE-286):	Library scmetro_tsmc_cl013g_rvt_ss_1p08v_125c is not in the min library list.
**WARN: (SOCCTE-289):	set_driving_cell :  Use the cell in library scmetro_tsmc_cl013g_rvt_ss_1p08v_125c.
**WARN: (SOCCTE-286):	Library scmetro_tsmc_cl013g_rvt_ss_1p08v_125c is not in the min library list.
**WARN: (SOCCTE-289):	set_driving_cell :  Use the cell in library scmetro_tsmc_cl013g_rvt_ss_1p08v_125c.
**WARN: (SOCCTE-286):	Library scmetro_tsmc_cl013g_rvt_ss_1p08v_125c is not in the min library list.
**WARN: (SOCCTE-289):	set_driving_cell :  Use the cell in library scmetro_tsmc_cl013g_rvt_ss_1p08v_125c.
**WARN: (TCLCMD-1068):	One or more of the target pins given with create_clock/create_generated_clock for clock 'ALU_CLK' are hierarchical pins. Tool has mapped these hierarchical pins to their respective flat pin(s). 'report_clocks -clocks' can be used to know the mapped flat pins for given clock. (File ../DFT/sdc/SYS_TOP_func.sdc, Line 46).

**WARN: (TCLCMD-1068):	One or more of the target pins given with create_clock/create_generated_clock for clock 'RX_CLK' are hierarchical pins. Tool has mapped these hierarchical pins to their respective flat pin(s). 'report_clocks -clocks' can be used to know the mapped flat pins for given clock. (File ../DFT/sdc/SYS_TOP_func.sdc, Line 53).

**WARN: (TCLCMD-1068):	One or more of the target pins given with create_clock/create_generated_clock for clock 'TX_CLK' are hierarchical pins. Tool has mapped these hierarchical pins to their respective flat pin(s). 'report_clocks -clocks' can be used to know the mapped flat pins for given clock. (File ../DFT/sdc/SYS_TOP_func.sdc, Line 60).

INFO (CTE): read_dc_script finished with  4 WARNING
WARNING (CTE-25): Line: 8 of File ../DFT/sdc/SYS_TOP_func.sdc : Skipped unsupported command: set_units


CTE reading timing constraint file '../DFT/sdc/SYS_TOP_scan.sdc' ...
**WARN: (TCLCMD-1014):	The SDC set_operating_conditions assertion is not supported. Please use the create_delay_corner command to specify the desired operating enviroment. Use the setAnalysisMode command to control single vs. bestCase/worstCase vs. on-chip variation timing analysis. (File ../DFT/sdc/SYS_TOP_scan.sdc, Line 9).

**WARN: (SOCCTE-286):	Library scmetro_tsmc_cl013g_rvt_ss_1p08v_125c is not in the min library list.
**WARN: (SOCCTE-289):	set_driving_cell :  Use the cell in library scmetro_tsmc_cl013g_rvt_ss_1p08v_125c.
**WARN: (SOCCTE-286):	Library scmetro_tsmc_cl013g_rvt_ss_1p08v_125c is not in the min library list.
**WARN: (SOCCTE-289):	set_driving_cell :  Use the cell in library scmetro_tsmc_cl013g_rvt_ss_1p08v_125c.
**WARN: (SOCCTE-286):	Library scmetro_tsmc_cl013g_rvt_ss_1p08v_125c is not in the min library list.
**WARN: (SOCCTE-289):	set_driving_cell :  Use the cell in library scmetro_tsmc_cl013g_rvt_ss_1p08v_125c.
**WARN: (SOCCTE-286):	Library scmetro_tsmc_cl013g_rvt_ss_1p08v_125c is not in the min library list.
**WARN: (SOCCTE-289):	set_driving_cell :  Use the cell in library scmetro_tsmc_cl013g_rvt_ss_1p08v_125c.
**WARN: (SOCCTE-286):	Library scmetro_tsmc_cl013g_rvt_ss_1p08v_125c is not in the min library list.
**WARN: (SOCCTE-289):	set_driving_cell :  Use the cell in library scmetro_tsmc_cl013g_rvt_ss_1p08v_125c.
**WARN: (SOCCTE-286):	Library scmetro_tsmc_cl013g_rvt_ss_1p08v_125c is not in the min library list.
**WARN: (SOCCTE-289):	set_driving_cell :  Use the cell in library scmetro_tsmc_cl013g_rvt_ss_1p08v_125c.
**WARN: (EMS-27):	Message (SOCCTE-286) has exceeded the current message display limit of 20.
To increase the message display limit, refer to the product command reference manual.
**WARN: (EMS-27):	Message (SOCCTE-289) has exceeded the current message display limit of 20.
To increase the message display limit, refer to the product command reference manual.
**WARN: (TCLCMD-1068):	One or more of the target pins given with create_clock/create_generated_clock for clock 'ALU_CLK' are hierarchical pins. Tool has mapped these hierarchical pins to their respective flat pin(s). 'report_clocks -clocks' can be used to know the mapped flat pins for given clock. (File ../DFT/sdc/SYS_TOP_scan.sdc, Line 46).

**WARN: (TCLCMD-1068):	One or more of the target pins given with create_clock/create_generated_clock for clock 'RX_CLK' are hierarchical pins. Tool has mapped these hierarchical pins to their respective flat pin(s). 'report_clocks -clocks' can be used to know the mapped flat pins for given clock. (File ../DFT/sdc/SYS_TOP_scan.sdc, Line 53).

**WARN: (TCLCMD-1068):	One or more of the target pins given with create_clock/create_generated_clock for clock 'TX_CLK' are hierarchical pins. Tool has mapped these hierarchical pins to their respective flat pin(s). 'report_clocks -clocks' can be used to know the mapped flat pins for given clock. (File ../DFT/sdc/SYS_TOP_scan.sdc, Line 60).

INFO (CTE): read_dc_script finished with  4 WARNING
WARNING (CTE-25): Line: 8 of File ../DFT/sdc/SYS_TOP_scan.sdc : Skipped unsupported command: set_units


CTE reading timing constraint file '../DFT/sdc/SYS_TOP_capture.sdc' ...
**WARN: (TCLCMD-1014):	The SDC set_operating_conditions assertion is not supported. Please use the create_delay_corner command to specify the desired operating enviroment. Use the setAnalysisMode command to control single vs. bestCase/worstCase vs. on-chip variation timing analysis. (File ../DFT/sdc/SYS_TOP_capture.sdc, Line 9).

**WARN: (TCLCMD-1068):	One or more of the target pins given with create_clock/create_generated_clock for clock 'ALU_CLK' are hierarchical pins. Tool has mapped these hierarchical pins to their respective flat pin(s). 'report_clocks -clocks' can be used to know the mapped flat pins for given clock. (File ../DFT/sdc/SYS_TOP_capture.sdc, Line 46).

**WARN: (TCLCMD-1068):	One or more of the target pins given with create_clock/create_generated_clock for clock 'RX_CLK' are hierarchical pins. Tool has mapped these hierarchical pins to their respective flat pin(s). 'report_clocks -clocks' can be used to know the mapped flat pins for given clock. (File ../DFT/sdc/SYS_TOP_capture.sdc, Line 53).

**WARN: (TCLCMD-1068):	One or more of the target pins given with create_clock/create_generated_clock for clock 'TX_CLK' are hierarchical pins. Tool has mapped these hierarchical pins to their respective flat pin(s). 'report_clocks -clocks' can be used to know the mapped flat pins for given clock. (File ../DFT/sdc/SYS_TOP_capture.sdc, Line 60).

INFO (CTE): read_dc_script finished with  4 WARNING
WARNING (CTE-25): Line: 8 of File ../DFT/sdc/SYS_TOP_capture.sdc : Skipped unsupported command: set_units


CTE reading timing constraint file '../DFT/sdc/SYS_TOP_func.sdc' ...
**WARN: (TCLCMD-1014):	The SDC set_operating_conditions assertion is not supported. Please use the create_delay_corner command to specify the desired operating enviroment. Use the setAnalysisMode command to control single vs. bestCase/worstCase vs. on-chip variation timing analysis. (File ../DFT/sdc/SYS_TOP_func.sdc, Line 9).

**WARN: (TCLCMD-1068):	One or more of the target pins given with create_clock/create_generated_clock for clock 'ALU_CLK' are hierarchical pins. Tool has mapped these hierarchical pins to their respective flat pin(s). 'report_clocks -clocks' can be used to know the mapped flat pins for given clock. (File ../DFT/sdc/SYS_TOP_func.sdc, Line 46).

**WARN: (TCLCMD-1068):	One or more of the target pins given with create_clock/create_generated_clock for clock 'RX_CLK' are hierarchical pins. Tool has mapped these hierarchical pins to their respective flat pin(s). 'report_clocks -clocks' can be used to know the mapped flat pins for given clock. (File ../DFT/sdc/SYS_TOP_func.sdc, Line 53).

**WARN: (TCLCMD-1068):	One or more of the target pins given with create_clock/create_generated_clock for clock 'TX_CLK' are hierarchical pins. Tool has mapped these hierarchical pins to their respective flat pin(s). 'report_clocks -clocks' can be used to know the mapped flat pins for given clock. (File ../DFT/sdc/SYS_TOP_func.sdc, Line 60).

INFO (CTE): read_dc_script finished with  4 WARNING
WARNING (CTE-25): Line: 8 of File ../DFT/sdc/SYS_TOP_func.sdc : Skipped unsupported command: set_units


CTE reading timing constraint file '../DFT/sdc/SYS_TOP_scan.sdc' ...
**WARN: (TCLCMD-1014):	The SDC set_operating_conditions assertion is not supported. Please use the create_delay_corner command to specify the desired operating enviroment. Use the setAnalysisMode command to control single vs. bestCase/worstCase vs. on-chip variation timing analysis. (File ../DFT/sdc/SYS_TOP_scan.sdc, Line 9).

**WARN: (TCLCMD-1068):	One or more of the target pins given with create_clock/create_generated_clock for clock 'ALU_CLK' are hierarchical pins. Tool has mapped these hierarchical pins to their respective flat pin(s). 'report_clocks -clocks' can be used to know the mapped flat pins for given clock. (File ../DFT/sdc/SYS_TOP_scan.sdc, Line 46).

**WARN: (TCLCMD-1068):	One or more of the target pins given with create_clock/create_generated_clock for clock 'RX_CLK' are hierarchical pins. Tool has mapped these hierarchical pins to their respective flat pin(s). 'report_clocks -clocks' can be used to know the mapped flat pins for given clock. (File ../DFT/sdc/SYS_TOP_scan.sdc, Line 53).

**WARN: (TCLCMD-1068):	One or more of the target pins given with create_clock/create_generated_clock for clock 'TX_CLK' are hierarchical pins. Tool has mapped these hierarchical pins to their respective flat pin(s). 'report_clocks -clocks' can be used to know the mapped flat pins for given clock. (File ../DFT/sdc/SYS_TOP_scan.sdc, Line 60).

INFO (CTE): read_dc_script finished with  4 WARNING
WARNING (CTE-25): Line: 8 of File ../DFT/sdc/SYS_TOP_scan.sdc : Skipped unsupported command: set_units


CTE reading timing constraint file '../DFT/sdc/SYS_TOP_capture.sdc' ...
**WARN: (TCLCMD-1014):	The SDC set_operating_conditions assertion is not supported. Please use the create_delay_corner command to specify the desired operating enviroment. Use the setAnalysisMode command to control single vs. bestCase/worstCase vs. on-chip variation timing analysis. (File ../DFT/sdc/SYS_TOP_capture.sdc, Line 9).

**WARN: (TCLCMD-1068):	One or more of the target pins given with create_clock/create_generated_clock for clock 'ALU_CLK' are hierarchical pins. Tool has mapped these hierarchical pins to their respective flat pin(s). 'report_clocks -clocks' can be used to know the mapped flat pins for given clock. (File ../DFT/sdc/SYS_TOP_capture.sdc, Line 46).

**WARN: (TCLCMD-1068):	One or more of the target pins given with create_clock/create_generated_clock for clock 'RX_CLK' are hierarchical pins. Tool has mapped these hierarchical pins to their respective flat pin(s). 'report_clocks -clocks' can be used to know the mapped flat pins for given clock. (File ../DFT/sdc/SYS_TOP_capture.sdc, Line 53).

**WARN: (TCLCMD-1068):	One or more of the target pins given with create_clock/create_generated_clock for clock 'TX_CLK' are hierarchical pins. Tool has mapped these hierarchical pins to their respective flat pin(s). 'report_clocks -clocks' can be used to know the mapped flat pins for given clock. (File ../DFT/sdc/SYS_TOP_capture.sdc, Line 60).

INFO (CTE): read_dc_script finished with  4 WARNING
WARNING (CTE-25): Line: 8 of File ../DFT/sdc/SYS_TOP_capture.sdc : Skipped unsupported command: set_units


Total number of combinational cells: 433
Total number of sequential cells: 174
Total number of tristate cells: 10
Total number of level shifter cells: 0
Total number of power gating cells: 0
Total number of isolation cells: 0
Total number of power switch cells: 0
Total number of pulse generator cells: 0
Total number of always on buffers: 0
Total number of retention cells: 0
List of usable buffers: BUFX10M BUFX12M BUFX14M BUFX16M BUFX18M BUFX20M BUFX24M BUFX2M BUFX32M BUFX3M BUFX4M BUFX5M BUFX6M BUFX8M CLKBUFX12M CLKBUFX16M CLKBUFX1M CLKBUFX20M CLKBUFX24M CLKBUFX2M CLKBUFX32M CLKBUFX3M CLKBUFX40M CLKBUFX4M CLKBUFX6M CLKBUFX8M
Total number of usable buffers: 26
List of unusable buffers:
Total number of unusable buffers: 0
List of usable inverters: CLKINVX12M CLKINVX16M CLKINVX1M CLKINVX20M CLKINVX24M CLKINVX2M CLKINVX32M CLKINVX3M CLKINVX40M CLKINVX4M CLKINVX6M CLKINVX8M INVX10M INVX12M INVX14M INVX16M INVX18M INVX1M INVX20M INVX24M INVX2M INVX32M INVX3M INVX4M INVX5M INVX6M INVX8M INVXLM
Total number of usable inverters: 28
List of unusable inverters:
Total number of unusable inverters: 0
List of identified usable delay cells: DLY1X1M DLY1X4M DLY2X1M DLY2X4M DLY3X1M DLY3X4M DLY4X1M DLY4X4M
Total number of identified usable delay cells: 8
List of identified unusable delay cells:
Total number of identified unusable delay cells: 0
<CMD> floorPlan -d 240.47 160.47 4.0 4.0 4.0 4.0
Adjusting Core to Left to: 4.1000. Core to Bottom to: 4.1000.
<CMD> addRing -spacing_bottom 0.5 -width_left 1 -width_bottom 1 -width_top 1 -spacing_top 0.5 -layer_bottom METAL5 -center 1 -stacked_via_top_layer METAL7 -width_right 1 -around core -jog_distance 0.205 -offset_bottom 0.205 -layer_top METAL5 -threshold 0.205 -offset_left 0.205 -spacing_right 0.5 -spacing_left 0.5 -offset_right 0.205 -offset_top 0.205 -layer_right METAL6 -nets {VSS VDD } -stacked_via_bottom_layer METAL1 -layer_left METAL6


The power planner created 8 wires.

<CMD> addStripe -block_ring_top_layer_limit METAL7 -max_same_layer_jog_length 0.8 -padcore_ring_bottom_layer_limit METAL5 -set_to_set_distance 60 -stacked_via_top_layer METAL7 -padcore_ring_top_layer_limit METAL7 -spacing 0.5 -merge_stripes_value 0.205 -layer METAL6 -block_ring_bottom_layer_limit METAL5 -width 1 -nets {VSS VDD } -stacked_via_bottom_layer METAL1
**WARN: (SOCPP-2008):	AddStripe option -remove_floating_stripe_over_block is ON so all fragmented stripes within a block will be removed.
  To turn OFF, setAddStripeOption -remove_floating_stripe_over_block 0.

Starting stripe generation ...
Stripe generation is complete.

The power planner created 8 wires.

<CMD> selectWire 5.6000 0.8000 6.6000 159.5900 6 VDD
<CMD> selectWire 4.1000 2.3000 5.1000 158.0900 6 VSS
<CMD> deleteSelectedFromFPlan
<CMD> sroute -connect { blockPin padPin padRing corePin floatingStripe } -layerChangeRange { 1 6 } -blockPinTarget { nearestRingStripe nearestTarget } -padPinPortConnect { allPort oneGeom } -checkAlignedSecondaryPin 1 -blockPin useLef -allowJogging 1 -crossoverViaBottomLayer 1 -allowLayerChange 1 -targetViaTopLayer 7 -crossoverViaTopLayer 7 -targetViaBottomLayer 1 -nets { VSS VDD }
No routing obstructions were found in the design.
*** Begin SPECIAL ROUTE on Sun Aug 18 21:14:37 2024 ***
Sroute/fcroute version 8.1.45 promoted on 09/01/2008.
SPECIAL ROUTE ran on directory: /home/ahesham/Projects/System_pnr/pnr
SPECIAL ROUTE ran on machine: localhost.localdomain (Linux 2.6.32-431.29.2.el6.x86_64 x86_64 2.59Ghz)

Begin option processing ...
(from .sroute_7719.conf) srouteConnectPowerBump set to false
(from .sroute_7719.conf) routeSelectNet set to "VSS VDD"
(from .sroute_7719.conf) routeSpecial set to true
(from .sroute_7719.conf) srouteCrossoverViaTopLayer set to 7
(from .sroute_7719.conf) srouteFollowCorePinEnd set to 3
(from .sroute_7719.conf) srouteFollowPadPin set to true
(from .sroute_7719.conf) srouteJogControl set to "preferWithChanges differentLayer"
(from .sroute_7719.conf) sroutePadPinAllPorts set to true
(from .sroute_7719.conf) sroutePreserveExistingRoutes set to true
(from .sroute_7719.conf) srouteTopLayerLimit set to 6
(from .sroute_7719.conf) srouteTopTargetLayerLimit set to 7
End option processing: cpu: 0:00:00, real: 0:00:00, peak: 483.00 megs.

Reading LEF technology information...
Reading floorplan and netlist information...
**WARN: (SOCSR-2508):	Illegal pin orientation. "N" is assumed.
**WARN: (SOCSR-2508):	Illegal pin orientation. "N" is assumed.
**WARN: (SOCSR-2508):	Illegal pin orientation. "N" is assumed.
**WARN: (SOCSR-2508):	Illegal pin orientation. "N" is assumed.
**WARN: (SOCSR-2508):	Illegal pin orientation. "N" is assumed.
**WARN: (SOCSR-2508):	Illegal pin orientation. "N" is assumed.
**WARN: (SOCSR-2508):	Illegal pin orientation. "N" is assumed.
Finished reading floorplan and netlist information.
   **WARN: CORE MACRO SYS_TOP has no site specification
   A total of 1 warning.
Read in 15 layers, 7 routing layers, 1 overlap layer
Read in 633 macros, 88 used
Read in 87 components
  87 core components: 87 unplaced, 0 placed, 0 fixed
Read in 19 physical pins
  19 physical pins: 0 unplaced, 0 placed, 19 fixed
Read in 19 nets
Read in 2 special nets, 2 routed
Read in 19 terminals
2 nets selected.

Begin power routing ...
**WARN: (SOCSR-554):	Top target layer is beyond top routing layer. Set top target layer to 6.
**WARN: (SOCSR-1253):	Net VDD does not have standard cells to be routed. Please check net list.
**WARN: (SOCSR-1254):	Net VDD does not have block pins to be routed. Please check net list.
**WARN: (SOCSR-1255):	Net VDD does not have pad pins to create pad ring. Please check net list or port class. (must NOT be CORE class and must not be AREAIO subclass). 
**WARN: (SOCSR-1256):	Net VDD does not have CORE class pad pins to be routed.
	Please check net list or port class.
Net VDD does not have AREAIO class pad pins to be routed.
	Please check net list or port class.
**WARN: (SOCSR-1253):	Net VSS does not have standard cells to be routed. Please check net list.
**WARN: (SOCSR-1254):	Net VSS does not have block pins to be routed. Please check net list.
**WARN: (SOCSR-1255):	Net VSS does not have pad pins to create pad ring. Please check net list or port class. (must NOT be CORE class and must not be AREAIO subclass). 
**WARN: (SOCSR-1256):	Net VSS does not have CORE class pad pins to be routed.
	Please check net list or port class.
Net VSS does not have AREAIO class pad pins to be routed.
	Please check net list or port class.
**WARN: (SOCSR-468):	No core cells defined in COMPONENTS section
 and/or   No core cells defined in SPECIALNETS VDD
**WARN: (SOCSR-468):	No core cells defined in COMPONENTS section
 and/or   No core cells defined in SPECIALNETS VDD
CPU time for FollowPin 0 seconds
**WARN: (SOCSR-468):	No core cells defined in COMPONENTS section
 and/or   No core cells defined in SPECIALNETS VSS
**WARN: (SOCSR-468):	No core cells defined in COMPONENTS section
 and/or   No core cells defined in SPECIALNETS VSS
CPU time for FollowPin 0 seconds
  Number of IO ports routed: 0
  Number of Block ports routed: 0
  Number of Stripe ports routed: 0
  Number of Core ports routed: 108
  Number of Pad ports routed: 0
  Number of Power Bump ports routed: 0
  Number of Followpin connections: 54
End power routing: cpu: 0:00:00, real: 0:00:00, peak: 493.00 megs.



 Begin updating DB with routing results ...
 Updating DB with 19 io pins ...
 Updating DB with 64 via definition ...Extracting standard cell pins and blockage ...... 
Pin and blockage extraction finished


sroute post-processing starts at Sun Aug 18 21:14:37 2024
The viaGen is rebuilding shadow vias for net VSS.
sroute post-processing ends at Sun Aug 18 21:14:37 2024

sroute post-processing starts at Sun Aug 18 21:14:37 2024
The viaGen is rebuilding shadow vias for net VDD.
sroute post-processing ends at Sun Aug 18 21:14:37 2024


sroute: Total CPU time used = 0:0:0
sroute: Total Real time used = 0:0:0
sroute: Total Memory used = 8.91 megs
sroute: Total Peak Memory used = 316.00 megs
<CMD> placeDesign -inPlaceOpt -prePlaceOpt
*** Starting placeDesign concurrent flow ***
*** Start deleteBufferTree ***
Info: Detect buffers to remove automatically.
Analyzing netlist ...
Updating netlist
*summary: 68 instances (buffers/inverters) removed
*** Finish deleteBufferTree (0:00:00.1) ***
*** Starting "NanoPlace(TM) placement v0.845 (mem=316.0M)" ...
*** Build Buffered Sizing Timing Model (Used Compact Buffer Set) ...(cpu=0:00:04.6 mem=372.6M) ***
*** Build Virtual Sizing Timing Model
(cpu=0:00:05.6 mem=387.7M) ***
Options: timingDriven ignoreScan ignoreSpare pinGuide gpeffort=medium 
**WARN: (SOCDB-2082):	Scan chains were not defined, -ignoreScan option will be ignored. 
Please first define the scan chains before using this option.
**WARN: (SOCCTE-286):	Library scmetro_tsmc_cl013g_rvt_ss_1p08v_125c is not in the min library list.
**WARN: (SOCCTE-289):	set_driving_cell :  Use the cell in library scmetro_tsmc_cl013g_rvt_ss_1p08v_125c.
**WARN: (SOCCTE-286):	Library scmetro_tsmc_cl013g_rvt_ss_1p08v_125c is not in the min library list.
**WARN: (SOCCTE-289):	set_driving_cell :  Use the cell in library scmetro_tsmc_cl013g_rvt_ss_1p08v_125c.
**WARN: (SOCCTE-286):	Library scmetro_tsmc_cl013g_rvt_ss_1p08v_125c is not in the min library list.
**WARN: (SOCCTE-289):	set_driving_cell :  Use the cell in library scmetro_tsmc_cl013g_rvt_ss_1p08v_125c.
**WARN: (SOCCTE-286):	Library scmetro_tsmc_cl013g_rvt_ss_1p08v_125c is not in the min library list.
**WARN: (SOCCTE-289):	set_driving_cell :  Use the cell in library scmetro_tsmc_cl013g_rvt_ss_1p08v_125c.
**WARN: (SOCCTE-286):	Library scmetro_tsmc_cl013g_rvt_ss_1p08v_125c is not in the min library list.
**WARN: (SOCCTE-289):	set_driving_cell :  Use the cell in library scmetro_tsmc_cl013g_rvt_ss_1p08v_125c.
**WARN: (SOCCTE-286):	Library scmetro_tsmc_cl013g_rvt_ss_1p08v_125c is not in the min library list.
**WARN: (SOCCTE-289):	set_driving_cell :  Use the cell in library scmetro_tsmc_cl013g_rvt_ss_1p08v_125c.
**WARN: (SOCCTE-286):	Library scmetro_tsmc_cl013g_rvt_ss_1p08v_125c is not in the min library list.
**WARN: (SOCCTE-289):	set_driving_cell :  Use the cell in library scmetro_tsmc_cl013g_rvt_ss_1p08v_125c.
**WARN: (SOCCTE-286):	Library scmetro_tsmc_cl013g_rvt_ss_1p08v_125c is not in the min library list.
**WARN: (SOCCTE-289):	set_driving_cell :  Use the cell in library scmetro_tsmc_cl013g_rvt_ss_1p08v_125c.
**WARN: (SOCCTE-286):	Library scmetro_tsmc_cl013g_rvt_ss_1p08v_125c is not in the min library list.
**WARN: (SOCCTE-289):	set_driving_cell :  Use the cell in library scmetro_tsmc_cl013g_rvt_ss_1p08v_125c.
**WARN: (SOCCTE-286):	Library scmetro_tsmc_cl013g_rvt_ss_1p08v_125c is not in the min library list.
**WARN: (SOCCTE-289):	set_driving_cell :  Use the cell in library scmetro_tsmc_cl013g_rvt_ss_1p08v_125c.
**WARN: (SOCCTE-286):	Library scmetro_tsmc_cl013g_rvt_ss_1p08v_125c is not in the min library list.
**WARN: (SOCCTE-289):	set_driving_cell :  Use the cell in library scmetro_tsmc_cl013g_rvt_ss_1p08v_125c.
**WARN: (SOCCTE-286):	Library scmetro_tsmc_cl013g_rvt_ss_1p08v_125c is not in the min library list.
**WARN: (SOCCTE-289):	set_driving_cell :  Use the cell in library scmetro_tsmc_cl013g_rvt_ss_1p08v_125c.
**WARN: (SOCCTE-286):	Library scmetro_tsmc_cl013g_rvt_ss_1p08v_125c is not in the min library list.
**WARN: (SOCCTE-289):	set_driving_cell :  Use the cell in library scmetro_tsmc_cl013g_rvt_ss_1p08v_125c.
**WARN: (SOCCTE-286):	Library scmetro_tsmc_cl013g_rvt_ss_1p08v_125c is not in the min library list.
**WARN: (SOCCTE-289):	set_driving_cell :  Use the cell in library scmetro_tsmc_cl013g_rvt_ss_1p08v_125c.
**WARN: (SOCCTE-286):	Library scmetro_tsmc_cl013g_rvt_ss_1p08v_125c is not in the min library list.
**WARN: (SOCCTE-289):	set_driving_cell :  Use the cell in library scmetro_tsmc_cl013g_rvt_ss_1p08v_125c.
**WARN: (SOCCTE-286):	Library scmetro_tsmc_cl013g_rvt_ss_1p08v_125c is not in the min library list.
**WARN: (SOCCTE-289):	set_driving_cell :  Use the cell in library scmetro_tsmc_cl013g_rvt_ss_1p08v_125c.
**WARN: (SOCCTE-286):	Library scmetro_tsmc_cl013g_rvt_ss_1p08v_125c is not in the min library list.
**WARN: (SOCCTE-289):	set_driving_cell :  Use the cell in library scmetro_tsmc_cl013g_rvt_ss_1p08v_125c.
**WARN: (SOCCTE-286):	Library scmetro_tsmc_cl013g_rvt_ss_1p08v_125c is not in the min library list.
**WARN: (SOCCTE-289):	set_driving_cell :  Use the cell in library scmetro_tsmc_cl013g_rvt_ss_1p08v_125c.
**WARN: (SOCCTE-286):	Library scmetro_tsmc_cl013g_rvt_ss_1p08v_125c is not in the min library list.
**WARN: (SOCCTE-289):	set_driving_cell :  Use the cell in library scmetro_tsmc_cl013g_rvt_ss_1p08v_125c.
**WARN: (SOCCTE-286):	Library scmetro_tsmc_cl013g_rvt_ss_1p08v_125c is not in the min library list.
**WARN: (SOCCTE-289):	set_driving_cell :  Use the cell in library scmetro_tsmc_cl013g_rvt_ss_1p08v_125c.
#std cell=1785 #block=0 (0 floating + 0 preplaced) #ioInst=0 #net=1912 #term=7720 #term/net=4.04, #fixedIo=0, #floatIo=0, #fixedPin=19, #floatPin=0
stdCell: 1785 single + 0 double + 0 multi
Total standard cell length = 8.7027 (mm), area = 0.0250 (mm^2)
Average module density = 0.708.
Density for the design = 0.708.
       = stdcell_area 21226 (24977 um^2) / alloc_area 29998 (35299 um^2).
Pin Density = 0.364.
            = total # of pins 7720 / total Instance area 21226.
Identified 1 spare or floating instance, with no clusters.
Iteration  1: Total net bbox = 5.567e+03 (4.26e+03 1.30e+03)
              Est.  stn bbox = 5.567e+03 (4.26e+03 1.30e+03)
              cpu = 0:00:00.0 real = 0:00:00.0 mem = 392.7M
Iteration  2: Total net bbox = 5.567e+03 (4.26e+03 1.30e+03)
              Est.  stn bbox = 5.567e+03 (4.26e+03 1.30e+03)
              cpu = 0:00:00.0 real = 0:00:00.0 mem = 392.7M
Iteration  3: Total net bbox = 6.346e+03 (4.54e+03 1.81e+03)
              Est.  stn bbox = 6.346e+03 (4.54e+03 1.81e+03)
              cpu = 0:00:00.1 real = 0:00:00.0 mem = 392.7M
Iteration  4: Total net bbox = 2.495e+04 (1.42e+04 1.08e+04)
              Est.  stn bbox = 2.495e+04 (1.42e+04 1.08e+04)
              cpu = 0:00:00.4 real = 0:00:00.0 mem = 392.7M
Iteration  5: Total net bbox = 3.156e+04 (1.78e+04 1.37e+04)
              Est.  stn bbox = 3.156e+04 (1.78e+04 1.37e+04)
              cpu = 0:00:00.5 real = 0:00:01.0 mem = 392.7M
Iteration  6: Total net bbox = 3.584e+04 (1.99e+04 1.60e+04)
              Est.  stn bbox = 3.584e+04 (1.99e+04 1.60e+04)
              cpu = 0:00:00.4 real = 0:00:00.0 mem = 392.9M
Iteration  7: Total net bbox = 3.758e+04 (2.16e+04 1.60e+04)
              Est.  stn bbox = 4.894e+04 (2.82e+04 2.08e+04)
              cpu = 0:00:01.4 real = 0:00:01.0 mem = 392.1M
Iteration  8: Total net bbox = 3.758e+04 (2.16e+04 1.60e+04)
              Est.  stn bbox = 4.894e+04 (2.82e+04 2.08e+04)
              cpu = 0:00:00.5 real = 0:00:01.0 mem = 392.5M
Iteration  9: Total net bbox = 3.898e+04 (2.13e+04 1.77e+04)
              Est.  stn bbox = 3.898e+04 (2.13e+04 1.77e+04)
              cpu = 0:00:00.3 real = 0:00:00.0 mem = 393.4M
Iteration 10: Total net bbox = 4.217e+04 (2.44e+04 1.78e+04)
              Est.  stn bbox = 5.346e+04 (3.09e+04 2.26e+04)
              cpu = 0:00:00.8 real = 0:00:00.0 mem = 393.4M
Iteration 11: Total net bbox = 4.512e+04 (2.73e+04 1.78e+04)
              Est.  stn bbox = 5.664e+04 (3.40e+04 2.26e+04)
              cpu = 0:00:00.0 real = 0:00:00.0 mem = 393.4M
*** cost = 4.512e+04 (2.73e+04 1.78e+04) (cpu for global=0:00:02.8) real=0:00:02.0***
Core Placement runtime cpu: 0:00:02.2 real: 0:00:01.0
Starting refinePlace ...
Placement tweakage begins.
wire length = 4.551e+04 = 2.758e+04 H + 1.793e+04 V
wire length = 4.050e+04 = 2.267e+04 H + 1.783e+04 V
Placement tweakage ends.
Statistics of distance of Instance movement in detailed placement:
  maximum (X+Y) =        23.78 um
  inst (U4/ALU_OUT_TEMP_reg[8]) with max move: (148.42, 81.59) -> (166.46, 75.85)
  mean    (X+Y) =         4.96 um
Total instances flipped : 28
Total instances moved : 1009
*** cpu=0:00:00.0   mem=392.8M  mem(used)=0.0M***
Total net length = 4.057e+04 (2.268e+04 1.789e+04) (ext = 2.029e+03)
*** End of Placement (cpu=0:00:09.0, real=0:00:09.0, mem=392.8M) ***
default core: bins with density >  0.75 = 35.2 % ( 19 / 54 )
*** Free Virtual Timing Model ...(mem=392.8M)
Starting IO pin assignment...
**WARN: (SOCSP-9025):	No scan chain specified/traced.
setAnalysisMode  -domain allClockDomain -checkType setup -skew true -usefulSkew false -log true -warn true -caseAnalysis true -sequentialConstProp false -moduleIOCstr true -clockPropagation forcedIdeal -clkSrcPath false -timingSelfLoopsNoSkew false -asyncChecks async -useOutputPinCap true -latch true -latchDelayCalIteration 2 -timeBorrowing true -latchFullDelayCal false -clockGatingCheck true -enableMultipleDriveNet true -analysisType bcWc -cppr false -clkNetsMarking beforeConstProp -honorVirtualPartition false -honorClockDomains true
**optDesign ... cpu = 0:00:00, real = 0:00:00, mem = 392.8M **
Added -handlePreroute to trialRouteMode
*** optDesign -preCTS ***
DRC Margin: user margin 0.0; extra margin 0.2
Setup Target Slack: user slack 0.0; extra slack 0.1
Hold Target Slack: user slack 0.0
*info: Setting setup target slack to 0.100
*info: Hold target slack is 0.000
*** CTE mode ***
*** Starting trialRoute (mem=392.8M) ***

There are 0 pin guide points passed to trialRoute.
Options:  -handlePreroute -noPinGuide

Nr of prerouted/Fixed nets = 0
routingBox: (0 0) (480940 320940)
coreBox:    (8200 8200) (472940 312940)
Number of multi-gpin terms=176, multi-gpins=355, moved blk term=0/95

Phase 1a route (0:00:00.0 392.8M):
Est net length = 5.245e+04um = 2.775e+04H + 2.470e+04V
Usage: (14.9%H 15.9%V) = (3.353e+04um 4.293e+04um) = (16270 14958)
Obstruct: 51 = 0 (0.0%H) + 51 (0.8%V)
Overflow: 13 = 0 (0.00% H) + 13 (0.20% V)
Number obstruct path=24 reroute=0

Phase 1b route (0:00:00.0 392.8M):
Usage: (14.9%H 15.9%V) = (3.351e+04um 4.298e+04um) = (16262 14976)
Overflow: 13 = 0 (0.00% H) + 13 (0.20% V)

Phase 1c route (0:00:00.0 392.8M):
Usage: (14.8%H 15.9%V) = (3.337e+04um 4.289e+04um) = (16191 14945)
Overflow: 13 = 0 (0.00% H) + 13 (0.20% V)

Phase 1d route (0:00:00.0 392.8M):
Usage: (14.8%H 15.9%V) = (3.337e+04um 4.290e+04um) = (16191 14946)
Overflow: 12 = 0 (0.00% H) + 12 (0.18% V)

Phase 1e route (0:00:00.0 392.8M):
Usage: (14.8%H 15.9%V) = (3.337e+04um 4.290e+04um) = (16191 14946)
Overflow: 11 = 0 (0.00% H) + 11 (0.17% V)

Phase 1f route (0:00:00.0 392.8M):
Usage: (14.8%H 15.9%V) = (3.338e+04um 4.290e+04um) = (16200 14948)
Overflow: 6 = 0 (0.00% H) + 6 (0.09% V)

Congestion distribution:

Remain	cntH		cntV
--------------------------------------
 -1:	0	 0.00%	6	 0.09%
--------------------------------------
  0:	0	 0.00%	36	 0.55%
  1:	0	 0.00%	42	 0.65%
  2:	0	 0.00%	95	 1.46%
  3:	0	 0.00%	39	 0.60%
  4:	0	 0.00%	4	 0.06%
  5:	6	 0.09%	29	 0.45%
  6:	4	 0.06%	120	 1.85%
  7:	227	 3.46%	34	 0.52%
  8:	23	 0.35%	106	 1.63%
  9:	152	 2.32%	211	 3.24%
 10:	214	 3.26%	388	 5.97%
 11:	235	 3.59%	802	12.33%
 12:	412	 6.29%	1035	15.91%
 13:	755	11.52%	1340	20.60%
 14:	1094	16.69%	1061	16.31%
 15:	1241	18.93%	1127	17.33%
 16:	1069	16.31%	11	 0.17%
 17:	801	12.22%	4	 0.06%
 18:	322	 4.91%	10	 0.15%
 20:	0	 0.00%	4	 0.06%



*** Memory Usage v0.144 (Current mem = 392.793M, initial mem = 62.238M) ***
Phase 1l route (0:00:00.1 392.8M):


*** After '-updateRemainTrks' operation: 

Usage: (15.1%H 16.2%V) = (3.409e+04um 4.370e+04um) = (16536 15226)
Overflow: 20 = 0 (0.00% H) + 20 (0.30% V)

Congestion distribution:

Remain	cntH		cntV
--------------------------------------
 -3:	0	 0.00%	1	 0.02%
 -2:	0	 0.00%	2	 0.03%
 -1:	0	 0.00%	15	 0.23%
--------------------------------------
  0:	0	 0.00%	35	 0.54%
  1:	0	 0.00%	44	 0.68%
  2:	0	 0.00%	82	 1.26%
  3:	0	 0.00%	40	 0.62%
  4:	0	 0.00%	7	 0.11%
  5:	6	 0.09%	38	 0.58%
  6:	4	 0.06%	115	 1.77%
  7:	227	 3.46%	38	 0.58%
  8:	25	 0.38%	128	 1.97%
  9:	158	 2.41%	199	 3.06%
 10:	232	 3.54%	382	 5.87%
 11:	259	 3.95%	784	12.05%
 12:	413	 6.30%	1060	16.30%
 13:	762	11.62%	1330	20.45%
 14:	1096	16.72%	1049	16.13%
 15:	1229	18.75%	1125	17.30%
 16:	1048	15.99%	12	 0.18%
 17:	780	11.90%	4	 0.06%
 18:	316	 4.82%	10	 0.15%
 20:	0	 0.00%	4	 0.06%



*** Completed Phase 1 route (0:00:00.1 392.8M) ***


Total length: 5.433e+04um, number of vias: 15490
M1(H) length: 1.145e+00um, number of vias: 7701
M2(V) length: 2.203e+04um, number of vias: 6897
M3(H) length: 2.528e+04um, number of vias: 756
M4(V) length: 4.891e+03um, number of vias: 132
M5(H) length: 2.111e+03um, number of vias: 4
M6(V) length: 1.271e+01um, number of vias: 0
M7(H) length: 0.000e+00um
*** Completed Phase 2 route (0:00:00.0 392.8M) ***

*** Finished all Phases (cpu=0:00:00.1 mem=392.8M) ***
Peak Memory Usage was 392.8M 
*** Finished trialRoute (cpu=0:00:00.1 mem=392.8M) ***

Default RC Extraction called for design SYS_TOP.
RC Extraction called in multi-corner(1) mode.
RCMode: Default
      RC Corner Indexes            0   
Capacitance Scaling Factor   : 1.00000 
Coupling Cap. Scaling Factor : 1.00000 
Resistance Scaling Factor    : 1.00000 
Shrink Factor                : 1.00000
Default RC extraction is honoring NDR/Shielding/ExtraSpace for clock nets.
Using detail cap. scale factor for clock nets.
Initializing multi-corner capacitance tables ... 
Initializing multi-corner resistance tables ...
Default RC Extraction DONE (CPU Time: 0:00:00.0  Real Time: 0:00:00.0  MEM: 392.793M)
Calculate delays in BcWc mode...
Topological Sorting (CPU = 0:00:00.0, MEM = 392.8M)
Number of Loop : 0
Start delay calculation (mem=392.793M)...
Delay calculation completed.
(0:00:00.2 392.793M 0)
Calculate delays in BcWc mode...
Topological Sorting (CPU = 0:00:00.0, MEM = 392.8M)
Number of Loop : 0
Start delay calculation (mem=392.793M)...
Delay calculation completed.
(0:00:00.1 392.793M 0)
Calculate delays in BcWc mode...
Topological Sorting (CPU = 0:00:00.0, MEM = 392.8M)
Number of Loop : 0
Start delay calculation (mem=392.793M)...
Delay calculation completed.
(0:00:00.1 392.793M 0)
*** CDM Built up (cpu=0:00:00.4  mem= 392.8M) ***
*info: Start fixing DRV (Mem = 392.79M) ...
*info: Options = -maxCap -maxTran -noMaxFanout -sensitivity -backward -reduceBuffer -maxIter 1
*info: Start fixing DRV iteration 1 ...
*** Starting dpFixDRCViolation (392.8M)
*info: 18 clock nets excluded
*info: 2 special nets excluded.
*info: 55 no-driver nets excluded.
*** Starting multi-driver net buffering ***
*summary: 0 non-ignored multi-driver nets.
*** Finished buffering multi-driver nets (CPU=0:00:00.0, MEM=392.8M) ***
*info: There are 80 candidate Buffer cells
*info: There are 80 candidate Inverter cells
Initializing placement sections/sites ...
Density before buffering = 0.707581
Start fixing design rules ... (0:00:00.0 392.8M)
Done fixing design rule (0:00:01.0 392.8M)

Summary:
7 buffers added on 5 nets (with 23 drivers resized)

Density after buffering = 0.709414
*** Completed dpFixDRCViolation (0:00:01.0 392.8M)

*** Starting trialRoute (mem=392.8M) ***

There are 0 pin guide points passed to trialRoute.
Options:  -handlePreroute -keepMarkedOptRoutes -noPinGuide

Nr of prerouted/Fixed nets = 0
routingBox: (0 0) (480940 320940)
coreBox:    (8200 8200) (472940 312940)
Number of multi-gpin terms=177, multi-gpins=355, moved blk term=0/95

Phase 1a route (0:00:00.0 392.8M):
Est net length = 5.243e+04um = 2.772e+04H + 2.471e+04V
Usage: (14.9%H 15.9%V) = (3.350e+04um 4.296e+04um) = (16256 14970)
Obstruct: 51 = 0 (0.0%H) + 51 (0.8%V)
Overflow: 13 = 0 (0.00% H) + 13 (0.20% V)
Number obstruct path=27 reroute=0

Phase 1b route (0:00:00.0 392.8M):
Usage: (14.9%H 15.9%V) = (3.348e+04um 4.302e+04um) = (16248 14988)
Overflow: 13 = 0 (0.00% H) + 13 (0.20% V)

Phase 1c route (0:00:00.0 392.8M):
Usage: (14.8%H 15.9%V) = (3.334e+04um 4.293e+04um) = (16180 14957)
Overflow: 13 = 0 (0.00% H) + 13 (0.20% V)

Phase 1d route (0:00:00.0 392.8M):
Usage: (14.8%H 15.9%V) = (3.334e+04um 4.293e+04um) = (16180 14958)
Overflow: 12 = 0 (0.00% H) + 12 (0.18% V)

Phase 1e route (0:00:00.0 392.8M):
Usage: (14.8%H 15.9%V) = (3.334e+04um 4.293e+04um) = (16180 14958)
Overflow: 11 = 0 (0.00% H) + 11 (0.17% V)

Phase 1f route (0:00:00.0 392.8M):
Usage: (14.8%H 15.9%V) = (3.336e+04um 4.294e+04um) = (16189 14962)
Overflow: 5 = 0 (0.00% H) + 5 (0.08% V)

Congestion distribution:

Remain	cntH		cntV
--------------------------------------
 -1:	0	 0.00%	5	 0.08%
--------------------------------------
  0:	0	 0.00%	38	 0.58%
  1:	0	 0.00%	42	 0.65%
  2:	0	 0.00%	95	 1.46%
  3:	0	 0.00%	38	 0.58%
  4:	0	 0.00%	4	 0.06%
  5:	6	 0.09%	30	 0.46%
  6:	2	 0.03%	123	 1.89%
  7:	228	 3.48%	34	 0.52%
  8:	21	 0.32%	101	 1.55%
  9:	154	 2.35%	204	 3.14%
 10:	212	 3.23%	404	 6.21%
 11:	244	 3.72%	789	12.13%
 12:	410	 6.25%	1037	15.94%
 13:	752	11.47%	1350	20.76%
 14:	1093	16.67%	1059	16.28%
 15:	1237	18.87%	1122	17.25%
 16:	1070	16.32%	11	 0.17%
 17:	799	12.19%	4	 0.06%
 18:	327	 4.99%	10	 0.15%
 20:	0	 0.00%	4	 0.06%


Using detail cap. scale factor for clock nets.
Initializing multi-corner capacitance tables ... 
Initializing multi-corner resistance tables ...

*** Memory Usage v0.144 (Current mem = 392.793M, initial mem = 62.238M) ***
Phase 1l route (0:00:00.1 392.8M):


*** After '-updateRemainTrks' operation: 

Usage: (15.1%H 16.2%V) = (3.404e+04um 4.371e+04um) = (16515 15229)
Overflow: 17 = 0 (0.00% H) + 17 (0.26% V)

Congestion distribution:

Remain	cntH		cntV
--------------------------------------
 -3:	0	 0.00%	1	 0.02%
 -2:	0	 0.00%	1	 0.02%
 -1:	0	 0.00%	14	 0.22%
--------------------------------------
  0:	0	 0.00%	35	 0.54%
  1:	0	 0.00%	46	 0.71%
  2:	0	 0.00%	83	 1.28%
  3:	0	 0.00%	39	 0.60%
  4:	0	 0.00%	8	 0.12%
  5:	6	 0.09%	36	 0.55%
  6:	2	 0.03%	118	 1.81%
  7:	228	 3.48%	43	 0.66%
  8:	23	 0.35%	116	 1.78%
  9:	161	 2.46%	200	 3.08%
 10:	225	 3.43%	389	 5.98%
 11:	269	 4.10%	783	12.04%
 12:	415	 6.33%	1049	16.13%
 13:	750	11.44%	1345	20.68%
 14:	1101	16.80%	1048	16.11%
 15:	1232	18.79%	1120	17.22%
 16:	1044	15.93%	12	 0.18%
 17:	778	11.87%	4	 0.06%
 18:	321	 4.90%	10	 0.15%
 20:	0	 0.00%	4	 0.06%



*** Completed Phase 1 route (0:00:00.2 392.8M) ***


Total length: 5.434e+04um, number of vias: 15482
M1(H) length: 1.145e+00um, number of vias: 7715
M2(V) length: 2.206e+04um, number of vias: 6895
M3(H) length: 2.531e+04um, number of vias: 746
M4(V) length: 4.891e+03um, number of vias: 124
M5(H) length: 2.068e+03um, number of vias: 2
M6(V) length: 9.840e+00um, number of vias: 0
M7(H) length: 0.000e+00um
*** Completed Phase 2 route (0:00:00.1 392.8M) ***

*** Finished all Phases (cpu=0:00:00.2 mem=392.8M) ***
Peak Memory Usage was 392.8M 
*** Finished trialRoute (cpu=0:00:00.2 mem=392.8M) ***

Default RC Extraction called for design SYS_TOP.
RC Extraction called in multi-corner(1) mode.
RCMode: Default
      RC Corner Indexes            0   
Capacitance Scaling Factor   : 1.00000 
Coupling Cap. Scaling Factor : 1.00000 
Resistance Scaling Factor    : 1.00000 
Shrink Factor                : 1.00000
Default RC extraction is honoring NDR/Shielding/ExtraSpace for clock nets.
Using detail cap. scale factor for clock nets.
Initializing multi-corner capacitance tables ... 
Initializing multi-corner resistance tables ...
Default RC Extraction DONE (CPU Time: 0:00:00.1  Real Time: 0:00:00.0  MEM: 392.793M)
Calculate delays in BcWc mode...
Topological Sorting (CPU = 0:00:00.0, MEM = 392.8M)
Number of Loop : 0
Start delay calculation (mem=392.793M)...
Delay calculation completed.
(0:00:00.2 392.793M 0)
Calculate delays in BcWc mode...
Topological Sorting (CPU = 0:00:00.0, MEM = 392.8M)
Number of Loop : 0
Start delay calculation (mem=392.793M)...
Delay calculation completed.
(0:00:00.1 392.793M 0)
Calculate delays in BcWc mode...
Topological Sorting (CPU = 0:00:00.0, MEM = 392.8M)
Number of Loop : 0
Start delay calculation (mem=392.793M)...
Delay calculation completed.
(0:00:00.1 392.793M 0)
*** CDM Built up (cpu=0:00:00.4  mem= 392.8M) ***
*info: DRV Fixing Iteration 1.
*info: Remaining violations:
*info:   Max cap violations:    0
*info:   Max tran violations:   0
*info:   Prev Max cap violations:    10
*info:   Prev Max tran violations:   607
*info:
*info: Completed fixing DRV (CPU Time = 0:00:02, Mem = 392.79M).
**optDesign ... cpu = 0:00:03, real = 0:00:03, mem = 392.8M **
*** Starting optFanout (392.8M)
*info: 18 clock nets excluded
*info: 2 special nets excluded.
*info: 55 no-driver nets excluded.
*** Starting multi-driver net buffering ***
*summary: 0 non-ignored multi-driver nets.
*** Finished buffering multi-driver nets (CPU=0:00:00.0, MEM=392.8M) ***
Start fixing timing ... (0:00:00.0 392.8M)
*info: Buffered 0 large fanout net (> 100 terms)
Done fixing timing (0:00:00.1 392.8M)

Summary:
0 buffer added on 0 net (with 0 driver resized)

Density after buffering = 0.709414
*** Completed optFanout (0:00:00.1 392.8M)

**optDesign ... cpu = 0:00:03, real = 0:00:03, mem = 392.8M **
*** Timing Is met
*** Check timing (0:00:00.0)
************ Recovering area ***************
Info: 18 clock nets excluded from IPO operation.
*** Starting Area Reclaim ***
** Density before area reclaim = 70.941% **

*** starting 1-st reclaim pass: 1447 instances 
*** starting 2-nd reclaim pass: 9 instances 


** Area Reclaim Summary: Buffer Deletion = 0 Declone = 2 Downsize = 2 **
** Density Change = 0.027% **
** Density after area reclaim = 70.915% **
*** Finished Area Reclaim (0:00:01.1) ***
density before resizing = 70.915%
density after resizing = 70.915%
*** Starting trialRoute (mem=392.8M) ***

There are 0 pin guide points passed to trialRoute.
Options:  -handlePreroute -keepMarkedOptRoutes -noPinGuide

Nr of prerouted/Fixed nets = 0
routingBox: (0 0) (480940 320940)
coreBox:    (8200 8200) (472940 312940)
Number of multi-gpin terms=177, multi-gpins=355, moved blk term=0/95

Phase 1a route (0:00:00.0 392.8M):
Est net length = 5.242e+04um = 2.772e+04H + 2.470e+04V
Usage: (14.9%H 15.9%V) = (3.350e+04um 4.296e+04um) = (16255 14967)
Obstruct: 51 = 0 (0.0%H) + 51 (0.8%V)
Overflow: 13 = 0 (0.00% H) + 13 (0.20% V)
Number obstruct path=27 reroute=0

Phase 1b route (0:00:00.0 392.8M):
Usage: (14.9%H 15.9%V) = (3.348e+04um 4.301e+04um) = (16246 14985)
Overflow: 13 = 0 (0.00% H) + 13 (0.20% V)

Phase 1c route (0:00:00.0 392.8M):
Usage: (14.8%H 15.9%V) = (3.334e+04um 4.292e+04um) = (16180 14954)
Overflow: 13 = 0 (0.00% H) + 13 (0.20% V)

Phase 1d route (0:00:00.0 392.8M):
Usage: (14.8%H 15.9%V) = (3.334e+04um 4.292e+04um) = (16180 14955)
Overflow: 12 = 0 (0.00% H) + 12 (0.18% V)

Phase 1e route (0:00:00.0 392.8M):
Usage: (14.8%H 15.9%V) = (3.334e+04um 4.292e+04um) = (16180 14955)
Overflow: 11 = 0 (0.00% H) + 11 (0.17% V)

Phase 1f route (0:00:00.0 392.8M):
Usage: (14.8%H 15.9%V) = (3.336e+04um 4.293e+04um) = (16189 14959)
Overflow: 5 = 0 (0.00% H) + 5 (0.08% V)

Congestion distribution:

Remain	cntH		cntV
--------------------------------------
 -1:	0	 0.00%	5	 0.08%
--------------------------------------
  0:	0	 0.00%	38	 0.58%
  1:	0	 0.00%	42	 0.65%
  2:	0	 0.00%	95	 1.46%
  3:	0	 0.00%	38	 0.58%
  4:	0	 0.00%	4	 0.06%
  5:	6	 0.09%	30	 0.46%
  6:	2	 0.03%	123	 1.89%
  7:	228	 3.48%	34	 0.52%
  8:	21	 0.32%	100	 1.54%
  9:	154	 2.35%	205	 3.15%
 10:	211	 3.22%	405	 6.23%
 11:	244	 3.72%	789	12.13%
 12:	413	 6.30%	1035	15.91%
 13:	754	11.50%	1349	20.74%
 14:	1085	16.55%	1060	16.30%
 15:	1241	18.93%	1123	17.27%
 16:	1070	16.32%	11	 0.17%
 17:	799	12.19%	4	 0.06%
 18:	327	 4.99%	10	 0.15%
 20:	0	 0.00%	4	 0.06%


Using detail cap. scale factor for clock nets.
Initializing multi-corner capacitance tables ... 
Initializing multi-corner resistance tables ...

*** Memory Usage v0.144 (Current mem = 392.793M, initial mem = 62.238M) ***
Phase 1l route (0:00:00.1 392.8M):


*** After '-updateRemainTrks' operation: 

Usage: (15.1%H 16.2%V) = (3.404e+04um 4.369e+04um) = (16513 15223)
Overflow: 17 = 0 (0.00% H) + 17 (0.26% V)

Congestion distribution:

Remain	cntH		cntV
--------------------------------------
 -3:	0	 0.00%	1	 0.02%
 -2:	0	 0.00%	1	 0.02%
 -1:	0	 0.00%	14	 0.22%
--------------------------------------
  0:	0	 0.00%	35	 0.54%
  1:	0	 0.00%	46	 0.71%
  2:	0	 0.00%	83	 1.28%
  3:	0	 0.00%	39	 0.60%
  4:	0	 0.00%	8	 0.12%
  5:	6	 0.09%	36	 0.55%
  6:	2	 0.03%	118	 1.81%
  7:	228	 3.48%	43	 0.66%
  8:	23	 0.35%	115	 1.77%
  9:	161	 2.46%	201	 3.09%
 10:	224	 3.42%	390	 6.00%
 11:	269	 4.10%	780	11.99%
 12:	418	 6.38%	1051	16.16%
 13:	752	11.47%	1342	20.63%
 14:	1092	16.66%	1050	16.14%
 15:	1236	18.86%	1121	17.24%
 16:	1045	15.94%	12	 0.18%
 17:	778	11.87%	4	 0.06%
 18:	321	 4.90%	10	 0.15%
 20:	0	 0.00%	4	 0.06%



*** Completed Phase 1 route (0:00:00.1 392.8M) ***


Total length: 5.436e+04um, number of vias: 15473
M1(H) length: 1.145e+00um, number of vias: 7711
M2(V) length: 2.207e+04um, number of vias: 6892
M3(H) length: 2.532e+04um, number of vias: 744
M4(V) length: 4.887e+03um, number of vias: 124
M5(H) length: 2.069e+03um, number of vias: 2
M6(V) length: 9.840e+00um, number of vias: 0
M7(H) length: 0.000e+00um
*** Completed Phase 2 route (0:00:00.1 392.8M) ***

*** Finished all Phases (cpu=0:00:00.2 mem=392.8M) ***
Peak Memory Usage was 392.8M 
*** Finished trialRoute (cpu=0:00:00.2 mem=392.8M) ***

Default RC Extraction called for design SYS_TOP.
RC Extraction called in multi-corner(1) mode.
RCMode: Default
      RC Corner Indexes            0   
Capacitance Scaling Factor   : 1.00000 
Coupling Cap. Scaling Factor : 1.00000 
Resistance Scaling Factor    : 1.00000 
Shrink Factor                : 1.00000
Default RC extraction is honoring NDR/Shielding/ExtraSpace for clock nets.
Using detail cap. scale factor for clock nets.
Initializing multi-corner capacitance tables ... 
Initializing multi-corner resistance tables ...
Default RC Extraction DONE (CPU Time: 0:00:00.0  Real Time: 0:00:00.0  MEM: 392.793M)
Calculate delays in BcWc mode...
Topological Sorting (CPU = 0:00:00.0, MEM = 392.8M)
Number of Loop : 0
Start delay calculation (mem=392.793M)...
Delay calculation completed.
(0:00:00.1 392.793M 0)
Calculate delays in BcWc mode...
Topological Sorting (CPU = 0:00:00.0, MEM = 392.8M)
Number of Loop : 0
Start delay calculation (mem=392.793M)...
Delay calculation completed.
(0:00:00.1 392.793M 0)
Calculate delays in BcWc mode...
Topological Sorting (CPU = 0:00:00.0, MEM = 392.8M)
Number of Loop : 0
Start delay calculation (mem=392.793M)...
Delay calculation completed.
(0:00:00.1 392.793M 0)
*** CDM Built up (cpu=0:00:00.4  mem= 392.8M) ***
**optDesign ... cpu = 0:00:06, real = 0:00:05, mem = 392.8M **
*** Timing Is met
*** Check timing (0:00:00.1)
setClockDomains -fromType register -toType register 
**WARN: (SOCCTE-318):	Paths not in the reg2reg domain will be added 1000ns slack adjustment
*** Timing Is met
*** Check timing (0:00:00.1)
**optDesign ... cpu = 0:00:06, real = 0:00:06, mem = 392.8M **
*** Finished optDesign ***
*** Starting "NanoPlace(TM) placement v0.845 (mem=392.8M)" ...
*** Build Buffered Sizing Timing Model (Used Compact Buffer Set) ...(cpu=0:00:03.6 mem=392.8M) ***
*** Build Virtual Sizing Timing Model
(cpu=0:00:04.4 mem=393.1M) ***
Options: timingDriven ignoreSpare pinGuide gpeffort=medium 
#std cell=1790 #block=0 (0 floating + 0 preplaced) #ioInst=0 #net=1917 #term=7730 #term/net=4.03, #fixedIo=0, #floatIo=0, #fixedPin=19, #floatPin=0
stdCell: 1790 single + 0 double + 0 multi
Total standard cell length = 8.7219 (mm), area = 0.0250 (mm^2)
Average module density = 0.709.
Density for the design = 0.709.
       = stdcell_area 21273 (25032 um^2) / alloc_area 29998 (35299 um^2).
Pin Density = 0.363.
            = total # of pins 7730 / total Instance area 21273.
Identified 1 spare or floating instance, with no clusters.
Iteration 11: Total net bbox = 4.250e+04 (2.45e+04 1.80e+04)
              Est.  stn bbox = 5.394e+04 (3.10e+04 2.30e+04)
              cpu = 0:00:00.6 real = 0:00:01.0 mem = 396.9M
Iteration 12: Total net bbox = 4.532e+04 (2.73e+04 1.80e+04)
              Est.  stn bbox = 5.701e+04 (3.40e+04 2.30e+04)
              cpu = 0:00:00.0 real = 0:00:00.0 mem = 396.9M
*** cost = 4.532e+04 (2.73e+04 1.80e+04) (cpu for global=0:00:00.7) real=0:00:01.0***
Core Placement runtime cpu: 0:00:00.6 real: 0:00:01.0
Starting refinePlace ...
Placement tweakage begins.
wire length = 4.587e+04 = 2.773e+04 H + 1.813e+04 V
wire length = 4.069e+04 = 2.269e+04 H + 1.800e+04 V
Placement tweakage ends.
Statistics of distance of Instance movement in detailed placement:
  maximum (X+Y) =        32.39 um
  inst (FE_OFC6_SE) with max move: (42.64, 133.25) -> (75.03, 133.25)
  mean    (X+Y) =         4.85 um
Total instances flipped : 31
Total instances moved : 1026
*** cpu=0:00:00.0   mem=395.7M  mem(used)=0.0M***
Total net length = 4.072e+04 (2.270e+04 1.803e+04) (ext = 1.862e+03)
*** End of Placement (cpu=0:00:06.5, real=0:00:06.0, mem=395.7M) ***
default core: bins with density >  0.75 = 35.2 % ( 19 / 54 )
*** Free Virtual Timing Model ...(mem=395.7M)
Starting IO pin assignment...
**WARN: (SOCSP-9025):	No scan chain specified/traced.
*** Finishing placeDesign concurrent flow ***
**placeDesign ... cpu = 0: 0:22, real = 0: 0:22, mem = 395.7M **
<CMD> addTieHiLo -cell TIELOM -prefix LTIE
No constraint set for distance
No constraint set for fanout
Existing tie instances of cell TIELOM, if found would be deleted
Deleted 0 physical inst  (cell TIELOM / prefix -).
Deleted 0 logical insts of cell TIELOM with prefix LTIE
INFO: Total Number of Tie Cells (TIELOM) placed: 3
<CMD> addTieHiLo -cell TIEHIM -prefix HTIE
No constraint set for distance
No constraint set for fanout
Existing tie instances of cell TIEHIM, if found would be deleted
Deleted 0 physical inst  (cell TIEHIM / prefix -).
Deleted 0 logical insts of cell TIEHIM with prefix HTIE
INFO: Total Number of Tie Cells (TIEHIM) placed: 5
<CMD> globalNetConnect VDD -type pgpin -pin VDD -inst *
<CMD> globalNetConnect VSS -type pgpin -pin VSS -inst *
<CMD> clockDesign -genSpecOnly Clock.ctstch
<clockDesign INFO> 'setCTSMode -routeClkNet true' is set inside clockDesign.

<clockDesign CMD> createClockTreeSpec -output Clock.ctstch

******* createClockTreeSpec begin *******
Options:  -output Clock.ctstch 
createClockTreeSpec extracts the buffer list automatically.
CTE Mode
*Info: Try to find ThroughPin for generated clock TX_CLK
*Info: Found ThroughPin: U9/MULTI_FF_reg[1] (CK->Q)
*Info: Found ThroughPin: U1_TX/o_div_clk_reg_reg (CK->QN)
*Info: Try to find ThroughPin for generated clock RX_CLK
*Info: Found ThroughPin: U9/MULTI_FF_reg[1] (CK->Q)
*Info: Found ThroughPin: U2_RX/o_div_clk_reg_reg (CK->QN)
*Info: Try to find ThroughPin for generated clock TX_CLK
*Info: Found ThroughPin: U9/MULTI_FF_reg[1] (CK->Q)
*Info: Found ThroughPin: U1_TX/o_div_clk_reg_reg (CK->QN)
*Info: Try to find ThroughPin for generated clock RX_CLK
*Info: Found ThroughPin: U9/MULTI_FF_reg[1] (CK->Q)
*Info: Found ThroughPin: U2_RX/o_div_clk_reg_reg (CK->QN)
*Info: Try to find ThroughPin for generated clock TX_CLK
*Info: Found ThroughPin: U9/MULTI_FF_reg[1] (CK->Q)
*Info: Found ThroughPin: U1_TX/o_div_clk_reg_reg (CK->QN)
*Info: Try to find ThroughPin for generated clock RX_CLK
*Info: Found ThroughPin: U9/MULTI_FF_reg[1] (CK->Q)
*Info: Found ThroughPin: U2_RX/o_div_clk_reg_reg (CK->QN)
*Info: Try to find ThroughPin for generated clock TX_CLK
*Info: Found ThroughPin: U9/MULTI_FF_reg[1] (CK->Q)
*Info: Found ThroughPin: U1_TX/o_div_clk_reg_reg (CK->QN)
*Info: Try to find ThroughPin for generated clock RX_CLK
*Info: Found ThroughPin: U9/MULTI_FF_reg[1] (CK->Q)
*Info: Found ThroughPin: U2_RX/o_div_clk_reg_reg (CK->QN)
*Info: Try to find ThroughPin for generated clock TX_CLK
*Info: Found ThroughPin: U9/MULTI_FF_reg[1] (CK->Q)
*Info: Found ThroughPin: U1_TX/o_div_clk_reg_reg (CK->QN)
*Info: Try to find ThroughPin for generated clock RX_CLK
*Info: Found ThroughPin: U9/MULTI_FF_reg[1] (CK->Q)
*Info: Found ThroughPin: U2_RX/o_div_clk_reg_reg (CK->QN)
*Info: Try to find ThroughPin for generated clock TX_CLK
*Info: Found ThroughPin: U9/MULTI_FF_reg[1] (CK->Q)
*Info: Found ThroughPin: U1_TX/o_div_clk_reg_reg (CK->QN)
*Info: Try to find ThroughPin for generated clock RX_CLK
*Info: Found ThroughPin: U9/MULTI_FF_reg[1] (CK->Q)
*Info: Found ThroughPin: U2_RX/o_div_clk_reg_reg (CK->QN)
Total 3 clock roots are extracted.
*** End createClockTreeSpec (cpu=0:00:00.0, real=0:00:00.0, mem=395.7M) ***
<CMD> clockDesign -specFile Clock.ctstch -outDir clock_report -fixedInstBeforeCTS
<clockDesign INFO> 'setCTSMode -routeClkNet true' is set inside clockDesign.

<clockDesign CMD> cleanupSpecifyClockTree
<clockDesign CMD> specifyClockTree -file Clock.ctstch

Reading clock tree spec file 'Clock.ctstch' ...

RouteType               : FE_CTS_DEFAULT
PreferredExtraSpace     : 1
Shield                  : NONE
PreferLayer             : M3 M4 
RC Information for View setup1_analysis_view :
Est. Cap                : 0.146248(V=0.139886 H=0.15261) (ff/um) [7.31238e-05]
Est. Res                : 1.15(V=1.05 H=1.25)(ohm/um) [0.000575]
Est. Via Res            : 4(ohm) [7.75]
Est. Via Cap            : 0.154152(ff)
M1(H) w=0.16(um) s=0.18(um) p=0.41(um) es=0.66(um) cap=0.157(ff/um) res=2.38(ohm/um) viaRes=0(ohm) viaCap=0(ff)
M2(V) w=0.2(um) s=0.21(um) p=0.41(um) es=0.62(um) cap=0.153(ff/um) res=1.25(ohm/um) viaRes=3.75(ohm) viaCap=0.164232(ff)
M3(H) w=0.2(um) s=0.21(um) p=0.41(um) es=0.62(um) cap=0.153(ff/um) res=1.25(ohm/um) viaRes=4(ohm) viaCap=0.160393(ff)
M4(V) w=0.2(um) s=0.21(um) p=0.41(um) es=0.62(um) cap=0.14(ff/um) res=1.05(ohm/um) viaRes=4(ohm) viaCap=0.154152(ff)
M5(H) w=0.2(um) s=0.21(um) p=0.41(um) es=0.62(um) cap=0.106(ff/um) res=1.05(ohm/um) viaRes=2.4(ohm) viaCap=0.130276(ff)
M6(V) w=0.2(um) s=0.21(um) p=0.41(um) es=0.62(um) cap=0.106(ff/um) res=1.05(ohm/um) viaRes=2.4(ohm) viaCap=0.110787(ff)
M7(H) w=0.4(um) s=0.42(um) p=0.82(um) es=1.24(um) cap=0.133(ff/um) res=0.188(ohm/um) viaRes=2.33333(ohm) viaCap=0.220695(ff)

RC Information for View setup2_analysis_view :
Est. Cap                : 0.146248(V=0.139886 H=0.15261) (ff/um) [7.31238e-05]
Est. Res                : 1.15(V=1.05 H=1.25)(ohm/um) [0.000575]
Est. Via Res            : 4(ohm) [7.75]
Est. Via Cap            : 0.154152(ff)
M1(H) w=0.16(um) s=0.18(um) p=0.41(um) es=0.66(um) cap=0.157(ff/um) res=2.38(ohm/um) viaRes=0(ohm) viaCap=0(ff)
M2(V) w=0.2(um) s=0.21(um) p=0.41(um) es=0.62(um) cap=0.153(ff/um) res=1.25(ohm/um) viaRes=3.75(ohm) viaCap=0.164232(ff)
M3(H) w=0.2(um) s=0.21(um) p=0.41(um) es=0.62(um) cap=0.153(ff/um) res=1.25(ohm/um) viaRes=4(ohm) viaCap=0.160393(ff)
M4(V) w=0.2(um) s=0.21(um) p=0.41(um) es=0.62(um) cap=0.14(ff/um) res=1.05(ohm/um) viaRes=4(ohm) viaCap=0.154152(ff)
M5(H) w=0.2(um) s=0.21(um) p=0.41(um) es=0.62(um) cap=0.106(ff/um) res=1.05(ohm/um) viaRes=2.4(ohm) viaCap=0.130276(ff)
M6(V) w=0.2(um) s=0.21(um) p=0.41(um) es=0.62(um) cap=0.106(ff/um) res=1.05(ohm/um) viaRes=2.4(ohm) viaCap=0.110787(ff)
M7(H) w=0.4(um) s=0.42(um) p=0.82(um) es=1.24(um) cap=0.133(ff/um) res=0.188(ohm/um) viaRes=2.33333(ohm) viaCap=0.220695(ff)

RC Information for View setup3_analysis_view :
Est. Cap                : 0.146248(V=0.139886 H=0.15261) (ff/um) [7.31238e-05]
Est. Res                : 1.15(V=1.05 H=1.25)(ohm/um) [0.000575]
Est. Via Res            : 4(ohm) [7.75]
Est. Via Cap            : 0.154152(ff)
M1(H) w=0.16(um) s=0.18(um) p=0.41(um) es=0.66(um) cap=0.157(ff/um) res=2.38(ohm/um) viaRes=0(ohm) viaCap=0(ff)
M2(V) w=0.2(um) s=0.21(um) p=0.41(um) es=0.62(um) cap=0.153(ff/um) res=1.25(ohm/um) viaRes=3.75(ohm) viaCap=0.164232(ff)
M3(H) w=0.2(um) s=0.21(um) p=0.41(um) es=0.62(um) cap=0.153(ff/um) res=1.25(ohm/um) viaRes=4(ohm) viaCap=0.160393(ff)
M4(V) w=0.2(um) s=0.21(um) p=0.41(um) es=0.62(um) cap=0.14(ff/um) res=1.05(ohm/um) viaRes=4(ohm) viaCap=0.154152(ff)
M5(H) w=0.2(um) s=0.21(um) p=0.41(um) es=0.62(um) cap=0.106(ff/um) res=1.05(ohm/um) viaRes=2.4(ohm) viaCap=0.130276(ff)
M6(V) w=0.2(um) s=0.21(um) p=0.41(um) es=0.62(um) cap=0.106(ff/um) res=1.05(ohm/um) viaRes=2.4(ohm) viaCap=0.110787(ff)
M7(H) w=0.4(um) s=0.42(um) p=0.82(um) es=1.24(um) cap=0.133(ff/um) res=0.188(ohm/um) viaRes=2.33333(ohm) viaCap=0.220695(ff)

RC Information for View hold1_analysis_view :
Est. Cap                : 0.146248(V=0.139886 H=0.15261) (ff/um) [7.31238e-05]
Est. Res                : 1.15(V=1.05 H=1.25)(ohm/um) [0.000575]
Est. Via Res            : 4(ohm) [7.75]
Est. Via Cap            : 0.154152(ff)
M1(H) w=0.16(um) s=0.18(um) p=0.41(um) es=0.66(um) cap=0.157(ff/um) res=2.38(ohm/um) viaRes=0(ohm) viaCap=0(ff)
M2(V) w=0.2(um) s=0.21(um) p=0.41(um) es=0.62(um) cap=0.153(ff/um) res=1.25(ohm/um) viaRes=3.75(ohm) viaCap=0.164232(ff)
M3(H) w=0.2(um) s=0.21(um) p=0.41(um) es=0.62(um) cap=0.153(ff/um) res=1.25(ohm/um) viaRes=4(ohm) viaCap=0.160393(ff)
M4(V) w=0.2(um) s=0.21(um) p=0.41(um) es=0.62(um) cap=0.14(ff/um) res=1.05(ohm/um) viaRes=4(ohm) viaCap=0.154152(ff)
M5(H) w=0.2(um) s=0.21(um) p=0.41(um) es=0.62(um) cap=0.106(ff/um) res=1.05(ohm/um) viaRes=2.4(ohm) viaCap=0.130276(ff)
M6(V) w=0.2(um) s=0.21(um) p=0.41(um) es=0.62(um) cap=0.106(ff/um) res=1.05(ohm/um) viaRes=2.4(ohm) viaCap=0.110787(ff)
M7(H) w=0.4(um) s=0.42(um) p=0.82(um) es=1.24(um) cap=0.133(ff/um) res=0.188(ohm/um) viaRes=2.33333(ohm) viaCap=0.220695(ff)

RC Information for View hold2_analysis_view :
Est. Cap                : 0.146248(V=0.139886 H=0.15261) (ff/um) [7.31238e-05]
Est. Res                : 1.15(V=1.05 H=1.25)(ohm/um) [0.000575]
Est. Via Res            : 4(ohm) [7.75]
Est. Via Cap            : 0.154152(ff)
M1(H) w=0.16(um) s=0.18(um) p=0.41(um) es=0.66(um) cap=0.157(ff/um) res=2.38(ohm/um) viaRes=0(ohm) viaCap=0(ff)
M2(V) w=0.2(um) s=0.21(um) p=0.41(um) es=0.62(um) cap=0.153(ff/um) res=1.25(ohm/um) viaRes=3.75(ohm) viaCap=0.164232(ff)
M3(H) w=0.2(um) s=0.21(um) p=0.41(um) es=0.62(um) cap=0.153(ff/um) res=1.25(ohm/um) viaRes=4(ohm) viaCap=0.160393(ff)
M4(V) w=0.2(um) s=0.21(um) p=0.41(um) es=0.62(um) cap=0.14(ff/um) res=1.05(ohm/um) viaRes=4(ohm) viaCap=0.154152(ff)
M5(H) w=0.2(um) s=0.21(um) p=0.41(um) es=0.62(um) cap=0.106(ff/um) res=1.05(ohm/um) viaRes=2.4(ohm) viaCap=0.130276(ff)
M6(V) w=0.2(um) s=0.21(um) p=0.41(um) es=0.62(um) cap=0.106(ff/um) res=1.05(ohm/um) viaRes=2.4(ohm) viaCap=0.110787(ff)
M7(H) w=0.4(um) s=0.42(um) p=0.82(um) es=1.24(um) cap=0.133(ff/um) res=0.188(ohm/um) viaRes=2.33333(ohm) viaCap=0.220695(ff)

RC Information for View hold3_analysis_view :
Est. Cap                : 0.146248(V=0.139886 H=0.15261) (ff/um) [7.31238e-05]
Est. Res                : 1.15(V=1.05 H=1.25)(ohm/um) [0.000575]
Est. Via Res            : 4(ohm) [7.75]
Est. Via Cap            : 0.154152(ff)
M1(H) w=0.16(um) s=0.18(um) p=0.41(um) es=0.66(um) cap=0.157(ff/um) res=2.38(ohm/um) viaRes=0(ohm) viaCap=0(ff)
M2(V) w=0.2(um) s=0.21(um) p=0.41(um) es=0.62(um) cap=0.153(ff/um) res=1.25(ohm/um) viaRes=3.75(ohm) viaCap=0.164232(ff)
M3(H) w=0.2(um) s=0.21(um) p=0.41(um) es=0.62(um) cap=0.153(ff/um) res=1.25(ohm/um) viaRes=4(ohm) viaCap=0.160393(ff)
M4(V) w=0.2(um) s=0.21(um) p=0.41(um) es=0.62(um) cap=0.14(ff/um) res=1.05(ohm/um) viaRes=4(ohm) viaCap=0.154152(ff)
M5(H) w=0.2(um) s=0.21(um) p=0.41(um) es=0.62(um) cap=0.106(ff/um) res=1.05(ohm/um) viaRes=2.4(ohm) viaCap=0.130276(ff)
M6(V) w=0.2(um) s=0.21(um) p=0.41(um) es=0.62(um) cap=0.106(ff/um) res=1.05(ohm/um) viaRes=2.4(ohm) viaCap=0.110787(ff)
M7(H) w=0.4(um) s=0.42(um) p=0.82(um) es=1.24(um) cap=0.133(ff/um) res=0.188(ohm/um) viaRes=2.33333(ohm) viaCap=0.220695(ff)

RouteType               : FE_CTS_DEFAULT_LEAF
PreferredExtraSpace     : 1
Shield                  : NONE
PreferLayer             : M3 M4 
RC Information for View setup1_analysis_view :
Est. Cap                : 0.146248(V=0.139886 H=0.15261) (ff/um) [7.31238e-05]
Est. Res                : 1.15(V=1.05 H=1.25)(ohm/um) [0.000575]
Est. Via Res            : 4(ohm) [7.75]
Est. Via Cap            : 0.154152(ff)
M1(H) w=0.16(um) s=0.18(um) p=0.41(um) es=0.66(um) cap=0.157(ff/um) res=2.38(ohm/um) viaRes=0(ohm) viaCap=0(ff)
M2(V) w=0.2(um) s=0.21(um) p=0.41(um) es=0.62(um) cap=0.153(ff/um) res=1.25(ohm/um) viaRes=3.75(ohm) viaCap=0.164232(ff)
M3(H) w=0.2(um) s=0.21(um) p=0.41(um) es=0.62(um) cap=0.153(ff/um) res=1.25(ohm/um) viaRes=4(ohm) viaCap=0.160393(ff)
M4(V) w=0.2(um) s=0.21(um) p=0.41(um) es=0.62(um) cap=0.14(ff/um) res=1.05(ohm/um) viaRes=4(ohm) viaCap=0.154152(ff)
M5(H) w=0.2(um) s=0.21(um) p=0.41(um) es=0.62(um) cap=0.106(ff/um) res=1.05(ohm/um) viaRes=2.4(ohm) viaCap=0.130276(ff)
M6(V) w=0.2(um) s=0.21(um) p=0.41(um) es=0.62(um) cap=0.106(ff/um) res=1.05(ohm/um) viaRes=2.4(ohm) viaCap=0.110787(ff)
M7(H) w=0.4(um) s=0.42(um) p=0.82(um) es=1.24(um) cap=0.133(ff/um) res=0.188(ohm/um) viaRes=2.33333(ohm) viaCap=0.220695(ff)

RC Information for View setup2_analysis_view :
Est. Cap                : 0.146248(V=0.139886 H=0.15261) (ff/um) [7.31238e-05]
Est. Res                : 1.15(V=1.05 H=1.25)(ohm/um) [0.000575]
Est. Via Res            : 4(ohm) [7.75]
Est. Via Cap            : 0.154152(ff)
M1(H) w=0.16(um) s=0.18(um) p=0.41(um) es=0.66(um) cap=0.157(ff/um) res=2.38(ohm/um) viaRes=0(ohm) viaCap=0(ff)
M2(V) w=0.2(um) s=0.21(um) p=0.41(um) es=0.62(um) cap=0.153(ff/um) res=1.25(ohm/um) viaRes=3.75(ohm) viaCap=0.164232(ff)
M3(H) w=0.2(um) s=0.21(um) p=0.41(um) es=0.62(um) cap=0.153(ff/um) res=1.25(ohm/um) viaRes=4(ohm) viaCap=0.160393(ff)
M4(V) w=0.2(um) s=0.21(um) p=0.41(um) es=0.62(um) cap=0.14(ff/um) res=1.05(ohm/um) viaRes=4(ohm) viaCap=0.154152(ff)
M5(H) w=0.2(um) s=0.21(um) p=0.41(um) es=0.62(um) cap=0.106(ff/um) res=1.05(ohm/um) viaRes=2.4(ohm) viaCap=0.130276(ff)
M6(V) w=0.2(um) s=0.21(um) p=0.41(um) es=0.62(um) cap=0.106(ff/um) res=1.05(ohm/um) viaRes=2.4(ohm) viaCap=0.110787(ff)
M7(H) w=0.4(um) s=0.42(um) p=0.82(um) es=1.24(um) cap=0.133(ff/um) res=0.188(ohm/um) viaRes=2.33333(ohm) viaCap=0.220695(ff)

RC Information for View setup3_analysis_view :
Est. Cap                : 0.146248(V=0.139886 H=0.15261) (ff/um) [7.31238e-05]
Est. Res                : 1.15(V=1.05 H=1.25)(ohm/um) [0.000575]
Est. Via Res            : 4(ohm) [7.75]
Est. Via Cap            : 0.154152(ff)
M1(H) w=0.16(um) s=0.18(um) p=0.41(um) es=0.66(um) cap=0.157(ff/um) res=2.38(ohm/um) viaRes=0(ohm) viaCap=0(ff)
M2(V) w=0.2(um) s=0.21(um) p=0.41(um) es=0.62(um) cap=0.153(ff/um) res=1.25(ohm/um) viaRes=3.75(ohm) viaCap=0.164232(ff)
M3(H) w=0.2(um) s=0.21(um) p=0.41(um) es=0.62(um) cap=0.153(ff/um) res=1.25(ohm/um) viaRes=4(ohm) viaCap=0.160393(ff)
M4(V) w=0.2(um) s=0.21(um) p=0.41(um) es=0.62(um) cap=0.14(ff/um) res=1.05(ohm/um) viaRes=4(ohm) viaCap=0.154152(ff)
M5(H) w=0.2(um) s=0.21(um) p=0.41(um) es=0.62(um) cap=0.106(ff/um) res=1.05(ohm/um) viaRes=2.4(ohm) viaCap=0.130276(ff)
M6(V) w=0.2(um) s=0.21(um) p=0.41(um) es=0.62(um) cap=0.106(ff/um) res=1.05(ohm/um) viaRes=2.4(ohm) viaCap=0.110787(ff)
M7(H) w=0.4(um) s=0.42(um) p=0.82(um) es=1.24(um) cap=0.133(ff/um) res=0.188(ohm/um) viaRes=2.33333(ohm) viaCap=0.220695(ff)

RC Information for View hold1_analysis_view :
Est. Cap                : 0.146248(V=0.139886 H=0.15261) (ff/um) [7.31238e-05]
Est. Res                : 1.15(V=1.05 H=1.25)(ohm/um) [0.000575]
Est. Via Res            : 4(ohm) [7.75]
Est. Via Cap            : 0.154152(ff)
M1(H) w=0.16(um) s=0.18(um) p=0.41(um) es=0.66(um) cap=0.157(ff/um) res=2.38(ohm/um) viaRes=0(ohm) viaCap=0(ff)
M2(V) w=0.2(um) s=0.21(um) p=0.41(um) es=0.62(um) cap=0.153(ff/um) res=1.25(ohm/um) viaRes=3.75(ohm) viaCap=0.164232(ff)
M3(H) w=0.2(um) s=0.21(um) p=0.41(um) es=0.62(um) cap=0.153(ff/um) res=1.25(ohm/um) viaRes=4(ohm) viaCap=0.160393(ff)
M4(V) w=0.2(um) s=0.21(um) p=0.41(um) es=0.62(um) cap=0.14(ff/um) res=1.05(ohm/um) viaRes=4(ohm) viaCap=0.154152(ff)
M5(H) w=0.2(um) s=0.21(um) p=0.41(um) es=0.62(um) cap=0.106(ff/um) res=1.05(ohm/um) viaRes=2.4(ohm) viaCap=0.130276(ff)
M6(V) w=0.2(um) s=0.21(um) p=0.41(um) es=0.62(um) cap=0.106(ff/um) res=1.05(ohm/um) viaRes=2.4(ohm) viaCap=0.110787(ff)
M7(H) w=0.4(um) s=0.42(um) p=0.82(um) es=1.24(um) cap=0.133(ff/um) res=0.188(ohm/um) viaRes=2.33333(ohm) viaCap=0.220695(ff)

RC Information for View hold2_analysis_view :
Est. Cap                : 0.146248(V=0.139886 H=0.15261) (ff/um) [7.31238e-05]
Est. Res                : 1.15(V=1.05 H=1.25)(ohm/um) [0.000575]
Est. Via Res            : 4(ohm) [7.75]
Est. Via Cap            : 0.154152(ff)
M1(H) w=0.16(um) s=0.18(um) p=0.41(um) es=0.66(um) cap=0.157(ff/um) res=2.38(ohm/um) viaRes=0(ohm) viaCap=0(ff)
M2(V) w=0.2(um) s=0.21(um) p=0.41(um) es=0.62(um) cap=0.153(ff/um) res=1.25(ohm/um) viaRes=3.75(ohm) viaCap=0.164232(ff)
M3(H) w=0.2(um) s=0.21(um) p=0.41(um) es=0.62(um) cap=0.153(ff/um) res=1.25(ohm/um) viaRes=4(ohm) viaCap=0.160393(ff)
M4(V) w=0.2(um) s=0.21(um) p=0.41(um) es=0.62(um) cap=0.14(ff/um) res=1.05(ohm/um) viaRes=4(ohm) viaCap=0.154152(ff)
M5(H) w=0.2(um) s=0.21(um) p=0.41(um) es=0.62(um) cap=0.106(ff/um) res=1.05(ohm/um) viaRes=2.4(ohm) viaCap=0.130276(ff)
M6(V) w=0.2(um) s=0.21(um) p=0.41(um) es=0.62(um) cap=0.106(ff/um) res=1.05(ohm/um) viaRes=2.4(ohm) viaCap=0.110787(ff)
M7(H) w=0.4(um) s=0.42(um) p=0.82(um) es=1.24(um) cap=0.133(ff/um) res=0.188(ohm/um) viaRes=2.33333(ohm) viaCap=0.220695(ff)

RC Information for View hold3_analysis_view :
Est. Cap                : 0.146248(V=0.139886 H=0.15261) (ff/um) [7.31238e-05]
Est. Res                : 1.15(V=1.05 H=1.25)(ohm/um) [0.000575]
Est. Via Res            : 4(ohm) [7.75]
Est. Via Cap            : 0.154152(ff)
M1(H) w=0.16(um) s=0.18(um) p=0.41(um) es=0.66(um) cap=0.157(ff/um) res=2.38(ohm/um) viaRes=0(ohm) viaCap=0(ff)
M2(V) w=0.2(um) s=0.21(um) p=0.41(um) es=0.62(um) cap=0.153(ff/um) res=1.25(ohm/um) viaRes=3.75(ohm) viaCap=0.164232(ff)
M3(H) w=0.2(um) s=0.21(um) p=0.41(um) es=0.62(um) cap=0.153(ff/um) res=1.25(ohm/um) viaRes=4(ohm) viaCap=0.160393(ff)
M4(V) w=0.2(um) s=0.21(um) p=0.41(um) es=0.62(um) cap=0.14(ff/um) res=1.05(ohm/um) viaRes=4(ohm) viaCap=0.154152(ff)
M5(H) w=0.2(um) s=0.21(um) p=0.41(um) es=0.62(um) cap=0.106(ff/um) res=1.05(ohm/um) viaRes=2.4(ohm) viaCap=0.130276(ff)
M6(V) w=0.2(um) s=0.21(um) p=0.41(um) es=0.62(um) cap=0.106(ff/um) res=1.05(ohm/um) viaRes=2.4(ohm) viaCap=0.110787(ff)
M7(H) w=0.4(um) s=0.42(um) p=0.82(um) es=1.24(um) cap=0.133(ff/um) res=0.188(ohm/um) viaRes=2.33333(ohm) viaCap=0.220695(ff)

Active Analysis Views for CTS are,
#1 setup1_analysis_view
#2 setup2_analysis_view
#3 setup3_analysis_view
#4 hold1_analysis_view
#5 hold2_analysis_view
#6 hold3_analysis_view
Default Analysis Views is setup1_analysis_view


****** AutoClockRootPin ******
AutoClockRootPin 1: UART_CLK
# NoGating         NO
# SetDPinAsSync    NO
# SetIoPinAsSync   NO
# SetAsyncSRPinAsSync   NO
# SetTriStEnPinAsSync   NO
# SetBBoxPinAsSync   NO
# RouteClkNet      YES
# PostOpt          YES
# RouteType        FE_CTS_DEFAULT
# LeafRouteType    FE_CTS_DEFAULT_LEAF
AutoClockRootPin 2: REF_CLK
# NoGating         NO
# SetDPinAsSync    NO
# SetIoPinAsSync   NO
# SetAsyncSRPinAsSync   NO
# SetTriStEnPinAsSync   NO
# SetBBoxPinAsSync   NO
# RouteClkNet      YES
# PostOpt          YES
# RouteType        FE_CTS_DEFAULT
# LeafRouteType    FE_CTS_DEFAULT_LEAF
AutoClockRootPin 3: scan_clk
# NoGating         NO
# SetDPinAsSync    NO
# SetIoPinAsSync   NO
# SetAsyncSRPinAsSync   NO
# SetTriStEnPinAsSync   NO
# SetBBoxPinAsSync   NO
# RouteClkNet      YES
# PostOpt          YES
# RouteType        FE_CTS_DEFAULT
# LeafRouteType    FE_CTS_DEFAULT_LEAF

***** !! NOTE !! *****

CTS treats D-pins and I/O pins as non-synchronous pins by default.
If you want to change the behavior, you need to use the SetDPinAsSync
or SetIoPinAsSync statement in the clock tree specification file,
or use the setCTSMode -traceDPinAsLeaf {true|false} command,
or use the setCTSMode -traceIoPinAsLeaf {true|false} command
before specifyClockTree command.

*** End specifyClockTree (cpu=0:00:00.0, real=0:00:00.0, mem=395.7M) ***
<clockDesign CMD> changeClockStatus -all -fixedBuffers
Redoing specifyClockTree  -file Clock.ctstch  ...

changeClockStatus Option :  -all -fixedBuffers 
*** Changed status on (359) instances, and (0) nets in Clock scan_clk.
*** Changed status on (0) instances, and (0) nets in Clock REF_CLK.
*** Changed status on (0) instances, and (0) nets in Clock UART_CLK.
*** End changeClockStatus (cpu=0:00:00.0, real=0:00:00.0, mem=395.7M) ***
<clockDesign CMD> deleteClockTree -all
Redoing specifyClockTree  -file Clock.ctstch  ...

deleteClockTree Option :  -all 
*** 3 Buffers found to be either having FIXED attribute or constraints on it. deleteClockTree may not delete them.*** 
*** Use changeClockStatus to change the FIXED status. ***
*** Removed (0) buffers and (0) inverters in Clock scan_clk.
*** 0 Buffers found to be either having FIXED attribute or constraints on it. deleteClockTree may not delete them.*** 
*** Use changeClockStatus to change the FIXED status. ***
*** Removed (0) buffers and (0) inverters in Clock REF_CLK.
*** 3 Buffers found to be either having FIXED attribute or constraints on it. deleteClockTree may not delete them.*** 
*** Use changeClockStatus to change the FIXED status. ***
*** Removed (0) buffers and (0) inverters in Clock UART_CLK.
***** Delete Clock Tree Finished (CPU Time: 0:00:00.0  MEM: 395.742M)
*** End deleteClockTree (cpu=0:00:00.0, real=0:00:00.0, mem=395.7M) ***
<clockDesign CMD> ckSynthesis -report clock_report/clock.report -forceReconvergent -breakLoop
Redoing specifyClockTree  -file Clock.ctstch  ...


ckSynthesis Option :  -report clock_report/clock.report -forceReconvergent -breakLoop 
***** Allocate Placement Memory Finished (MEM: 395.742M)

Start to trace clock trees ...
*** Begin Tracer (mem=395.7M) ***
Tracing Clock UART_CLK ...
Tracing Clock REF_CLK ...
Tracing Clock scan_clk ...
 ** Pin clk4_mux/U1/Y is a crossover pin between Clock UART_CLK and scan_clk
 ** Pin clk3_mux/U1/Y is a crossover pin between Clock UART_CLK and scan_clk
 ** Pin clk2_mux/U1/Y is a crossover pin between Clock UART_CLK and scan_clk
 ** Pin clk1_mux/U1/Y is a crossover pin between Clock REF_CLK and scan_clk
*** End Tracer (mem=395.7M) ***
***** Allocate Obstruction Memory  Finished (MEM: 395.742M)

****** Clock Tree (UART_CLK) Structure
Max. Skew           : 200(ps)
Max. Sink Transition: 50(ps)
Max. Buf Transition : 50(ps)
Max. Delay          : 271000(ps)
Min. Delay          : 0(ps)
Buffer              : (CLKINVX6M) (BUFX8M) (CLKINVX8M) (BUFX10M) (CLKINVX12M) (BUFX12M) (CLKBUFX12M) (BUFX14M) (CLKBUFX16M) (BUFX16M) (CLKINVX16M) (BUFX18M) (BUFX20M) (CLKINVX20M) (CLKBUFX20M) (CLKBUFX24M) (BUFX24M) (CLKINVX24M) (CLKBUFX32M) (BUFX32M) (CLKINVX32M) (CLKBUFX40M) (CLKINVX40M) 
Nr. Subtrees                    : 14
Nr. Sinks                       : 71
Nr.          Rising  Sync Pins  : 71
Nr. Inverter Rising  Sync Pins  : 0
Nr.          Falling Sync Pins  : 0
Nr. Inverter Falling Sync Pins  : 0
***********************************************************
SubTree No: 0

Input_Pin:  (clk3_mux/U1/A)
Output_Pin: (clk3_mux/U1/Y)
Output_Net: (CLOCK_SCAN_uart_rx)   
**** CK_START: TopDown Tree Construction for CLOCK_SCAN_uart_rx (27-leaf) (maxFan=50) (mem=395.7M)

Find 0 route_obs, 0 place_obs, 0 cut_obs  1 fence channel(s), 
 1 channel(s).
Trig. Edge Skew=2[493,495] trVio=B33(99)ps N27 B5 G1 A20(19.6) L[5,5] C3/1 score=6513 cpu=0:00:00.0 mem=396M 

**** CK_END: TopDown Tree Construction for CLOCK_SCAN_uart_rx (cpu=0:00:00.9, real=0:00:01.0, mem=395.7M)



**** CK_START: Update Database (mem=395.7M)
5 Clock Buffers/Inverters inserted.
**** CK_END: Update Database (cpu=0:00:00.0, real=0:00:00.0, mem=395.7M)
**** CK_START: Macro Models Generation (mem=395.7M)

*buffer: max rise/fall tran=[84,77], (bnd=50ps) 
**** CK_END: Macro Models Generation (cpu=0:00:00.0, real=0:00:00.0, mem=395.7M)
SubTree No: 1

Input_Pin:  (U2_RX/U36/A1)
Output_Pin: (U2_RX/U36/Y)
Output_Net: (RX_clk)   
**** CK_START: TopDown Tree Construction for RX_clk (1-leaf) (1 macro model) (maxFan=50) (mem=395.7M)

Trig. Edge Skew=2[671,674] trVio=B117(117)ps N1 B0 G2 A0(0.0) L[1,1] score=12646 cpu=0:00:00.0 mem=396M 

**** CK_END: TopDown Tree Construction for RX_clk (cpu=0:00:00.0, real=0:00:00.0, mem=395.7M)



**** CK_START: Update Database (mem=395.7M)
0 Clock Buffers/Inverters inserted.
**** CK_END: Update Database (cpu=0:00:00.0, real=0:00:00.0, mem=395.7M)
**** CK_START: Macro Models Generation (mem=395.7M)

*buffer: max rise/fall tran=[168,77], (bnd=50ps) 
**** CK_END: Macro Models Generation (cpu=0:00:00.0, real=0:00:00.0, mem=395.7M)
SubTree No: 2

Input_Pin:  (U2_RX/U21/A)
Output_Pin: (U2_RX/U21/Y)
Output_Net: (U2_RX/n3)   
**** CK_START: TopDown Tree Construction for U2_RX/n3 (1-leaf) (1 macro model) (maxFan=50) (mem=395.7M)

Trig. Edge Skew=2[700,703] trVio=B10(10)ps N1 B0 G2 A0(0.0) L[1,1] score=1956 cpu=0:00:00.0 mem=396M 

**** CK_END: TopDown Tree Construction for U2_RX/n3 (cpu=0:00:00.0, real=0:00:00.0, mem=395.7M)



**** CK_START: Update Database (mem=395.7M)
0 Clock Buffers/Inverters inserted.
**** CK_END: Update Database (cpu=0:00:00.0, real=0:00:00.0, mem=395.7M)
**** CK_START: Macro Models Generation (mem=395.7M)

*buffer: max rise/fall tran=[168,77], (bnd=50ps) 
**** CK_END: Macro Models Generation (cpu=0:00:00.0, real=0:00:00.0, mem=395.7M)
SubTree No: 3

Input_Pin:  (clk4_mux/U1/A)
Output_Pin: (clk4_mux/U1/Y)
Output_Net: (CLOCK_SCAN_uart_tx)   
**** CK_START: TopDown Tree Construction for CLOCK_SCAN_uart_tx (27-leaf) (maxFan=50) (mem=395.7M)

Trig. Edge Skew=2[505,506] trVio=B37(97)ps N27 B5 G1 A18(18.0) L[5,5] C3/1 score=6947 cpu=0:00:00.0 mem=396M 

**** CK_END: TopDown Tree Construction for CLOCK_SCAN_uart_tx (cpu=0:00:00.8, real=0:00:01.0, mem=395.7M)



**** CK_START: Update Database (mem=395.7M)
5 Clock Buffers/Inverters inserted.
**** CK_END: Update Database (cpu=0:00:00.0, real=0:00:00.0, mem=395.7M)
**** CK_START: Macro Models Generation (mem=395.7M)

*buffer: max rise/fall tran=[90,83], (bnd=50ps) 
**** CK_END: Macro Models Generation (cpu=0:00:00.0, real=0:00:00.0, mem=395.7M)
SubTree No: 4

Input_Pin:  (U1_TX/U36/A1)
Output_Pin: (U1_TX/U36/Y)
Output_Net: (TX_clk)   
**** CK_START: TopDown Tree Construction for TX_clk (1-leaf) (1 macro model) (maxFan=50) (mem=395.7M)

Trig. Edge Skew=2[709,711] trVio=B150(150)ps N1 B0 G2 A0(0.0) L[1,1] score=15896 cpu=0:00:00.0 mem=396M 

**** CK_END: TopDown Tree Construction for TX_clk (cpu=0:00:00.0, real=0:00:00.0, mem=395.7M)



**** CK_START: Update Database (mem=395.7M)
0 Clock Buffers/Inverters inserted.
**** CK_END: Update Database (cpu=0:00:00.0, real=0:00:00.0, mem=395.7M)
**** CK_START: Macro Models Generation (mem=395.7M)

*buffer: max rise/fall tran=[200,86], (bnd=50ps) 
**** CK_END: Macro Models Generation (cpu=0:00:00.0, real=0:00:00.0, mem=395.7M)
SubTree No: 5

Input_Pin:  (U1_TX/U20/A)
Output_Pin: (U1_TX/U20/Y)
Output_Net: (U1_TX/n3)   
*** Find 1 Excluded Nodes.
**** CK_START: TopDown Tree Construction for U1_TX/n3 (1-leaf) (1 macro model) (maxFan=50) (mem=395.7M)

Trig. Edge Skew=2[738,740] trVio=B10(10)ps N1 B0 G2 A0(0.0) L[1,1] score=1876 cpu=0:00:00.0 mem=396M 

**** CK_END: TopDown Tree Construction for U1_TX/n3 (cpu=0:00:00.0, real=0:00:00.0, mem=395.7M)



**** CK_START: Update Database (mem=395.7M)
0 Clock Buffers/Inverters inserted.
**** CK_END: Update Database (cpu=0:00:00.0, real=0:00:00.0, mem=395.7M)
**** CK_START: Macro Models Generation (mem=395.7M)

*buffer: max rise/fall tran=[200,86], (bnd=50ps) 
**** CK_END: Macro Models Generation (cpu=0:00:00.0, real=0:00:00.0, mem=395.7M)
SubTree No: 6

Input_Pin:  (rst2_mux/U1/A)
Output_Pin: (rst2_mux/U1/Y)
Output_Net: (UART_SYNC_SCAN_RST)   
*** Find 63 Excluded Nodes.
**** CK_START: TopDown Tree Construction for UART_SYNC_SCAN_RST (2-leaf) (2 macro model) (maxFan=50) (mem=395.7M)

Trig. Edge Skew=40[979,1019] trVio=B33(65)ps N2 B1 G3 A2(2.2) L[2,2] score=5738 cpu=0:00:00.0 mem=396M 

**** CK_END: TopDown Tree Construction for UART_SYNC_SCAN_RST (cpu=0:00:00.0, real=0:00:00.0, mem=395.7M)



**** CK_START: Update Database (mem=395.7M)
1 Clock Buffers/Inverters inserted.
**** CK_END: Update Database (cpu=0:00:00.0, real=0:00:00.0, mem=395.7M)
**** CK_START: Macro Models Generation (mem=395.7M)

*buffer: max rise/fall tran=[200,86], (bnd=50ps) 
**** CK_END: Macro Models Generation (cpu=0:00:00.0, real=0:00:00.0, mem=395.7M)
SubTree No: 7

Input_Pin:  (U9/MULTI_FF_reg[1]/CK)
Output_Pin: (U9/MULTI_FF_reg[1]/Q)
Output_Net: (UART_SYNC_RST)   
*** Find 1 Excluded Nodes.
**** CK_START: TopDown Tree Construction for UART_SYNC_RST (1-leaf) (1 macro model) (maxFan=50) (mem=395.7M)

Trig. Edge Skew=40[1473,1513] trVio=B51(51)ps N1 B1 G2 A2(2.2) L[2,2] C2/0 score=6710 cpu=0:00:00.0 mem=396M 

**** CK_END: TopDown Tree Construction for UART_SYNC_RST (cpu=0:00:00.0, real=0:00:00.0, mem=395.7M)



**** CK_START: Update Database (mem=395.7M)
1 Clock Buffers/Inverters inserted.
**** CK_END: Update Database (cpu=0:00:00.0, real=0:00:00.0, mem=395.7M)
**** CK_START: Macro Models Generation (mem=395.7M)

*buffer: max rise/fall tran=[200,86], (bnd=50ps) 
**** CK_END: Macro Models Generation (cpu=0:00:00.0, real=0:00:00.0, mem=395.7M)
SubTree No: 8

Input_Pin:  (clk3_mux/U1/A)
Output_Pin: (clk3_mux/U1/Y)
Output_Net: (CLOCK_SCAN_uart_rx)   
SubTree No: 9

Input_Pin:  (U2_RX/U36/B0)
Output_Pin: (U2_RX/U36/Y)
Output_Net: (RX_clk)   
**** CK_START: Macro Models Generation (mem=395.7M)

*buffer: max rise/fall tran=[168,77], (bnd=50ps) 
**** CK_END: Macro Models Generation (cpu=0:00:00.0, real=0:00:00.0, mem=395.7M)
SubTree No: 10

Input_Pin:  (U2_RX/U34/B0)
Output_Pin: (U2_RX/U34/Y)
Output_Net: (U2_RX/n64)   
**** CK_START: TopDown Tree Construction for U2_RX/n64 (1-leaf) (1 macro model) (maxFan=50) (mem=395.7M)

Trig. Edge Skew=2[930,932] trVio=B262(262)ps N1 B1 G2 A2(2.2) L[2,2] C2/0 score=27286 cpu=0:00:00.0 mem=396M 

**** CK_END: TopDown Tree Construction for U2_RX/n64 (cpu=0:00:00.0, real=0:00:00.0, mem=395.7M)



**** CK_START: Update Database (mem=395.7M)
1 Clock Buffers/Inverters inserted.
**** CK_END: Update Database (cpu=0:00:00.0, real=0:00:00.0, mem=395.7M)
**** CK_START: Macro Models Generation (mem=395.7M)

*buffer: max rise/fall tran=[310,190], (bnd=50ps) 
**** CK_END: Macro Models Generation (cpu=0:00:00.0, real=0:00:00.0, mem=395.7M)
SubTree No: 11

Input_Pin:  (clk3_mux/U1/A)
Output_Pin: (clk3_mux/U1/Y)
Output_Net: (CLOCK_SCAN_uart_rx)   
SubTree No: 12

Input_Pin:  (U2_RX/U36/B0)
Output_Pin: (U2_RX/U36/Y)
Output_Net: (RX_clk)   
SubTree No: 13

Input_Pin:  (U2_RX/U34/A0N)
Output_Pin: (U2_RX/U34/Y)
Output_Net: (U2_RX/n64)   
**** CK_START: Macro Models Generation (mem=395.7M)

*buffer: max rise/fall tran=[350,145], (bnd=50ps) 
**** CK_END: Macro Models Generation (cpu=0:00:00.0, real=0:00:00.0, mem=395.7M)
SubTree No: 14

Input_Pin:  (U2_RX/o_div_clk_reg_reg/CK)
Output_Pin: (U2_RX/o_div_clk_reg_reg/QN)
Output_Net: (U2_RX/n65)   
*** Find 2 Excluded Nodes.
**** CK_START: TopDown Tree Construction for U2_RX/n65 (1-leaf) (1 macro model) (maxFan=50) (mem=395.7M)

Trig. Edge Skew=2[1282,1285] trVio=B26(26)ps N1 B0 G2 A0(0.0) L[1,1] score=3486 cpu=0:00:00.0 mem=396M 

**** CK_END: TopDown Tree Construction for U2_RX/n65 (cpu=0:00:00.0, real=0:00:00.0, mem=395.7M)



**** CK_START: Update Database (mem=395.7M)
0 Clock Buffers/Inverters inserted.
**** CK_END: Update Database (cpu=0:00:00.0, real=0:00:00.0, mem=395.7M)
**** CK_START: Macro Models Generation (mem=395.7M)

*buffer: max rise/fall tran=[350,145], (bnd=50ps) 
**** CK_END: Macro Models Generation (cpu=0:00:00.0, real=0:00:00.0, mem=395.7M)
SubTree No: 15

Input_Pin:  (clk4_mux/U1/A)
Output_Pin: (clk4_mux/U1/Y)
Output_Net: (CLOCK_SCAN_uart_tx)   
SubTree No: 16

Input_Pin:  (U1_TX/U36/B0)
Output_Pin: (U1_TX/U36/Y)
Output_Net: (TX_clk)   
**** CK_START: Macro Models Generation (mem=395.7M)

*buffer: max rise/fall tran=[200,83], (bnd=50ps) 
**** CK_END: Macro Models Generation (cpu=0:00:00.0, real=0:00:00.0, mem=395.7M)
SubTree No: 17

Input_Pin:  (U1_TX/U34/B0)
Output_Pin: (U1_TX/U34/Y)
Output_Net: (U1_TX/n21)   
**** CK_START: TopDown Tree Construction for U1_TX/n21 (1-leaf) (1 macro model) (maxFan=50) (mem=395.7M)

Trig. Edge Skew=2[830,832] trVio=B209(209)ps N1 B0 G2 A0(0.0) L[1,1] score=21776 cpu=0:00:00.0 mem=396M 

**** CK_END: TopDown Tree Construction for U1_TX/n21 (cpu=0:00:00.0, real=0:00:00.0, mem=395.7M)



**** CK_START: Update Database (mem=395.7M)
0 Clock Buffers/Inverters inserted.
**** CK_END: Update Database (cpu=0:00:00.0, real=0:00:00.0, mem=395.7M)
**** CK_START: Macro Models Generation (mem=395.7M)

*buffer: max rise/fall tran=[259,163], (bnd=50ps) 
**** CK_END: Macro Models Generation (cpu=0:00:00.0, real=0:00:00.0, mem=395.7M)
SubTree No: 18

Input_Pin:  (clk4_mux/U1/A)
Output_Pin: (clk4_mux/U1/Y)
Output_Net: (CLOCK_SCAN_uart_tx)   
SubTree No: 19

Input_Pin:  (U1_TX/U36/B0)
Output_Pin: (U1_TX/U36/Y)
Output_Net: (TX_clk)   
SubTree No: 20

Input_Pin:  (U1_TX/U34/A0N)
Output_Pin: (U1_TX/U34/Y)
Output_Net: (U1_TX/n21)   
**** CK_START: Macro Models Generation (mem=395.7M)

*buffer: max rise/fall tran=[296,131], (bnd=50ps) 
**** CK_END: Macro Models Generation (cpu=0:00:00.0, real=0:00:00.0, mem=395.7M)
SubTree No: 21

Input_Pin:  (U1_TX/o_div_clk_reg_reg/CK)
Output_Pin: (U1_TX/o_div_clk_reg_reg/QN)
Output_Net: (U1_TX/n18)   
*** Find 2 Excluded Nodes.
**** CK_START: TopDown Tree Construction for U1_TX/n18 (1-leaf) (1 macro model) (maxFan=50) (mem=395.7M)

Trig. Edge Skew=2[1219,1221] trVio=B58(58)ps N1 B0 G2 A0(0.0) L[1,1] score=6706 cpu=0:00:00.0 mem=396M 

**** CK_END: TopDown Tree Construction for U1_TX/n18 (cpu=0:00:00.0, real=0:00:00.0, mem=395.7M)



**** CK_START: Update Database (mem=395.7M)
0 Clock Buffers/Inverters inserted.
**** CK_END: Update Database (cpu=0:00:00.0, real=0:00:00.0, mem=395.7M)
**** CK_START: Macro Models Generation (mem=395.7M)

*buffer: max rise/fall tran=[296,131], (bnd=50ps) 
**** CK_END: Macro Models Generation (cpu=0:00:00.0, real=0:00:00.0, mem=395.7M)
SubTree No: 22

Input_Pin:  (clk2_mux/U1/A)
Output_Pin: (clk2_mux/U1/Y)
Output_Net: (CLOCK_SCAN_uart)   
**** CK_START: TopDown Tree Construction for CLOCK_SCAN_uart (22-leaf) (5 macro model) (maxFan=50) (mem=395.7M)

0: ckNode L0_0_CLKINVX24M: loc not Legalized (127526 137371)=>(127100 128740) 4um
1: ckNode L0_0_CLKINVX24M: loc not Legalized (47154 108653)=>(48380 94300) 7um
2: ckNode L0_0_CLKINVX24M: loc not Legalized (61107 102929)=>(63140 100040) 2um
3: ckNode L0_0_CLKINVX24M: loc not Legalized (25831 177546)=>(25420 168920) 4um
4: ckNode L0_0_CLKINVX24M: loc not Legalized (38145 194756)=>(37720 186140) 4um
5: ckNode L1_0_C1_CLKINVX24M: loc not Legalized (127526 137371)=>(127100 128740) 4um
6: ckNode L0_0_CLKINVX16M: loc not Legalized (127538 137375)=>(127100 128740) 4um
7: ckNode L1_0_C1_CLKINVX24M: loc not Legalized (47154 108653)=>(48380 94300) 7um
8: ckNode L0_0_CLKINVX16M: loc not Legalized (47169 108672)=>(39360 100040) 8um
9: ckNode L1_0_C1_CLKINVX24M: loc not Legalized (61107 102929)=>(63140 100040) 2um
Trig. Edge Skew=113[1677,1790] trVio=B37(175)ps N22 B19 G6 A68(68.4) L[2,16] C1/11 score=25688 cpu=0:00:01.0 mem=396M 

**** CK_END: TopDown Tree Construction for CLOCK_SCAN_uart (cpu=0:00:01.0, real=0:00:01.0, mem=395.7M)



**** CK_START: Update Database (mem=395.7M)
19 Clock Buffers/Inverters inserted.
**** CK_END: Update Database (cpu=0:00:00.0, real=0:00:00.0, mem=395.7M)
**** CK_START: Macro Models Generation (mem=395.7M)

*buffer: max rise/fall tran=[350,190], (bnd=50ps) 
**** CK_END: Macro Models Generation (cpu=0:00:00.0, real=0:00:00.0, mem=395.7M)
SubTree No: 23

Input_Pin:  (NULL)
Output_Pin: (UART_CLK)
Output_Net: (UART_CLK)   
**** CK_START: TopDown Tree Construction for UART_CLK (1-leaf) (1 macro model) (maxFan=50) (mem=395.7M)

Trig. Edge Skew=112[1742,1855] N1 B2 G2 A8(8.4) L[3,3] C3/0 score=3420 cpu=0:00:00.0 mem=396M 

**** CK_END: TopDown Tree Construction for UART_CLK (cpu=0:00:00.0, real=0:00:00.0, mem=395.7M)



**** CK_START: Update Database (mem=395.7M)
2 Clock Buffers/Inverters inserted.
**** CK_END: Update Database (cpu=0:00:00.0, real=0:00:00.0, mem=395.7M)

****** Clock Tree (REF_CLK) Structure
Max. Skew           : 200(ps)
Max. Sink Transition: 50(ps)
Max. Buf Transition : 50(ps)
Max. Delay          : 20000(ps)
Min. Delay          : 0(ps)
Buffer              : (CLKINVX6M) (BUFX8M) (CLKINVX8M) (BUFX10M) (CLKINVX12M) (BUFX12M) (CLKBUFX12M) (BUFX14M) (CLKBUFX16M) (BUFX16M) (CLKINVX16M) (BUFX18M) (BUFX20M) (CLKINVX20M) (CLKBUFX20M) (CLKBUFX24M) (BUFX24M) (CLKINVX24M) (CLKBUFX32M) (BUFX32M) (CLKINVX32M) (CLKBUFX40M) (CLKINVX40M) 
Nr. Subtrees                    : 3
Nr. Sinks                       : 268
Nr.          Rising  Sync Pins  : 268
Nr. Inverter Rising  Sync Pins  : 0
Nr.          Falling Sync Pins  : 0
Nr. Inverter Falling Sync Pins  : 0
***********************************************************
SubTree No: 0

Input_Pin:  (U8/U0_TLATNCAX12M/CK)
Output_Pin: (U8/U0_TLATNCAX12M/ECK)
Output_Net: (GATED_CLK)   
**** CK_START: TopDown Tree Construction for GATED_CLK (17-leaf) (maxFan=50) (mem=395.7M)

Trig. Edge Skew=2[401,403] trVio=B42(92)S3(61)ps N17 B3 G1 A7(6.6) L[4,4] C3/1 score=6760 cpu=0:00:00.0 mem=396M 

**** CK_END: TopDown Tree Construction for GATED_CLK (cpu=0:00:00.4, real=0:00:00.0, mem=395.7M)



**** CK_START: Update Database (mem=395.7M)
3 Clock Buffers/Inverters inserted.
**** CK_END: Update Database (cpu=0:00:00.0, real=0:00:00.0, mem=395.7M)
**** CK_START: Macro Models Generation (mem=395.7M)

*  sink: max rise/fall tran=[54,51], (bnd=50ps) 
*buffer: max rise/fall tran=[92,90], (bnd=50ps) 
**** CK_END: Macro Models Generation (cpu=0:00:00.0, real=0:00:00.0, mem=395.7M)
SubTree No: 1

Input_Pin:  (clk1_mux/U1/A)
Output_Pin: (clk1_mux/U1/Y)
Output_Net: (CLOCK_SCAN_ref)   
**** CK_START: TopDown Tree Construction for CLOCK_SCAN_ref (252-leaf) (1 macro model) (maxFan=50) (mem=395.7M)

Trig. Edge Skew=29[809,838] trVio=B56(663)S1(123)ps N252 B38 G2 A152(151.6) L[4,7] C0/4 score=16515 cpu=0:00:05.0 mem=396M 

**** CK_END: TopDown Tree Construction for CLOCK_SCAN_ref (cpu=0:00:05.1, real=0:00:05.0, mem=395.7M)



**** CK_START: Update Database (mem=395.7M)
38 Clock Buffers/Inverters inserted.
**** CK_END: Update Database (cpu=0:00:00.0, real=0:00:00.0, mem=395.7M)
**** CK_START: Macro Models Generation (mem=395.7M)

*  sink: max rise/fall tran=[54,51], (bnd=50ps) 
*buffer: max rise/fall tran=[107,106], (bnd=50ps) 
**** CK_END: Macro Models Generation (cpu=0:00:00.0, real=0:00:00.0, mem=395.7M)
SubTree No: 2

Input_Pin:  (NULL)
Output_Pin: (REF_CLK)
Output_Net: (REF_CLK)   
**** CK_START: TopDown Tree Construction for REF_CLK (1-leaf) (1 macro model) (maxFan=50) (mem=395.7M)

Trig. Edge Skew=29[877,906] N1 B2 G2 A8(8.4) L[3,3] C3/0 score=1608 cpu=0:00:00.0 mem=396M 

**** CK_END: TopDown Tree Construction for REF_CLK (cpu=0:00:00.0, real=0:00:00.0, mem=395.7M)



**** CK_START: Update Database (mem=395.7M)
2 Clock Buffers/Inverters inserted.
**** CK_END: Update Database (cpu=0:00:00.0, real=0:00:00.0, mem=395.7M)

****** Clock Tree (scan_clk) Structure
Max. Skew           : 200(ps)
Max. Sink Transition: 50(ps)
Max. Buf Transition : 50(ps)
Max. Delay          : 100000(ps)
Min. Delay          : 0(ps)
Buffer              : (CLKINVX6M) (BUFX8M) (CLKINVX8M) (BUFX10M) (CLKINVX12M) (BUFX12M) (CLKBUFX12M) (BUFX14M) (CLKBUFX16M) (BUFX16M) (CLKINVX16M) (BUFX18M) (BUFX20M) (CLKINVX20M) (CLKBUFX20M) (CLKBUFX24M) (BUFX24M) (CLKINVX24M) (CLKBUFX32M) (BUFX32M) (CLKINVX32M) (CLKBUFX40M) (CLKINVX40M) 
Nr. Subtrees                    : 16
Nr. Sinks                       : 339
Nr.          Rising  Sync Pins  : 356
Nr. Inverter Rising  Sync Pins  : 0
Nr.          Falling Sync Pins  : 0
Nr. Inverter Falling Sync Pins  : 0
***********************************************************
SubTree No: 0

Input_Pin:  (clk4_mux/U1/B)
Output_Pin: (clk4_mux/U1/Y)
Output_Net: (CLOCK_SCAN_uart_tx)   
**** CK_START: Macro Models Generation (mem=395.7M)

*buffer: max rise/fall tran=[94,92], (bnd=50ps) 
**** CK_END: Macro Models Generation (cpu=0:00:00.0, real=0:00:00.0, mem=395.7M)
SubTree No: 1

Input_Pin:  (clk3_mux/U1/B)
Output_Pin: (clk3_mux/U1/Y)
Output_Net: (CLOCK_SCAN_uart_rx)   
**** CK_START: Macro Models Generation (mem=395.7M)

*buffer: max rise/fall tran=[88,89], (bnd=50ps) 
**** CK_END: Macro Models Generation (cpu=0:00:00.0, real=0:00:00.0, mem=395.7M)
SubTree No: 2

Input_Pin:  (clk3_mux/U1/A)
Output_Pin: (clk3_mux/U1/Y)
Output_Net: (CLOCK_SCAN_uart_rx)   
SubTree No: 3

Input_Pin:  (U2_RX/U36/A1)
Output_Pin: (U2_RX/U36/Y)
Output_Net: (RX_clk)   
SubTree No: 4

Input_Pin:  (U2_RX/U21/A)
Output_Pin: (U2_RX/U21/Y)
Output_Net: (U2_RX/n3)   
SubTree No: 5

Input_Pin:  (clk4_mux/U1/A)
Output_Pin: (clk4_mux/U1/Y)
Output_Net: (CLOCK_SCAN_uart_tx)   
SubTree No: 6

Input_Pin:  (U1_TX/U36/A1)
Output_Pin: (U1_TX/U36/Y)
Output_Net: (TX_clk)   
SubTree No: 7

Input_Pin:  (U1_TX/U20/A)
Output_Pin: (U1_TX/U20/Y)
Output_Net: (U1_TX/n3)   
*** Find 1 Excluded Nodes.
SubTree No: 8

Input_Pin:  (rst2_mux/U1/A)
Output_Pin: (rst2_mux/U1/Y)
Output_Net: (UART_SYNC_SCAN_RST)   
*** Find 63 Excluded Nodes.
SubTree No: 9

Input_Pin:  (U9/MULTI_FF_reg[1]/CK)
Output_Pin: (U9/MULTI_FF_reg[1]/Q)
Output_Net: (UART_SYNC_RST)   
*** Find 1 Excluded Nodes.
SubTree No: 10

Input_Pin:  (clk3_mux/U1/A)
Output_Pin: (clk3_mux/U1/Y)
Output_Net: (CLOCK_SCAN_uart_rx)   
SubTree No: 11

Input_Pin:  (U2_RX/U36/B0)
Output_Pin: (U2_RX/U36/Y)
Output_Net: (RX_clk)   
SubTree No: 12

Input_Pin:  (U2_RX/U34/B0)
Output_Pin: (U2_RX/U34/Y)
Output_Net: (U2_RX/n64)   
SubTree No: 13

Input_Pin:  (clk3_mux/U1/A)
Output_Pin: (clk3_mux/U1/Y)
Output_Net: (CLOCK_SCAN_uart_rx)   
SubTree No: 14

Input_Pin:  (U2_RX/U36/B0)
Output_Pin: (U2_RX/U36/Y)
Output_Net: (RX_clk)   
SubTree No: 15

Input_Pin:  (U2_RX/U34/A0N)
Output_Pin: (U2_RX/U34/Y)
Output_Net: (U2_RX/n64)   
SubTree No: 16

Input_Pin:  (U2_RX/o_div_clk_reg_reg/CK)
Output_Pin: (U2_RX/o_div_clk_reg_reg/QN)
Output_Net: (U2_RX/n65)   
*** Find 2 Excluded Nodes.
SubTree No: 17

Input_Pin:  (clk4_mux/U1/A)
Output_Pin: (clk4_mux/U1/Y)
Output_Net: (CLOCK_SCAN_uart_tx)   
SubTree No: 18

Input_Pin:  (U1_TX/U36/B0)
Output_Pin: (U1_TX/U36/Y)
Output_Net: (TX_clk)   
SubTree No: 19

Input_Pin:  (U1_TX/U34/B0)
Output_Pin: (U1_TX/U34/Y)
Output_Net: (U1_TX/n21)   
SubTree No: 20

Input_Pin:  (clk4_mux/U1/A)
Output_Pin: (clk4_mux/U1/Y)
Output_Net: (CLOCK_SCAN_uart_tx)   
SubTree No: 21

Input_Pin:  (U1_TX/U36/B0)
Output_Pin: (U1_TX/U36/Y)
Output_Net: (TX_clk)   
SubTree No: 22

Input_Pin:  (U1_TX/U34/A0N)
Output_Pin: (U1_TX/U34/Y)
Output_Net: (U1_TX/n21)   
SubTree No: 23

Input_Pin:  (U1_TX/o_div_clk_reg_reg/CK)
Output_Pin: (U1_TX/o_div_clk_reg_reg/QN)
Output_Net: (U1_TX/n18)   
*** Find 2 Excluded Nodes.
SubTree No: 24

Input_Pin:  (clk2_mux/U1/B)
Output_Pin: (clk2_mux/U1/Y)
Output_Net: (CLOCK_SCAN_uart)   
**** CK_START: Macro Models Generation (mem=395.7M)

*buffer: max rise/fall tran=[350,190], (bnd=50ps) 
**** CK_END: Macro Models Generation (cpu=0:00:00.0, real=0:00:00.0, mem=395.7M)
SubTree No: 25

Input_Pin:  (U8/U0_TLATNCAX12M/CK)
Output_Pin: (U8/U0_TLATNCAX12M/ECK)
Output_Net: (GATED_CLK)   
SubTree No: 26

Input_Pin:  (clk1_mux/U1/B)
Output_Pin: (clk1_mux/U1/Y)
Output_Net: (CLOCK_SCAN_ref)   
**** CK_START: Macro Models Generation (mem=395.7M)

*  sink: max rise/fall tran=[54,51], (bnd=50ps) 
*buffer: max rise/fall tran=[107,116], (bnd=50ps) 
**** CK_END: Macro Models Generation (cpu=0:00:00.0, real=0:00:00.0, mem=395.7M)
SubTree No: 27

Input_Pin:  (NULL)
Output_Pin: (scan_clk)
Output_Net: (scan_clk)   
**** CK_START: TopDown Tree Construction for scan_clk (4-leaf) (4 macro model) (maxFan=50) (mem=395.7M)

Trig. Edge Skew=112[1754,1866] trVio=B7(14)ps N4 B22 G5 A65(64.8) L[3,13] C1/11 score=18920 cpu=0:00:00.0 mem=396M 

**** CK_END: TopDown Tree Construction for scan_clk (cpu=0:00:00.2, real=0:00:00.0, mem=395.7M)



**** CK_START: Update Database (mem=395.7M)
22 Clock Buffers/Inverters inserted.
**** CK_END: Update Database (cpu=0:00:00.0, real=0:00:00.0, mem=395.7M)
***** Start Refine Placement.....
Starting refinePlace ...
Statistics of distance of Instance movement in detailed placement:
  maximum (X+Y) =        46.33 um
  inst (CLOCK_SCAN_uart__L5_I0) with max move: (24.6, 70.11) -> (65.19, 64.37)
  mean    (X+Y) =         6.48 um
Total instances moved : 520
*** cpu=0:00:00.0   mem=395.7M  mem(used)=0.0M***
***** Refine Placement Finished (CPU Time: 0:00:00.0  MEM: 395.742M)
Resetting all latency settings from fanout cone of port 'scan_clk'
Resetting all latency settings from fanout cone of port 'REF_CLK'
Resetting all latency settings from fanout cone of port 'UART_CLK'
Resetting all latency settings from fanout cone of pin 'U2_RX/U36/Y'
Resetting all latency settings from fanout cone of pin 'U1_TX/U36/Y'
Resetting all latency settings from fanout cone of pin 'U2_RX/U36/Y'
Resetting all latency settings from fanout cone of pin 'U1_TX/U36/Y'
Resetting all latency settings from fanout cone of pin 'U2_RX/U36/Y'
Resetting all latency settings from fanout cone of pin 'U1_TX/U36/Y'
Resetting all latency settings from fanout cone of pin 'U8/U0_TLATNCAX12M/ECK'
Resetting all latency settings from fanout cone of pin 'U8/U0_TLATNCAX12M/ECK'
Resetting all latency settings from fanout cone of pin 'U2_RX/U36/Y'
Resetting all latency settings from fanout cone of pin 'U1_TX/U36/Y'
Resetting all latency settings from fanout cone of pin 'U2_RX/U36/Y'
Resetting all latency settings from fanout cone of pin 'U1_TX/U36/Y'
Resetting all latency settings from fanout cone of pin 'U2_RX/U36/Y'
Resetting all latency settings from fanout cone of pin 'U1_TX/U36/Y'
***** Start Refine Placement.....
Starting refinePlace ...
Statistics of distance of Instance movement in detailed placement:
  maximum (X+Y) =         0.00 um
  mean    (X+Y) =         0.00 um
Total instances moved : 0
*** cpu=0:00:00.0   mem=395.7M  mem(used)=0.0M***
***** Refine Placement Finished (CPU Time: 0:00:00.0  MEM: 395.746M)
All-RC-Corners-Per-Net-In-Memory is turned ON...

# Analysis View: setup1_analysis_view
********** Clock UART_CLK Pre-Route Timing Analysis **********
Nr. of Subtrees                : 18
Nr. of Sinks                   : 71
Nr. of Buffer                  : 34
Nr. of Level (including gates) : 18
Root Rise Input Tran           : 0.1(ps)
Root Fall Input Tran           : 0.1(ps)
Max trig. edge delay at sink(R): U10/enable_reg_reg/CK 1947.1(ps)
Min trig. edge delay at sink(R): U0/TX/TEMPO_reg[7]/CK 1801.9(ps)


                                 (Actual)               (Required)          
Rise Phase Delay               : 1801.9~1947.1(ps)      0~271000(ps)        
Fall Phase Delay               : 1805.6~2045.3(ps)      0~271000(ps)        
Trig. Edge Skew                : 145.2(ps)              200(ps)             
Rise Skew                      : 145.2(ps)              
Fall Skew                      : 239.7(ps)              
Max. Rise Buffer Tran.         : 387(ps)                50(ps)              
Max. Fall Buffer Tran.         : 208.7(ps)              50(ps)              
Max. Rise Sink Tran.           : 46.2(ps)               50(ps)              
Max. Fall Sink Tran.           : 42.3(ps)               50(ps)              
Min. Rise Buffer Tran.         : 19.2(ps)               0(ps)               
Min. Fall Buffer Tran.         : 17.2(ps)               0(ps)               
Min. Rise Sink Tran.           : 40.1(ps)               0(ps)               
Min. Fall Sink Tran.           : 36.9(ps)               0(ps)               

view setup1_analysis_view : skew = 145.2ps (required = 200ps)
view setup2_analysis_view : skew = 145.2ps (required = 200ps)
view setup3_analysis_view : skew = 145.2ps (required = 200ps)
view hold1_analysis_view : skew = 50.6ps (required = 200ps)
view hold2_analysis_view : skew = 50.6ps (required = 200ps)
view hold3_analysis_view : skew = 50.6ps (required = 200ps)



# Analysis View: setup1_analysis_view
********** Clock REF_CLK Pre-Route Timing Analysis **********
Nr. of Subtrees                : 3
Nr. of Sinks                   : 268
Nr. of Buffer                  : 43
Nr. of Level (including gates) : 10
Root Rise Input Tran           : 0.1(ps)
Root Fall Input Tran           : 0.1(ps)
Max trig. edge delay at sink(R): U5/RegFile_reg[7][4]/CK 917.8(ps)
Min trig. edge delay at sink(R): U4/ALU_OUT_TEMP_reg[13]/CK 883.4(ps)


                                 (Actual)               (Required)          
Rise Phase Delay               : 883.4~917.8(ps)        0~20000(ps)         
Fall Phase Delay               : 911.5~948.6(ps)        0~20000(ps)         
Trig. Edge Skew                : 34.4(ps)               200(ps)             
Rise Skew                      : 34.4(ps)               
Fall Skew                      : 37.1(ps)               
Max. Rise Buffer Tran.         : 109.4(ps)              50(ps)              
Max. Fall Buffer Tran.         : 107.6(ps)              50(ps)              
Max. Rise Sink Tran.           : 53.7(ps)               50(ps)              
Max. Fall Sink Tran.           : 50.9(ps)               50(ps)              
Min. Rise Buffer Tran.         : 20.5(ps)               0(ps)               
Min. Fall Buffer Tran.         : 18.4(ps)               0(ps)               
Min. Rise Sink Tran.           : 47.4(ps)               0(ps)               
Min. Fall Sink Tran.           : 45.8(ps)               0(ps)               

view setup1_analysis_view : skew = 34.4ps (required = 200ps)
view setup2_analysis_view : skew = 34.4ps (required = 200ps)
view setup3_analysis_view : skew = 34.4ps (required = 200ps)
view hold1_analysis_view : skew = 21.6ps (required = 200ps)
view hold2_analysis_view : skew = 21.6ps (required = 200ps)
view hold3_analysis_view : skew = 21.6ps (required = 200ps)



# Analysis View: setup1_analysis_view
********** Clock scan_clk Pre-Route Timing Analysis **********
Nr. of Subtrees                : 22
Nr. of Sinks                   : 339
Nr. of Buffer                  : 95
Nr. of Level (including gates) : 18
Root Rise Input Tran           : 0.1(ps)
Root Fall Input Tran           : 0.1(ps)
Max trig. edge delay at sink(R): U10/enable_reg_reg/CK 1956.3(ps)
Min trig. edge delay at sink(R): U0/RX/M2/edge_cnt_reg[0]/CK 1761.7(ps)


                                 (Actual)               (Required)          
Rise Phase Delay               : 1761.7~1956.3(ps)      0~100000(ps)        
Fall Phase Delay               : 1736.5~2086.3(ps)      0~100000(ps)        
Trig. Edge Skew                : 194.6(ps)              200(ps)             
Rise Skew                      : 194.6(ps)              
Fall Skew                      : 349.8(ps)              
Max. Rise Buffer Tran.         : 387(ps)                50(ps)              
Max. Fall Buffer Tran.         : 208.7(ps)              50(ps)              
Max. Rise Sink Tran.           : 53.7(ps)               50(ps)              
Max. Fall Sink Tran.           : 50.9(ps)               50(ps)              
Min. Rise Buffer Tran.         : 23.7(ps)               0(ps)               
Min. Fall Buffer Tran.         : 22.2(ps)               0(ps)               
Min. Rise Sink Tran.           : 40.1(ps)               0(ps)               
Min. Fall Sink Tran.           : 36.9(ps)               0(ps)               

view setup1_analysis_view : skew = 194.6ps (required = 200ps)
view setup2_analysis_view : skew = 194.6ps (required = 200ps)
view setup3_analysis_view : skew = 194.6ps (required = 200ps)
view hold1_analysis_view : skew = 50.6ps (required = 200ps)
view hold2_analysis_view : skew = 50.6ps (required = 200ps)
view hold3_analysis_view : skew = 50.6ps (required = 200ps)


Clock Analysis (CPU Time 0:00:00.1)


All-RC-Corners-Per-Net-In-Memory is turned OFF...

globalDetailRoute

#Start globalDetailRoute on Sun Aug 18 21:16:00 2024
#
#cpu time = 00:00:00, elapsed time = 00:00:00, memory = 395.00 (Mb)
Using detail cap. scale factor for clock nets.
Initializing multi-corner capacitance tables ... 
Initializing multi-corner resistance tables ...
#NanoRoute Version v08.10-p008 NR081027-0018/USR58-UB
#Merging special wires...
#reading routing guides ......
#Number of eco nets is 0
#
#Start data preparation...
#Auto generating G-grids with size=15 tracks, using layer METAL2's pitch = 0.410.
#Using automatically generated G-grids.
#
#Data preparation is done.
#
#  Resource Analysis:
#
#               Routing  #Avail      #Track     #Total     %Gcell
#  Layer      Direction   Track     Blocked      Gcell    Blocked
#  --------------------------------------------------------------
#  Metal 1        H         391           0        1014    82.15%
#  Metal 2        V         587           0        1014     0.00%
#  Metal 3        H         391           0        1014     0.00%
#  Metal 4        V         587           0        1014     0.00%
#  Metal 5        H         391           0        1014     0.00%
#  Metal 6        V         587           0        1014     0.00%
#  Metal 7        H         195           0        1014     0.00%
#  --------------------------------------------------------------
#  Total                   3129       0.00%        7098    11.74%
#
#  117 nets (5.61%) with 1 preferred extra spacing.
#
#
#Routing guide is on
#cpu time = 00:00:00, elapsed time = 00:00:00, memory = 395.00 (Mb)
#
#start global routing iteration 1...
#cpu time = 00:00:00, elapsed time = 00:00:00, memory = 395.00 (Mb)
#
#start global routing iteration 2...
#cpu time = 00:00:00, elapsed time = 00:00:00, memory = 395.00 (Mb)
#
#start global routing iteration 3...
#cpu time = 00:00:00, elapsed time = 00:00:00, memory = 395.00 (Mb)
#
#
#  Congestion Analysis: (blocked Gcells are excluded from the statistics)
#
#                 OverCon          
#                  #Gcell    %Gcell
#     Layer           (1)   OverCon
#  --------------------------------
#   Metal 1      0(0.00%)   (0.00%)
#   Metal 2      0(0.00%)   (0.00%)
#   Metal 3      0(0.00%)   (0.00%)
#   Metal 4      0(0.00%)   (0.00%)
#   Metal 5      0(0.00%)   (0.00%)
#   Metal 6      0(0.00%)   (0.00%)
#   Metal 7      0(0.00%)   (0.00%)
#  --------------------------------
#     Total      0(0.00%)   (0.00%)
#
#  The worst congested Gcell overcon (routing demand over resource in number of tracks) = 1
#
#Complete Global Routing.
#Total wire length = 6577 um.
#Total half perimeter of net bounding box = 5677 um.
#Total wire length on LAYER METAL1 = 0 um.
#Total wire length on LAYER METAL2 = 197 um.
#Total wire length on LAYER METAL3 = 3561 um.
#Total wire length on LAYER METAL4 = 2799 um.
#Total wire length on LAYER METAL5 = 18 um.
#Total wire length on LAYER METAL6 = 0 um.
#Total wire length on LAYER METAL7 = 0 um.
#Total number of vias = 1313
#Up-Via Summary (total 1313):
#           
#-----------------------
#  Metal 1          491
#  Metal 2          476
#  Metal 3          344
#  Metal 4            2
#-----------------------
#                  1313 
#
#Max overcon = 0 track.
#Total overcon = 0.00%.
#Worst layer Gcell overcon rate = 0.00%.
#Cpu time = 00:00:02
#Elapsed time = 00:00:02
#Increased memory = 0.00 (Mb)
#Total memory = 395.00 (Mb)
#Peak memory = 427.00 (Mb)
#
#Start Detail Routing.
#start initial detail routing ...
# ECO: 0.0% of the total area was rechecked for DRC, and 87.5% required routing.
#    number of violations = 2
#cpu time = 00:00:01, elapsed time = 00:00:01, memory = 395.00 (Mb)
#start 1st optimization iteration ...
#    number of violations = 2
#cpu time = 00:00:00, elapsed time = 00:00:00, memory = 395.00 (Mb)
#start 2nd optimization iteration ...
#    number of violations = 2
#cpu time = 00:00:00, elapsed time = 00:00:00, memory = 395.00 (Mb)
#start 3rd optimization iteration ...
#    number of violations = 2
#cpu time = 00:00:00, elapsed time = 00:00:00, memory = 395.00 (Mb)
#start 4th optimization iteration ...
#    number of violations = 2
#cpu time = 00:00:00, elapsed time = 00:00:00, memory = 395.00 (Mb)
#start 5th optimization iteration ...
#    number of violations = 2
#cpu time = 00:00:00, elapsed time = 00:00:00, memory = 395.00 (Mb)
#Complete Detail Routing.
#Total wire length = 6390 um.
#Total half perimeter of net bounding box = 5677 um.
#Total wire length on LAYER METAL1 = 7 um.
#Total wire length on LAYER METAL2 = 104 um.
#Total wire length on LAYER METAL3 = 3116 um.
#Total wire length on LAYER METAL4 = 3162 um.
#Total wire length on LAYER METAL5 = 0 um.
#Total wire length on LAYER METAL6 = 0 um.
#Total wire length on LAYER METAL7 = 0 um.
#Total number of vias = 1815
#Up-Via Summary (total 1815):
#           
#-----------------------
#  Metal 1          590
#  Metal 2          574
#  Metal 3          651
#-----------------------
#                  1815 
#
#Total number of DRC violations = 2
#Total number of violations on LAYER METAL1 = 0
#Total number of violations on LAYER METAL2 = 2
#Total number of violations on LAYER METAL3 = 0
#Total number of violations on LAYER METAL4 = 0
#Total number of violations on LAYER METAL5 = 0
#Total number of violations on LAYER METAL6 = 0
#Total number of violations on LAYER METAL7 = 0
#Cpu time = 00:00:01
#Elapsed time = 00:00:01
#Increased memory = 0.00 (Mb)
#Total memory = 395.00 (Mb)
#Peak memory = 427.00 (Mb)
#detailRoute Statistics:
#Cpu time = 00:00:01
#Elapsed time = 00:00:01
#Increased memory = 0.00 (Mb)
#Total memory = 395.00 (Mb)
#Peak memory = 427.00 (Mb)
#
#globalDetailRoute statistics:
#Cpu time = 00:00:04
#Elapsed time = 00:00:04
#Increased memory = 0.00 (Mb)
#Total memory = 395.00 (Mb)
#Peak memory = 427.00 (Mb)
#Number of warnings = 0
#Total number of warnings = 2
#Number of fails = 0
#Total number of fails = 0
#Complete globalDetailRoute on Sun Aug 18 21:16:03 2024
#
There are 2 violation left....

globalDetailRoute

#Start globalDetailRoute on Sun Aug 18 21:16:03 2024
#
Using detail cap. scale factor for clock nets.
Initializing multi-corner capacitance tables ... 
Initializing multi-corner resistance tables ...
#NanoRoute Version v08.10-p008 NR081027-0018/USR58-UB
#Merging special wires...
#Number of eco nets is 0
#
#Start data preparation...
#
#Data preparation is done.
#
#  Resource Analysis:
#
#               Routing  #Avail      #Track     #Total     %Gcell
#  Layer      Direction   Track     Blocked      Gcell    Blocked
#  --------------------------------------------------------------
#  Metal 1        H         391           0        1014    82.15%
#  Metal 2        V         587           0        1014     0.00%
#  Metal 3        H         391           0        1014     0.00%
#  Metal 4        V         587           0        1014     0.00%
#  Metal 5        H         391           0        1014     0.00%
#  Metal 6        V         587           0        1014     0.00%
#  Metal 7        H         195           0        1014     0.00%
#  --------------------------------------------------------------
#  Total                   3129       0.00%        7098    11.74%
#
#  117 nets (5.61%) with 1 preferred extra spacing.
#
#
#cpu time = 00:00:00, elapsed time = 00:00:00, memory = 395.00 (Mb)
#
#start global routing iteration 1...
#cpu time = 00:00:00, elapsed time = 00:00:00, memory = 395.00 (Mb)
#
#start global routing iteration 2...
#cpu time = 00:00:00, elapsed time = 00:00:00, memory = 395.00 (Mb)
#
#start global routing iteration 3...
#cpu time = 00:00:00, elapsed time = 00:00:00, memory = 395.00 (Mb)
#
#
#  Congestion Analysis: (blocked Gcells are excluded from the statistics)
#
#                 OverCon          
#                  #Gcell    %Gcell
#     Layer           (1)   OverCon
#  --------------------------------
#   Metal 1      0(0.00%)   (0.00%)
#   Metal 2      0(0.00%)   (0.00%)
#   Metal 3      0(0.00%)   (0.00%)
#   Metal 4      0(0.00%)   (0.00%)
#   Metal 5      0(0.00%)   (0.00%)
#   Metal 6      0(0.00%)   (0.00%)
#   Metal 7      0(0.00%)   (0.00%)
#  --------------------------------
#     Total      0(0.00%)   (0.00%)
#
#  The worst congested Gcell overcon (routing demand over resource in number of tracks) = 1
#
#Complete Global Routing.
#Total wire length = 6391 um.
#Total half perimeter of net bounding box = 5677 um.
#Total wire length on LAYER METAL1 = 7 um.
#Total wire length on LAYER METAL2 = 103 um.
#Total wire length on LAYER METAL3 = 3114 um.
#Total wire length on LAYER METAL4 = 3167 um.
#Total wire length on LAYER METAL5 = 0 um.
#Total wire length on LAYER METAL6 = 0 um.
#Total wire length on LAYER METAL7 = 0 um.
#Total number of vias = 1815
#Up-Via Summary (total 1815):
#           
#-----------------------
#  Metal 1          590
#  Metal 2          574
#  Metal 3          651
#-----------------------
#                  1815 
#
#Max overcon = 0 track.
#Total overcon = 0.00%.
#Worst layer Gcell overcon rate = 0.00%.
#Cpu time = 00:00:00
#Elapsed time = 00:00:00
#Increased memory = 0.00 (Mb)
#Total memory = 395.00 (Mb)
#Peak memory = 427.00 (Mb)
#
#Start Detail Routing.
#start initial detail routing ...
# ECO: 0.0% of the total area was rechecked for DRC, and 12.5% required routing.
#    number of violations = 2
#cpu time = 00:00:00, elapsed time = 00:00:00, memory = 395.00 (Mb)
#start 1st optimization iteration ...
#    number of violations = 2
#cpu time = 00:00:00, elapsed time = 00:00:00, memory = 395.00 (Mb)
#start 2nd optimization iteration ...
#    number of violations = 2
#cpu time = 00:00:00, elapsed time = 00:00:00, memory = 395.00 (Mb)
#start 3rd optimization iteration ...
#    number of violations = 2
#cpu time = 00:00:00, elapsed time = 00:00:00, memory = 395.00 (Mb)
#start 4th optimization iteration ...
#    number of violations = 2
#cpu time = 00:00:00, elapsed time = 00:00:00, memory = 395.00 (Mb)
#start 5th optimization iteration ...
#    number of violations = 2
#cpu time = 00:00:00, elapsed time = 00:00:00, memory = 395.00 (Mb)
#Complete Detail Routing.
#Total wire length = 6390 um.
#Total half perimeter of net bounding box = 5677 um.
#Total wire length on LAYER METAL1 = 7 um.
#Total wire length on LAYER METAL2 = 104 um.
#Total wire length on LAYER METAL3 = 3116 um.
#Total wire length on LAYER METAL4 = 3162 um.
#Total wire length on LAYER METAL5 = 0 um.
#Total wire length on LAYER METAL6 = 0 um.
#Total wire length on LAYER METAL7 = 0 um.
#Total number of vias = 1815
#Up-Via Summary (total 1815):
#           
#-----------------------
#  Metal 1          590
#  Metal 2          574
#  Metal 3          651
#-----------------------
#                  1815 
#
#Total number of DRC violations = 2
#Total number of violations on LAYER METAL1 = 0
#Total number of violations on LAYER METAL2 = 2
#Total number of violations on LAYER METAL3 = 0
#Total number of violations on LAYER METAL4 = 0
#Total number of violations on LAYER METAL5 = 0
#Total number of violations on LAYER METAL6 = 0
#Total number of violations on LAYER METAL7 = 0
#Cpu time = 00:00:00
#Elapsed time = 00:00:00
#Increased memory = 0.00 (Mb)
#Total memory = 395.00 (Mb)
#Peak memory = 427.00 (Mb)
#detailRoute Statistics:
#Cpu time = 00:00:00
#Elapsed time = 00:00:00
#Increased memory = 0.00 (Mb)
#Total memory = 395.00 (Mb)
#Peak memory = 427.00 (Mb)
#
#globalDetailRoute statistics:
#Cpu time = 00:00:00
#Elapsed time = 00:00:00
#Increased memory = 0.00 (Mb)
#Total memory = 395.00 (Mb)
#Peak memory = 427.00 (Mb)
#Number of warnings = 0
#Total number of warnings = 2
#Number of fails = 0
#Total number of fails = 0
#Complete globalDetailRoute on Sun Aug 18 21:16:04 2024
#
*** Look For Un-Routed Clock Tree Net ***
All-RC-Corners-Per-Net-In-Memory is turned ON...

# Analysis View: setup1_analysis_view
********** Clock UART_CLK Clk-Route-Only Timing Analysis **********
Nr. of Subtrees                : 18
Nr. of Sinks                   : 71
Nr. of Buffer                  : 34
Nr. of Level (including gates) : 18
Root Rise Input Tran           : 0.1(ps)
Root Fall Input Tran           : 0.1(ps)
Max trig. edge delay at sink(R): U11/M0/R_PTR_TEMP_reg[3]/CK 2062.4(ps)
Min trig. edge delay at sink(R): U11/M2_W/T1_reg[3]/CK 1802.4(ps)


                                 (Actual)               (Required)          
Rise Phase Delay               : 1802.4~2062.4(ps)      0~271000(ps)        
Fall Phase Delay               : 1884.8~2130.9(ps)      0~271000(ps)        
Trig. Edge Skew                : 260(ps)                200(ps)             
Rise Skew                      : 260(ps)                
Fall Skew                      : 246.1(ps)              
Max. Rise Buffer Tran.         : 387.2(ps)              50(ps)              
Max. Fall Buffer Tran.         : 208.8(ps)              50(ps)              
Max. Rise Sink Tran.           : 48.2(ps)               50(ps)              
Max. Fall Sink Tran.           : 44.2(ps)               50(ps)              
Min. Rise Buffer Tran.         : 19.2(ps)               0(ps)               
Min. Fall Buffer Tran.         : 17.2(ps)               0(ps)               
Min. Rise Sink Tran.           : 40.7(ps)               0(ps)               
Min. Fall Sink Tran.           : 37.5(ps)               0(ps)               

view setup1_analysis_view : skew = 260ps (required = 200ps)
view setup2_analysis_view : skew = 260ps (required = 200ps)
view setup3_analysis_view : skew = 260ps (required = 200ps)
view hold1_analysis_view : skew = 102.6ps (required = 200ps)
view hold2_analysis_view : skew = 102.6ps (required = 200ps)
view hold3_analysis_view : skew = 102.6ps (required = 200ps)



# Analysis View: setup1_analysis_view
********** Clock REF_CLK Clk-Route-Only Timing Analysis **********
Nr. of Subtrees                : 3
Nr. of Sinks                   : 268
Nr. of Buffer                  : 43
Nr. of Level (including gates) : 10
Root Rise Input Tran           : 0.1(ps)
Root Fall Input Tran           : 0.1(ps)
Max trig. edge delay at sink(R): U5/RegFile_reg[8][5]/CK 928.1(ps)
Min trig. edge delay at sink(R): U7/ALU_OUT_reg[5]/CK 886.1(ps)


                                 (Actual)               (Required)          
Rise Phase Delay               : 886.1~928.1(ps)        0~20000(ps)         
Fall Phase Delay               : 917.2~958.8(ps)        0~20000(ps)         
Trig. Edge Skew                : 42(ps)                 200(ps)             
Rise Skew                      : 42(ps)                 
Fall Skew                      : 41.6(ps)               
Max. Rise Buffer Tran.         : 109.5(ps)              50(ps)              
Max. Fall Buffer Tran.         : 107.6(ps)              50(ps)              
Max. Rise Sink Tran.           : 55.2(ps)               50(ps)              
Max. Fall Sink Tran.           : 52.5(ps)               50(ps)              
Min. Rise Buffer Tran.         : 20.3(ps)               0(ps)               
Min. Fall Buffer Tran.         : 18.2(ps)               0(ps)               
Min. Rise Sink Tran.           : 48.1(ps)               0(ps)               
Min. Fall Sink Tran.           : 46.6(ps)               0(ps)               

view setup1_analysis_view : skew = 42ps (required = 200ps)
view setup2_analysis_view : skew = 42ps (required = 200ps)
view setup3_analysis_view : skew = 42ps (required = 200ps)
view hold1_analysis_view : skew = 29.4ps (required = 200ps)
view hold2_analysis_view : skew = 29.4ps (required = 200ps)
view hold3_analysis_view : skew = 29.4ps (required = 200ps)



# Analysis View: setup1_analysis_view
********** Clock scan_clk Clk-Route-Only Timing Analysis **********
Nr. of Subtrees                : 22
Nr. of Sinks                   : 339
Nr. of Buffer                  : 95
Nr. of Level (including gates) : 18
Root Rise Input Tran           : 0.1(ps)
Root Fall Input Tran           : 0.1(ps)
Max trig. edge delay at sink(R): U11/M0/R_PTR_TEMP_reg[3]/CK 2071(ps)
Min trig. edge delay at sink(R): U0/RX/M2/bit_cnt_reg[1]/CK 1767.1(ps)


                                 (Actual)               (Required)          
Rise Phase Delay               : 1767.1~2071(ps)        0~100000(ps)        
Fall Phase Delay               : 1742.3~2139.5(ps)      0~100000(ps)        
Trig. Edge Skew                : 303.9(ps)              200(ps)             
Rise Skew                      : 303.9(ps)              
Fall Skew                      : 397.2(ps)              
Max. Rise Buffer Tran.         : 387.2(ps)              50(ps)              
Max. Fall Buffer Tran.         : 208.8(ps)              50(ps)              
Max. Rise Sink Tran.           : 55.2(ps)               50(ps)              
Max. Fall Sink Tran.           : 52.5(ps)               50(ps)              
Min. Rise Buffer Tran.         : 23.7(ps)               0(ps)               
Min. Fall Buffer Tran.         : 22.2(ps)               0(ps)               
Min. Rise Sink Tran.           : 40.7(ps)               0(ps)               
Min. Fall Sink Tran.           : 37.5(ps)               0(ps)               

view setup1_analysis_view : skew = 303.9ps (required = 200ps)
view setup2_analysis_view : skew = 303.9ps (required = 200ps)
view setup3_analysis_view : skew = 303.9ps (required = 200ps)
view hold1_analysis_view : skew = 102.6ps (required = 200ps)
view hold2_analysis_view : skew = 102.6ps (required = 200ps)
view hold3_analysis_view : skew = 102.6ps (required = 200ps)


Clock Analysis (CPU Time 0:00:00.1)


All-RC-Corners-Per-Net-In-Memory is turned OFF...
setting up for view 'setup1_analysis_view'...
setting up for view 'setup2_analysis_view'...
setting up for view 'setup3_analysis_view'...
setting up for view 'hold1_analysis_view'...
setting up for view 'hold2_analysis_view'...
setting up for view 'hold3_analysis_view'...
View 'setup2_analysis_view' in clock tree 'UART_CLK' is redundant
View 'setup3_analysis_view' in clock tree 'UART_CLK' is redundant
View 'hold2_analysis_view' in clock tree 'UART_CLK' is redundant
View 'hold3_analysis_view' in clock tree 'UART_CLK' is redundant
setting up for view 'setup1_analysis_view'...
setting up for view 'setup2_analysis_view'...
setting up for view 'setup3_analysis_view'...
setting up for view 'hold1_analysis_view'...
setting up for view 'hold2_analysis_view'...
setting up for view 'hold3_analysis_view'...
View 'setup2_analysis_view' in clock tree 'REF_CLK' is redundant
View 'setup3_analysis_view' in clock tree 'REF_CLK' is redundant
View 'hold2_analysis_view' in clock tree 'REF_CLK' is redundant
View 'hold3_analysis_view' in clock tree 'REF_CLK' is redundant
setting up for view 'setup1_analysis_view'...
setting up for view 'setup2_analysis_view'...
setting up for view 'setup3_analysis_view'...
setting up for view 'hold1_analysis_view'...
setting up for view 'hold2_analysis_view'...
setting up for view 'hold3_analysis_view'...
View 'setup2_analysis_view' in clock tree 'scan_clk' is redundant
View 'setup3_analysis_view' in clock tree 'scan_clk' is redundant
View 'hold2_analysis_view' in clock tree 'scan_clk' is redundant
View 'hold3_analysis_view' in clock tree 'scan_clk' is redundant
Selecting the worst MMMC view of clock tree 'UART_CLK' ...
Optimizing clock tree 'UART_CLK' in 'setup1_analysis_view' view ...

Calculating clk-route-only downstream delay for clock tree 'UART_CLK' ...
*** Look For PreservePin And Optimized CrossOver Root Pin ***
*** Look For Reconvergent Clock Component ***
The clock tree UART_CLK has reconvergent cell(s).
resized 0 standard cell(s).
inserted 0 standard cell(s).
*** Gated Clock Tree Optimization (cpu=0:00:00.0 mem=395.7M) ***
Selecting the worst MMMC view of clock tree 'REF_CLK' ...
resized 0 standard cell(s).
inserted 0 standard cell(s).
*** Gated Clock Tree Optimization (cpu=0:00:00.0 mem=395.7M) ***
Selecting the worst MMMC view of clock tree 'scan_clk' ...
Optimizing clock tree 'scan_clk' in 'setup1_analysis_view' view ...

Calculating clk-route-only downstream delay for clock tree 'scan_clk' ...
*** Look For PreservePin And Optimized CrossOver Root Pin ***
*** Look For Reconvergent Clock Component ***
The clock tree scan_clk has reconvergent cell(s).
Resized (CLKINVX40M->CLKINVX32M): CLOCK_SCAN_uart_rx__L3_I0
Resized (CLKINVX6M->CLKINVX8M): scan_clk__L2_I0
resized 2 standard cell(s).
inserted 0 standard cell(s).
*** Gated Clock Tree Optimization (cpu=0:00:00.0 mem=395.7M) ***
Doing the final refine placement ...
***** Start Refine Placement.....
Starting refinePlace ...
Statistics of distance of Instance movement in detailed placement:
  maximum (X+Y) =         0.41 um
  inst (scan_clk__L2_I0) with max move: (4.92, 58.63) -> (4.51, 58.63)
  mean    (X+Y) =         0.41 um
Total instances moved : 1
*** cpu=0:00:00.0   mem=395.7M  mem(used)=0.0M***
***** Refine Placement Finished (CPU Time: 0:00:00.0  MEM: 395.746M)

globalDetailRoute

#Start globalDetailRoute on Sun Aug 18 21:16:04 2024
#
Using detail cap. scale factor for clock nets.
Initializing multi-corner capacitance tables ... 
Initializing multi-corner resistance tables ...
#NanoRoute Version v08.10-p008 NR081027-0018/USR58-UB
#Merging special wires...
#15 routed nets are extracted.
#    1 (0.05%) extracted nets are partially routed.
#102 routed nets are imported.
#1912 (91.70%) nets are without wires.
#56 routed nets are fixed|skipped|trivial (not extracted).
#Total number of nets = 2085.
#Number of eco nets is 1
#
#Start data preparation...
#
#Data preparation is done.
#
#  Resource Analysis:
#
#               Routing  #Avail      #Track     #Total     %Gcell
#  Layer      Direction   Track     Blocked      Gcell    Blocked
#  --------------------------------------------------------------
#  Metal 1        H         391           0        1014    82.15%
#  Metal 2        V         587           0        1014     0.00%
#  Metal 3        H         391           0        1014     0.00%
#  Metal 4        V         587           0        1014     0.00%
#  Metal 5        H         391           0        1014     0.00%
#  Metal 6        V         587           0        1014     0.00%
#  Metal 7        H         195           0        1014     0.00%
#  --------------------------------------------------------------
#  Total                   3129       0.00%        7098    11.74%
#
#  117 nets (5.61%) with 1 preferred extra spacing.
#
#
#cpu time = 00:00:00, elapsed time = 00:00:00, memory = 395.00 (Mb)
#
#start global routing iteration 1...
#cpu time = 00:00:00, elapsed time = 00:00:00, memory = 395.00 (Mb)
#
#
#  Congestion Analysis: (blocked Gcells are excluded from the statistics)
#
#                 OverCon          
#                  #Gcell    %Gcell
#     Layer           (1)   OverCon
#  --------------------------------
#   Metal 1      0(0.00%)   (0.00%)
#   Metal 2      0(0.00%)   (0.00%)
#   Metal 3      0(0.00%)   (0.00%)
#   Metal 4      0(0.00%)   (0.00%)
#   Metal 5      0(0.00%)   (0.00%)
#   Metal 6      0(0.00%)   (0.00%)
#   Metal 7      0(0.00%)   (0.00%)
#  --------------------------------
#     Total      0(0.00%)   (0.00%)
#
#  The worst congested Gcell overcon (routing demand over resource in number of tracks) = 1
#
#Complete Global Routing.
#Total wire length = 6390 um.
#Total half perimeter of net bounding box = 5678 um.
#Total wire length on LAYER METAL1 = 7 um.
#Total wire length on LAYER METAL2 = 104 um.
#Total wire length on LAYER METAL3 = 3116 um.
#Total wire length on LAYER METAL4 = 3162 um.
#Total wire length on LAYER METAL5 = 0 um.
#Total wire length on LAYER METAL6 = 0 um.
#Total wire length on LAYER METAL7 = 0 um.
#Total number of vias = 1815
#Up-Via Summary (total 1815):
#           
#-----------------------
#  Metal 1          590
#  Metal 2          574
#  Metal 3          651
#-----------------------
#                  1815 
#
#Max overcon = 0 track.
#Total overcon = 0.00%.
#Worst layer Gcell overcon rate = 0.00%.
#Cpu time = 00:00:00
#Elapsed time = 00:00:00
#Increased memory = 0.00 (Mb)
#Total memory = 395.00 (Mb)
#Peak memory = 427.00 (Mb)
#
#Start Detail Routing.
#start initial detail routing ...
# ECO: 54.2% of the total area was rechecked for DRC, and 4.2% required routing.
#7.1% of the total area is being checked for drcs
#    number of violations = 3
#cpu time = 00:00:00, elapsed time = 00:00:00, memory = 395.00 (Mb)
#start 1st optimization iteration ...
#    number of violations = 2
#cpu time = 00:00:00, elapsed time = 00:00:00, memory = 395.00 (Mb)
#start 2nd optimization iteration ...
#    number of violations = 2
#cpu time = 00:00:00, elapsed time = 00:00:00, memory = 395.00 (Mb)
#start 3rd optimization iteration ...
#    number of violations = 2
#cpu time = 00:00:00, elapsed time = 00:00:00, memory = 395.00 (Mb)
#start 4th optimization iteration ...
#    number of violations = 2
#cpu time = 00:00:00, elapsed time = 00:00:00, memory = 395.00 (Mb)
#start 5th optimization iteration ...
#    number of violations = 2
#cpu time = 00:00:00, elapsed time = 00:00:00, memory = 395.00 (Mb)
#start 6th optimization iteration ...
#    number of violations = 2
#cpu time = 00:00:00, elapsed time = 00:00:00, memory = 395.00 (Mb)
#start 7th optimization iteration ...
#    number of violations = 2
#cpu time = 00:00:00, elapsed time = 00:00:00, memory = 395.00 (Mb)
#start 8th optimization iteration ...
#    number of violations = 2
#cpu time = 00:00:00, elapsed time = 00:00:00, memory = 395.00 (Mb)
#start 9th optimization iteration ...
#    number of violations = 2
#cpu time = 00:00:00, elapsed time = 00:00:00, memory = 395.00 (Mb)
#start 10th optimization iteration ...
#    number of violations = 2
#cpu time = 00:00:00, elapsed time = 00:00:00, memory = 395.00 (Mb)
#start 11th optimization iteration ...
#    number of violations = 2
#cpu time = 00:00:00, elapsed time = 00:00:00, memory = 395.00 (Mb)
#start 12th optimization iteration ...
#    number of violations = 2
#cpu time = 00:00:00, elapsed time = 00:00:00, memory = 395.00 (Mb)
#start 13th optimization iteration ...
#    number of violations = 2
#cpu time = 00:00:00, elapsed time = 00:00:00, memory = 395.00 (Mb)
#start 14th optimization iteration ...
#    number of violations = 2
#cpu time = 00:00:00, elapsed time = 00:00:00, memory = 395.00 (Mb)
#start 15th optimization iteration ...
#    number of violations = 0
#cpu time = 00:00:00, elapsed time = 00:00:00, memory = 395.00 (Mb)
#Complete Detail Routing.
#Total wire length = 6388 um.
#Total half perimeter of net bounding box = 5678 um.
#Total wire length on LAYER METAL1 = 7 um.
#Total wire length on LAYER METAL2 = 109 um.
#Total wire length on LAYER METAL3 = 3116 um.
#Total wire length on LAYER METAL4 = 3156 um.
#Total wire length on LAYER METAL5 = 0 um.
#Total wire length on LAYER METAL6 = 0 um.
#Total wire length on LAYER METAL7 = 0 um.
#Total number of vias = 1810
#Up-Via Summary (total 1810):
#           
#-----------------------
#  Metal 1          590
#  Metal 2          575
#  Metal 3          645
#-----------------------
#                  1810 
#
#Total number of DRC violations = 0
#Total number of violations on LAYER METAL1 = 0
#Total number of violations on LAYER METAL2 = 0
#Total number of violations on LAYER METAL3 = 0
#Total number of violations on LAYER METAL4 = 0
#Total number of violations on LAYER METAL5 = 0
#Total number of violations on LAYER METAL6 = 0
#Total number of violations on LAYER METAL7 = 0
#
#start routing for process antenna violation fix ...
#cpu time = 00:00:00, elapsed time = 00:00:00, memory = 406.00 (Mb)
#
#Total wire length = 6388 um.
#Total half perimeter of net bounding box = 5678 um.
#Total wire length on LAYER METAL1 = 7 um.
#Total wire length on LAYER METAL2 = 109 um.
#Total wire length on LAYER METAL3 = 3116 um.
#Total wire length on LAYER METAL4 = 3156 um.
#Total wire length on LAYER METAL5 = 0 um.
#Total wire length on LAYER METAL6 = 0 um.
#Total wire length on LAYER METAL7 = 0 um.
#Total number of vias = 1810
#Up-Via Summary (total 1810):
#           
#-----------------------
#  Metal 1          590
#  Metal 2          575
#  Metal 3          645
#-----------------------
#                  1810 
#
#Total number of DRC violations = 0
#Total number of net violated process antenna rule = 0
#Total number of violations on LAYER METAL1 = 0
#Total number of violations on LAYER METAL2 = 0
#Total number of violations on LAYER METAL3 = 0
#Total number of violations on LAYER METAL4 = 0
#Total number of violations on LAYER METAL5 = 0
#Total number of violations on LAYER METAL6 = 0
#Total number of violations on LAYER METAL7 = 0
#
#detailRoute Statistics:
#Cpu time = 00:00:01
#Elapsed time = 00:00:01
#Increased memory = 11.00 (Mb)
#Total memory = 406.00 (Mb)
#Peak memory = 427.00 (Mb)
#
#globalDetailRoute statistics:
#Cpu time = 00:00:01
#Elapsed time = 00:00:01
#Increased memory = 11.00 (Mb)
#Total memory = 406.00 (Mb)
#Peak memory = 427.00 (Mb)
#Number of warnings = 0
#Total number of warnings = 2
#Number of fails = 0
#Total number of fails = 0
#Complete globalDetailRoute on Sun Aug 18 21:16:05 2024
#
*** Re-Route Steiner Clock Tree/Signal Net (cpu=0:00:01.2 mem=406.8M) ***
*** Look For Un-Routed Clock Tree Net ***
All-RC-Corners-Per-Net-In-Memory is turned ON...

# Analysis View: setup1_analysis_view
********** Clock UART_CLK Clk-Route-Only Timing Analysis **********
Nr. of Subtrees                : 18
Nr. of Sinks                   : 71
Nr. of Buffer                  : 34
Nr. of Level (including gates) : 18
Root Rise Input Tran           : 0.1(ps)
Root Fall Input Tran           : 0.1(ps)
Max trig. edge delay at sink(R): U11/M0/R_PTR_TEMP_reg[3]/CK 2062.5(ps)
Min trig. edge delay at sink(R): U11/M2_W/T1_reg[3]/CK 1802.5(ps)


                                 (Actual)               (Required)          
Rise Phase Delay               : 1802.5~2062.5(ps)      0~271000(ps)        
Fall Phase Delay               : 1884.9~2131(ps)        0~271000(ps)        
Trig. Edge Skew                : 260(ps)                200(ps)             
Rise Skew                      : 260(ps)                
Fall Skew                      : 246.1(ps)              
Max. Rise Buffer Tran.         : 387.2(ps)              50(ps)              
Max. Fall Buffer Tran.         : 208.8(ps)              50(ps)              
Max. Rise Sink Tran.           : 48.1(ps)               50(ps)              
Max. Fall Sink Tran.           : 44.1(ps)               50(ps)              
Min. Rise Buffer Tran.         : 19.3(ps)               0(ps)               
Min. Fall Buffer Tran.         : 17.2(ps)               0(ps)               
Min. Rise Sink Tran.           : 43(ps)                 0(ps)               
Min. Fall Sink Tran.           : 39.6(ps)               0(ps)               

view setup1_analysis_view : skew = 260ps (required = 200ps)
view setup2_analysis_view : skew = 260ps (required = 200ps)
view setup3_analysis_view : skew = 260ps (required = 200ps)
view hold1_analysis_view : skew = 102.7ps (required = 200ps)
view hold2_analysis_view : skew = 102.7ps (required = 200ps)
view hold3_analysis_view : skew = 102.7ps (required = 200ps)



# Analysis View: setup1_analysis_view
********** Clock REF_CLK Clk-Route-Only Timing Analysis **********
Nr. of Subtrees                : 3
Nr. of Sinks                   : 268
Nr. of Buffer                  : 43
Nr. of Level (including gates) : 10
Root Rise Input Tran           : 0.1(ps)
Root Fall Input Tran           : 0.1(ps)
Max trig. edge delay at sink(R): U5/RegFile_reg[8][5]/CK 928(ps)
Min trig. edge delay at sink(R): U7/ALU_OUT_reg[5]/CK 886.1(ps)


                                 (Actual)               (Required)          
Rise Phase Delay               : 886.1~928(ps)          0~20000(ps)         
Fall Phase Delay               : 917.2~958.8(ps)        0~20000(ps)         
Trig. Edge Skew                : 41.9(ps)               200(ps)             
Rise Skew                      : 41.9(ps)               
Fall Skew                      : 41.6(ps)               
Max. Rise Buffer Tran.         : 109.4(ps)              50(ps)              
Max. Fall Buffer Tran.         : 107.6(ps)              50(ps)              
Max. Rise Sink Tran.           : 55.2(ps)               50(ps)              
Max. Fall Sink Tran.           : 52.5(ps)               50(ps)              
Min. Rise Buffer Tran.         : 20.3(ps)               0(ps)               
Min. Fall Buffer Tran.         : 18.2(ps)               0(ps)               
Min. Rise Sink Tran.           : 48.1(ps)               0(ps)               
Min. Fall Sink Tran.           : 46.6(ps)               0(ps)               

view setup1_analysis_view : skew = 41.9ps (required = 200ps)
view setup2_analysis_view : skew = 41.9ps (required = 200ps)
view setup3_analysis_view : skew = 41.9ps (required = 200ps)
view hold1_analysis_view : skew = 29.5ps (required = 200ps)
view hold2_analysis_view : skew = 29.5ps (required = 200ps)
view hold3_analysis_view : skew = 29.5ps (required = 200ps)



# Analysis View: setup1_analysis_view
********** Clock scan_clk Clk-Route-Only Timing Analysis **********
Nr. of Subtrees                : 22
Nr. of Sinks                   : 339
Nr. of Buffer                  : 95
Nr. of Level (including gates) : 18
Root Rise Input Tran           : 0.1(ps)
Root Fall Input Tran           : 0.1(ps)
Max trig. edge delay at sink(R): U11/M0/R_PTR_TEMP_reg[3]/CK 2069.6(ps)
Min trig. edge delay at sink(R): U0/RX/M2/bit_cnt_reg[1]/CK 1774.1(ps)


                                 (Actual)               (Required)          
Rise Phase Delay               : 1774.1~2069.6(ps)      0~100000(ps)        
Fall Phase Delay               : 1746.1~2138.1(ps)      0~100000(ps)        
Trig. Edge Skew                : 295.5(ps)              200(ps)             
Rise Skew                      : 295.5(ps)              
Fall Skew                      : 392(ps)                
Max. Rise Buffer Tran.         : 387.2(ps)              50(ps)              
Max. Fall Buffer Tran.         : 208.8(ps)              50(ps)              
Max. Rise Sink Tran.           : 55.2(ps)               50(ps)              
Max. Fall Sink Tran.           : 52.5(ps)               50(ps)              
Min. Rise Buffer Tran.         : 22.2(ps)               0(ps)               
Min. Fall Buffer Tran.         : 22.2(ps)               0(ps)               
Min. Rise Sink Tran.           : 43(ps)                 0(ps)               
Min. Fall Sink Tran.           : 39.6(ps)               0(ps)               

view setup1_analysis_view : skew = 295.5ps (required = 200ps)
view setup2_analysis_view : skew = 295.5ps (required = 200ps)
view setup3_analysis_view : skew = 295.5ps (required = 200ps)
view hold1_analysis_view : skew = 102.7ps (required = 200ps)
view hold2_analysis_view : skew = 102.7ps (required = 200ps)
view hold3_analysis_view : skew = 102.7ps (required = 200ps)


Clock Analysis (CPU Time 0:00:00.1)


All-RC-Corners-Per-Net-In-Memory is turned OFF...
Switching to the default view 'setup1_analysis_view' ...
The clock tree UART_CLK has crossover cell(s).
The clock tree REF_CLK has crossover cell(s).
The clock tree scan_clk has crossover cell(s).

*** None of the buffer chains at roots are modified by the fine-tune process.

All-RC-Corners-Per-Net-In-Memory is turned ON...

# Analysis View: setup1_analysis_view
********** Clock UART_CLK Clk-Route-Only Timing Analysis **********
Nr. of Subtrees                : 18
Nr. of Sinks                   : 71
Nr. of Buffer                  : 34
Nr. of Level (including gates) : 18
Root Rise Input Tran           : 0.1(ps)
Root Fall Input Tran           : 0.1(ps)
Max trig. edge delay at sink(R): U11/M0/R_PTR_TEMP_reg[3]/CK 2062.5(ps)
Min trig. edge delay at sink(R): U11/M2_W/T1_reg[3]/CK 1802.5(ps)


                                 (Actual)               (Required)          
Rise Phase Delay               : 1802.5~2062.5(ps)      0~271000(ps)        
Fall Phase Delay               : 1884.9~2131(ps)        0~271000(ps)        
Trig. Edge Skew                : 260(ps)                200(ps)             
Rise Skew                      : 260(ps)                
Fall Skew                      : 246.1(ps)              
Max. Rise Buffer Tran.         : 387.2(ps)              50(ps)              
Max. Fall Buffer Tran.         : 208.8(ps)              50(ps)              
Max. Rise Sink Tran.           : 48.1(ps)               50(ps)              
Max. Fall Sink Tran.           : 44.1(ps)               50(ps)              
Min. Rise Buffer Tran.         : 19.3(ps)               0(ps)               
Min. Fall Buffer Tran.         : 17.2(ps)               0(ps)               
Min. Rise Sink Tran.           : 43(ps)                 0(ps)               
Min. Fall Sink Tran.           : 39.6(ps)               0(ps)               

view setup1_analysis_view : skew = 260ps (required = 200ps)
view setup2_analysis_view : skew = 260ps (required = 200ps)
view setup3_analysis_view : skew = 260ps (required = 200ps)
view hold1_analysis_view : skew = 102.7ps (required = 200ps)
view hold2_analysis_view : skew = 102.7ps (required = 200ps)
view hold3_analysis_view : skew = 102.7ps (required = 200ps)


Clock UART_CLK has been routed. Routing guide will not be generated.
enter checking logic.
*** Look For Reconvergent Clock Component ***
The clock tree REF_CLK has no reconvergent cell.

# Analysis View: setup1_analysis_view
********** Clock REF_CLK Clk-Route-Only Timing Analysis **********
Nr. of Subtrees                : 3
Nr. of Sinks                   : 268
Nr. of Buffer                  : 43
Nr. of Level (including gates) : 10
Root Rise Input Tran           : 0.1(ps)
Root Fall Input Tran           : 0.1(ps)
Max trig. edge delay at sink(R): U5/RegFile_reg[8][5]/CK 928(ps)
Min trig. edge delay at sink(R): U7/ALU_OUT_reg[5]/CK 886.1(ps)


                                 (Actual)               (Required)          
Rise Phase Delay               : 886.1~928(ps)          0~20000(ps)         
Fall Phase Delay               : 917.2~958.8(ps)        0~20000(ps)         
Trig. Edge Skew                : 41.9(ps)               200(ps)             
Rise Skew                      : 41.9(ps)               
Fall Skew                      : 41.6(ps)               
Max. Rise Buffer Tran.         : 109.4(ps)              50(ps)              
Max. Fall Buffer Tran.         : 107.6(ps)              50(ps)              
Max. Rise Sink Tran.           : 55.2(ps)               50(ps)              
Max. Fall Sink Tran.           : 52.5(ps)               50(ps)              
Min. Rise Buffer Tran.         : 20.3(ps)               0(ps)               
Min. Fall Buffer Tran.         : 18.2(ps)               0(ps)               
Min. Rise Sink Tran.           : 48.1(ps)               0(ps)               
Min. Fall Sink Tran.           : 46.6(ps)               0(ps)               

view setup1_analysis_view : skew = 41.9ps (required = 200ps)
view setup2_analysis_view : skew = 41.9ps (required = 200ps)
view setup3_analysis_view : skew = 41.9ps (required = 200ps)
view hold1_analysis_view : skew = 29.5ps (required = 200ps)
view hold2_analysis_view : skew = 29.5ps (required = 200ps)
view hold3_analysis_view : skew = 29.5ps (required = 200ps)


Clock REF_CLK has been routed. Routing guide will not be generated.
enter checking logic.

# Analysis View: setup1_analysis_view
********** Clock scan_clk Clk-Route-Only Timing Analysis **********
Nr. of Subtrees                : 22
Nr. of Sinks                   : 339
Nr. of Buffer                  : 95
Nr. of Level (including gates) : 18
Root Rise Input Tran           : 0.1(ps)
Root Fall Input Tran           : 0.1(ps)
Max trig. edge delay at sink(R): U11/M0/R_PTR_TEMP_reg[3]/CK 2069.6(ps)
Min trig. edge delay at sink(R): U0/RX/M2/bit_cnt_reg[1]/CK 1774.1(ps)


                                 (Actual)               (Required)          
Rise Phase Delay               : 1774.1~2069.6(ps)      0~100000(ps)        
Fall Phase Delay               : 1746.1~2138.1(ps)      0~100000(ps)        
Trig. Edge Skew                : 295.5(ps)              200(ps)             
Rise Skew                      : 295.5(ps)              
Fall Skew                      : 392(ps)                
Max. Rise Buffer Tran.         : 387.2(ps)              50(ps)              
Max. Fall Buffer Tran.         : 208.8(ps)              50(ps)              
Max. Rise Sink Tran.           : 55.2(ps)               50(ps)              
Max. Fall Sink Tran.           : 52.5(ps)               50(ps)              
Min. Rise Buffer Tran.         : 22.2(ps)               0(ps)               
Min. Fall Buffer Tran.         : 22.2(ps)               0(ps)               
Min. Rise Sink Tran.           : 43(ps)                 0(ps)               
Min. Fall Sink Tran.           : 39.6(ps)               0(ps)               

view setup1_analysis_view : skew = 295.5ps (required = 200ps)
view setup2_analysis_view : skew = 295.5ps (required = 200ps)
view setup3_analysis_view : skew = 295.5ps (required = 200ps)
view hold1_analysis_view : skew = 102.7ps (required = 200ps)
view hold2_analysis_view : skew = 102.7ps (required = 200ps)
view hold3_analysis_view : skew = 102.7ps (required = 200ps)


Clock scan_clk has been routed. Routing guide will not be generated.
enter checking logic.
Generating Clock Analysis Report clock_report/clock.report ....
Generating Clock Routing Guide SYS_TOP.rguide ....
Clock Analysis (CPU Time 0:00:00.1)


All-RC-Corners-Per-Net-In-Memory is turned OFF...
*** End ckSynthesis (cpu=0:00:14.7, real=0:00:14.0, mem=406.8M) ***
<clockDesign CMD> timeDesign -postCTS -outDir clock_report
-engine default                        # enums={feDC signalStorm default}, default=default, user setting
-signOff false                         # bool, default=false
*** Starting trialRoute (mem=406.8M) ***

There are 0 pin guide points passed to trialRoute.
Options:  -handlePreroute -keepMarkedOptRoutes -noPinGuide

Nr of prerouted/Fixed nets = 117
There are 117 nets with 1 extra space.
routingBox: (0 0) (480940 320940)
coreBox:    (8200 8200) (472940 312940)
There are 117 prerouted nets with extraSpace.
Number of multi-gpin terms=198, multi-gpins=396, moved blk term=0/85

Phase 1a route (0:00:00.0 406.8M):
Est net length = 5.211e+04um = 2.809e+04H + 2.402e+04V
Usage: (20.3%H 20.9%V) = (4.572e+04um 5.643e+04um) = (22193 19662)
Obstruct: 51 = 0 (0.0%H) + 51 (0.8%V)
Overflow: 46 = 0 (0.00% H) + 46 (0.70% V)
Number obstruct path=15 reroute=0

There are 117 prerouted nets with extraSpace.
Phase 1b route (0:00:00.0 406.8M):
Usage: (20.3%H 20.9%V) = (4.567e+04um 5.644e+04um) = (22165 19667)
Overflow: 46 = 0 (0.00% H) + 46 (0.70% V)

There are 117 prerouted nets with extraSpace.
Phase 1c route (0:00:00.0 406.8M):
Usage: (20.2%H 20.9%V) = (4.560e+04um 5.641e+04um) = (22131 19654)
Overflow: 41 = 0 (0.00% H) + 41 (0.62% V)

Phase 1d route (0:00:00.0 406.8M):
Usage: (20.2%H 20.9%V) = (4.560e+04um 5.641e+04um) = (22131 19654)
Overflow: 41 = 0 (0.00% H) + 41 (0.62% V)

Phase 1e route (0:00:00.0 406.8M):
Usage: (20.3%H 20.9%V) = (4.563e+04um 5.642e+04um) = (22148 19658)
Overflow: 25 = 0 (0.00% H) + 25 (0.38% V)

Phase 1f route (0:00:00.0 406.8M):
Usage: (20.3%H 20.9%V) = (4.564e+04um 5.642e+04um) = (22150 19658)
Overflow: 24 = 0 (0.00% H) + 24 (0.36% V)

Congestion distribution:

Remain	cntH		cntV
--------------------------------------
 -3:	0	 0.00%	2	 0.03%
 -2:	0	 0.00%	5	 0.08%
 -1:	0	 0.00%	13	 0.20%
--------------------------------------
  0:	0	 0.00%	42	 0.65%
  1:	0	 0.00%	56	 0.86%
  2:	0	 0.00%	70	 1.08%
  3:	2	 0.03%	44	 0.68%
  4:	8	 0.12%	46	 0.71%
  5:	25	 0.38%	84	 1.29%
  6:	48	 0.73%	154	 2.37%
  7:	310	 4.73%	159	 2.44%
  8:	147	 2.24%	272	 4.18%
  9:	315	 4.81%	420	 6.46%
 10:	372	 5.68%	571	 8.78%
 11:	442	 6.74%	812	12.48%
 12:	605	 9.23%	942	14.48%
 13:	801	12.22%	986	15.16%
 14:	886	13.52%	823	12.65%
 15:	856	13.06%	968	14.88%
 16:	803	12.25%	9	 0.14%
 17:	632	 9.64%	9	 0.14%
 18:	303	 4.62%	13	 0.20%
 20:	0	 0.00%	4	 0.06%


Using detail cap. scale factor for clock nets.
Initializing multi-corner capacitance tables ... 
Initializing multi-corner resistance tables ...

*** Memory Usage v0.144 (Current mem = 406.750M, initial mem = 62.238M) ***
Phase 1l route (0:00:00.1 406.8M):
There are 117 prerouted nets with extraSpace.


*** After '-updateRemainTrks' operation: 

Usage: (20.6%H 21.3%V) = (4.650e+04um 5.732e+04um) = (22561 19972)
Overflow: 36 = 0 (0.00% H) + 36 (0.56% V)

Congestion distribution:

Remain	cntH		cntV
--------------------------------------
 -3:	0	 0.00%	2	 0.03%
 -2:	0	 0.00%	7	 0.11%
 -1:	0	 0.00%	23	 0.35%
--------------------------------------
  0:	0	 0.00%	36	 0.55%
  1:	0	 0.00%	57	 0.88%
  2:	0	 0.00%	63	 0.97%
  3:	2	 0.03%	48	 0.74%
  4:	9	 0.14%	52	 0.80%
  5:	27	 0.41%	84	 1.29%
  6:	54	 0.82%	160	 2.46%
  7:	319	 4.87%	171	 2.63%
  8:	148	 2.26%	298	 4.58%
  9:	319	 4.87%	389	 5.98%
 10:	392	 5.98%	574	 8.83%
 11:	451	 6.88%	799	12.28%
 12:	620	 9.46%	937	14.41%
 13:	787	12.01%	987	15.18%
 14:	892	13.61%	816	12.55%
 15:	830	12.66%	967	14.87%
 16:	798	12.17%	8	 0.12%
 17:	607	 9.26%	9	 0.14%
 18:	300	 4.58%	13	 0.20%
 20:	0	 0.00%	4	 0.06%



*** Completed Phase 1 route (0:00:00.2 406.8M) ***


Total length: 6.125e+04um, number of vias: 16926
M1(H) length: 8.375e+00um, number of vias: 7962
M2(V) length: 2.175e+04um, number of vias: 7295
M3(H) length: 2.814e+04um, number of vias: 1457
M4(V) length: 8.509e+03um, number of vias: 206
M5(H) length: 2.804e+03um, number of vias: 6
M6(V) length: 4.674e+01um, number of vias: 0
M7(H) length: 0.000e+00um
*** Completed Phase 2 route (0:00:00.0 406.8M) ***

*** Finished all Phases (cpu=0:00:00.2 mem=406.8M) ***
Peak Memory Usage was 406.8M 
*** Finished trialRoute (cpu=0:00:00.2 mem=406.8M) ***

Default RC Extraction called for design SYS_TOP.
RC Extraction called in multi-corner(1) mode.
RCMode: Default
      RC Corner Indexes            0   
Capacitance Scaling Factor   : 1.00000 
Coupling Cap. Scaling Factor : 1.00000 
Resistance Scaling Factor    : 1.00000 
Shrink Factor                : 1.00000
Default RC extraction is honoring NDR/Shielding/ExtraSpace for clock nets.
Using detail cap. scale factor for clock nets.
Initializing multi-corner capacitance tables ... 
Initializing multi-corner resistance tables ...
Default RC Extraction DONE (CPU Time: 0:00:00.0  Real Time: 0:00:00.0  MEM: 406.750M)
Found active setup analysis view setup1_analysis_view
Found active setup analysis view setup2_analysis_view
Found active setup analysis view setup3_analysis_view
Found active hold analysis view hold1_analysis_view
Found active hold analysis view hold2_analysis_view
Found active hold analysis view hold3_analysis_view

------------------------------------------------------------
          timeDesign Summary                             
------------------------------------------------------------

+--------------------+---------+---------+---------+---------+---------+---------+
|     Setup mode     |   all   | reg2reg | in2reg  | reg2out | in2out  | clkgate |
+--------------------+---------+---------+---------+---------+---------+---------+
|           WNS (ns):|  2.342  |  2.342  | 16.924  | 77.046  |   N/A   | 17.815  |
|           TNS (ns):|  0.000  |  0.000  |  0.000  |  0.000  |   N/A   |  0.000  |
|    Violating Paths:|    0    |    0    |    0    |    0    |   N/A   |    0    |
|          All Paths:|  1032   |  1015   |   360   |    7    |   N/A   |    3    |
+--------------------+---------+---------+---------+---------+---------+---------+

+----------------+---------------------------+--------------+
|                |            Real           |     Total    |
|    DRVs        +--------------+------------+--------------|
|                |Nr nets(terms)| Worst Vio  |Nr nets(terms)|
+----------------+--------------+------------+--------------+
|   max_cap      |    0 (0)     |   0.000    |    0 (0)     |
|   max_tran     |    0 (0)     |   0.000    |    0 (0)     |
|   max_fanout   |    0 (0)     |     0      |    0 (0)     |
+----------------+--------------+------------+--------------+

Density: 76.973%
Routing Overflow: 0.00% H and 0.56% V
------------------------------------------------------------
Reported timing to dir clock_report
Total CPU time: 1.22 sec
Total Real time: 2.0 sec
Total Memory Usage: 406.75 Mbytes
<CMD> clearClockDomains
<CMD> setClockDomains -all
setClockDomains -all 
**WARN: (SOCSYC-1873):	The setClockDomains -all option is unsupported in CTE mode 
<CMD> timeDesign -postCTS -hold -pathReports -slackReports -numPaths 50 -prefix SYS_TOP_postCTS -outDir timingReports
-engine default                        # enums={feDC signalStorm default}, default=default, user setting
-signOff false                         # bool, default=false
*** Starting trialRoute (mem=406.8M) ***

There are 0 pin guide points passed to trialRoute.
Options:  -handlePreroute -keepMarkedOptRoutes -noPinGuide

Nr of prerouted/Fixed nets = 117
There are 117 nets with 1 extra space.
routingBox: (0 0) (480940 320940)
coreBox:    (8200 8200) (472940 312940)
There are 117 prerouted nets with extraSpace.
Number of multi-gpin terms=198, multi-gpins=396, moved blk term=0/85

Phase 1a route (0:00:00.0 406.8M):
Est net length = 5.211e+04um = 2.809e+04H + 2.402e+04V
Usage: (20.3%H 20.9%V) = (4.572e+04um 5.643e+04um) = (22193 19662)
Obstruct: 51 = 0 (0.0%H) + 51 (0.8%V)
Overflow: 46 = 0 (0.00% H) + 46 (0.70% V)
Number obstruct path=15 reroute=0

There are 117 prerouted nets with extraSpace.
Phase 1b route (0:00:00.0 406.8M):
Usage: (20.3%H 20.9%V) = (4.567e+04um 5.644e+04um) = (22165 19667)
Overflow: 46 = 0 (0.00% H) + 46 (0.70% V)

There are 117 prerouted nets with extraSpace.
Phase 1c route (0:00:00.0 406.8M):
Usage: (20.2%H 20.9%V) = (4.560e+04um 5.641e+04um) = (22131 19654)
Overflow: 41 = 0 (0.00% H) + 41 (0.62% V)

Phase 1d route (0:00:00.0 406.8M):
Usage: (20.2%H 20.9%V) = (4.560e+04um 5.641e+04um) = (22131 19654)
Overflow: 41 = 0 (0.00% H) + 41 (0.62% V)

Phase 1e route (0:00:00.0 406.8M):
Usage: (20.3%H 20.9%V) = (4.563e+04um 5.642e+04um) = (22148 19658)
Overflow: 25 = 0 (0.00% H) + 25 (0.38% V)

Phase 1f route (0:00:00.0 406.8M):
Usage: (20.3%H 20.9%V) = (4.564e+04um 5.642e+04um) = (22150 19658)
Overflow: 24 = 0 (0.00% H) + 24 (0.36% V)

Congestion distribution:

Remain	cntH		cntV
--------------------------------------
 -3:	0	 0.00%	2	 0.03%
 -2:	0	 0.00%	5	 0.08%
 -1:	0	 0.00%	13	 0.20%
--------------------------------------
  0:	0	 0.00%	42	 0.65%
  1:	0	 0.00%	56	 0.86%
  2:	0	 0.00%	70	 1.08%
  3:	2	 0.03%	44	 0.68%
  4:	8	 0.12%	46	 0.71%
  5:	25	 0.38%	84	 1.29%
  6:	48	 0.73%	154	 2.37%
  7:	310	 4.73%	159	 2.44%
  8:	147	 2.24%	272	 4.18%
  9:	315	 4.81%	420	 6.46%
 10:	372	 5.68%	571	 8.78%
 11:	442	 6.74%	812	12.48%
 12:	605	 9.23%	942	14.48%
 13:	801	12.22%	986	15.16%
 14:	886	13.52%	823	12.65%
 15:	856	13.06%	968	14.88%
 16:	803	12.25%	9	 0.14%
 17:	632	 9.64%	9	 0.14%
 18:	303	 4.62%	13	 0.20%
 20:	0	 0.00%	4	 0.06%


Using detail cap. scale factor for clock nets.
Initializing multi-corner capacitance tables ... 
Initializing multi-corner resistance tables ...

*** Memory Usage v0.144 (Current mem = 406.750M, initial mem = 62.238M) ***
Phase 1l route (0:00:00.0 406.8M):
There are 117 prerouted nets with extraSpace.


*** After '-updateRemainTrks' operation: 

Usage: (20.6%H 21.3%V) = (4.650e+04um 5.732e+04um) = (22561 19972)
Overflow: 36 = 0 (0.00% H) + 36 (0.56% V)

Congestion distribution:

Remain	cntH		cntV
--------------------------------------
 -3:	0	 0.00%	2	 0.03%
 -2:	0	 0.00%	7	 0.11%
 -1:	0	 0.00%	23	 0.35%
--------------------------------------
  0:	0	 0.00%	36	 0.55%
  1:	0	 0.00%	57	 0.88%
  2:	0	 0.00%	63	 0.97%
  3:	2	 0.03%	48	 0.74%
  4:	9	 0.14%	52	 0.80%
  5:	27	 0.41%	84	 1.29%
  6:	54	 0.82%	160	 2.46%
  7:	319	 4.87%	171	 2.63%
  8:	148	 2.26%	298	 4.58%
  9:	319	 4.87%	389	 5.98%
 10:	392	 5.98%	574	 8.83%
 11:	451	 6.88%	799	12.28%
 12:	620	 9.46%	937	14.41%
 13:	787	12.01%	987	15.18%
 14:	892	13.61%	816	12.55%
 15:	830	12.66%	967	14.87%
 16:	798	12.17%	8	 0.12%
 17:	607	 9.26%	9	 0.14%
 18:	300	 4.58%	13	 0.20%
 20:	0	 0.00%	4	 0.06%



*** Completed Phase 1 route (0:00:00.0 406.8M) ***


Total length: 6.125e+04um, number of vias: 16926
M1(H) length: 8.375e+00um, number of vias: 7962
M2(V) length: 2.175e+04um, number of vias: 7295
M3(H) length: 2.814e+04um, number of vias: 1457
M4(V) length: 8.509e+03um, number of vias: 206
M5(H) length: 2.804e+03um, number of vias: 6
M6(V) length: 4.674e+01um, number of vias: 0
M7(H) length: 0.000e+00um
*** Completed Phase 2 route (0:00:00.0 406.8M) ***

*** Finished all Phases (cpu=0:00:00.0 mem=406.8M) ***
Peak Memory Usage was 406.8M 
*** Finished trialRoute (cpu=0:00:00.0 mem=406.8M) ***

Default RC Extraction called for design SYS_TOP.
RC Extraction called in multi-corner(1) mode.
RCMode: Default
      RC Corner Indexes            0   
Capacitance Scaling Factor   : 1.00000 
Coupling Cap. Scaling Factor : 1.00000 
Resistance Scaling Factor    : 1.00000 
Shrink Factor                : 1.00000
Default RC extraction is honoring NDR/Shielding/ExtraSpace for clock nets.
Using detail cap. scale factor for clock nets.
Initializing multi-corner capacitance tables ... 
Initializing multi-corner resistance tables ...
Default RC Extraction DONE (CPU Time: 0:00:00.0  Real Time: 0:00:00.0  MEM: 406.750M)
Found active setup analysis view setup1_analysis_view
Found active setup analysis view setup2_analysis_view
Found active setup analysis view setup3_analysis_view
Found active hold analysis view hold1_analysis_view
Found active hold analysis view hold2_analysis_view
Found active hold analysis view hold3_analysis_view

------------------------------------------------------------
          timeDesign Summary                             
------------------------------------------------------------

+--------------------+---------+---------+---------+---------+---------+---------+
|     Hold mode      |   all   | reg2reg | in2reg  | reg2out | in2out  | clkgate |
+--------------------+---------+---------+---------+---------+---------+---------+
|           WNS (ns):|-135.674 | -0.452  | -0.722  | 20.996  |   N/A   |-135.674 |
|           TNS (ns):|-329.690 | -6.208  | -57.128 |  0.000  |   N/A   |-271.258 |
|    Violating Paths:|   175   |   77    |   166   |    0    |   N/A   |    2    |
|          All Paths:|  1032   |  1015   |   360   |    7    |   N/A   |    3    |
+--------------------+---------+---------+---------+---------+---------+---------+

Density: 76.973%
Routing Overflow: 0.00% H and 0.56% V
------------------------------------------------------------
Reported timing to dir timingReports
Total CPU time: 0.76 sec
Total Real time: 1.0 sec
Total Memory Usage: 406.75 Mbytes
<CMD> optDesign -postCTS -hold
**optDesign ... cpu = 0:00:00, real = 0:00:00, mem = 406.8M **
*** optDesign -postCTS ***
DRC Margin: user margin 0.0; extra margin 0.2
Hold Target Slack: user slack 0.0
Setup Target Slack: user slack 0.0;
*info: Setting setup target slack to 0.000
*info: Hold target slack is 0.000
*** CTE mode ***
*** Starting trialRoute (mem=406.8M) ***

There are 0 pin guide points passed to trialRoute.
Start to check current routing status for nets...
All nets are already routed correctly.
*** Finishing trialRoute (mem=406.8M) ***

*info: All cells identified as Buffer and Delay cells:
*info: --------------------------------------------------
*info:           DLY4X1M         -   scmetro_tsmc_cl013g_rvt_ff_1p32v_m40c
*info:           DLY3X1M         -   scmetro_tsmc_cl013g_rvt_ff_1p32v_m40c
*info:           DLY2X1M         -   scmetro_tsmc_cl013g_rvt_ff_1p32v_m40c
*info:           DLY1X1M         -   scmetro_tsmc_cl013g_rvt_ff_1p32v_m40c
*info:           DLY4X4M         -   scmetro_tsmc_cl013g_rvt_ff_1p32v_m40c
*info:           DLY3X4M         -   scmetro_tsmc_cl013g_rvt_ff_1p32v_m40c
*info:           DLY2X4M         -   scmetro_tsmc_cl013g_rvt_ff_1p32v_m40c
*info:           DLY1X4M         -   scmetro_tsmc_cl013g_rvt_ff_1p32v_m40c
*info:           DLY4X1M         -   scmetro_tsmc_cl013g_rvt_ff_1p32v_m40c
*info:           DLY3X1M         -   scmetro_tsmc_cl013g_rvt_ff_1p32v_m40c
*info:           DLY2X1M         -   scmetro_tsmc_cl013g_rvt_ff_1p32v_m40c
*info:           DLY1X1M         -   scmetro_tsmc_cl013g_rvt_ff_1p32v_m40c
*info:           DLY4X4M         -   scmetro_tsmc_cl013g_rvt_ff_1p32v_m40c
*info:           DLY3X4M         -   scmetro_tsmc_cl013g_rvt_ff_1p32v_m40c
*info:           DLY2X4M         -   scmetro_tsmc_cl013g_rvt_ff_1p32v_m40c
*info:           DLY1X4M         -   scmetro_tsmc_cl013g_rvt_ff_1p32v_m40c
*info:           DLY4X1M         -   scmetro_tsmc_cl013g_rvt_ff_1p32v_m40c
*info:           DLY3X1M         -   scmetro_tsmc_cl013g_rvt_ff_1p32v_m40c
*info:           DLY2X1M         -   scmetro_tsmc_cl013g_rvt_ff_1p32v_m40c
*info:           DLY1X1M         -   scmetro_tsmc_cl013g_rvt_ff_1p32v_m40c
*info:           DLY4X4M         -   scmetro_tsmc_cl013g_rvt_ff_1p32v_m40c
*info:           DLY3X4M         -   scmetro_tsmc_cl013g_rvt_ff_1p32v_m40c
*info:           DLY2X4M         -   scmetro_tsmc_cl013g_rvt_ff_1p32v_m40c
*info:           DLY1X4M         -   scmetro_tsmc_cl013g_rvt_ff_1p32v_m40c
*info:           DLY4X1M         -   scmetro_tsmc_cl013g_rvt_ff_1p32v_m40c
*info:           DLY3X1M         -   scmetro_tsmc_cl013g_rvt_ff_1p32v_m40c
*info:           DLY2X1M         -   scmetro_tsmc_cl013g_rvt_ff_1p32v_m40c
*info:           DLY1X1M         -   scmetro_tsmc_cl013g_rvt_ff_1p32v_m40c
*info:           DLY4X4M         -   scmetro_tsmc_cl013g_rvt_ff_1p32v_m40c
*info:           DLY3X4M         -   scmetro_tsmc_cl013g_rvt_ff_1p32v_m40c
*info:           DLY2X4M         -   scmetro_tsmc_cl013g_rvt_ff_1p32v_m40c
*info:           DLY1X4M         -   scmetro_tsmc_cl013g_rvt_ff_1p32v_m40c
*info:         CLKBUFX1M         -   scmetro_tsmc_cl013g_rvt_ff_1p32v_m40c
*info:            BUFX2M         -   scmetro_tsmc_cl013g_rvt_ff_1p32v_m40c
*info:         CLKBUFX2M         -   scmetro_tsmc_cl013g_rvt_ff_1p32v_m40c
*info:         CLKBUFX3M         -   scmetro_tsmc_cl013g_rvt_ff_1p32v_m40c
*info:            BUFX3M         -   scmetro_tsmc_cl013g_rvt_ff_1p32v_m40c
*info:            BUFX4M         -   scmetro_tsmc_cl013g_rvt_ff_1p32v_m40c
*info:         CLKBUFX4M         -   scmetro_tsmc_cl013g_rvt_ff_1p32v_m40c
*info:            BUFX5M         -   scmetro_tsmc_cl013g_rvt_ff_1p32v_m40c
*info:         CLKBUFX6M         -   scmetro_tsmc_cl013g_rvt_ff_1p32v_m40c
*info:            BUFX6M         -   scmetro_tsmc_cl013g_rvt_ff_1p32v_m40c
*info:            BUFX8M         -   scmetro_tsmc_cl013g_rvt_ff_1p32v_m40c
*info:         CLKBUFX8M         -   scmetro_tsmc_cl013g_rvt_ff_1p32v_m40c
*info:           BUFX10M         -   scmetro_tsmc_cl013g_rvt_ff_1p32v_m40c
*info:           BUFX12M         -   scmetro_tsmc_cl013g_rvt_ff_1p32v_m40c
*info:        CLKBUFX12M         -   scmetro_tsmc_cl013g_rvt_ff_1p32v_m40c
*info:           BUFX14M         -   scmetro_tsmc_cl013g_rvt_ff_1p32v_m40c
*info:        CLKBUFX16M         -   scmetro_tsmc_cl013g_rvt_ff_1p32v_m40c
*info:           BUFX16M         -   scmetro_tsmc_cl013g_rvt_ff_1p32v_m40c
*info:           BUFX18M         -   scmetro_tsmc_cl013g_rvt_ff_1p32v_m40c
*info:           BUFX20M         -   scmetro_tsmc_cl013g_rvt_ff_1p32v_m40c
*info:        CLKBUFX20M         -   scmetro_tsmc_cl013g_rvt_ff_1p32v_m40c
*info:        CLKBUFX24M         -   scmetro_tsmc_cl013g_rvt_ff_1p32v_m40c
*info:           BUFX24M         -   scmetro_tsmc_cl013g_rvt_ff_1p32v_m40c
*info:        CLKBUFX32M         -   scmetro_tsmc_cl013g_rvt_ff_1p32v_m40c
*info:           BUFX32M         -   scmetro_tsmc_cl013g_rvt_ff_1p32v_m40c
*info:        CLKBUFX40M         -   scmetro_tsmc_cl013g_rvt_ff_1p32v_m40c
*info:         CLKBUFX1M         -   scmetro_tsmc_cl013g_rvt_ff_1p32v_m40c
*info:            BUFX2M         -   scmetro_tsmc_cl013g_rvt_ff_1p32v_m40c
*info:         CLKBUFX2M         -   scmetro_tsmc_cl013g_rvt_ff_1p32v_m40c
*info:         CLKBUFX3M         -   scmetro_tsmc_cl013g_rvt_ff_1p32v_m40c
*info:            BUFX3M         -   scmetro_tsmc_cl013g_rvt_ff_1p32v_m40c
*info:            BUFX4M         -   scmetro_tsmc_cl013g_rvt_ff_1p32v_m40c
*info:         CLKBUFX4M         -   scmetro_tsmc_cl013g_rvt_ff_1p32v_m40c
*info:            BUFX5M         -   scmetro_tsmc_cl013g_rvt_ff_1p32v_m40c
*info:         CLKBUFX6M         -   scmetro_tsmc_cl013g_rvt_ff_1p32v_m40c
*info:            BUFX6M         -   scmetro_tsmc_cl013g_rvt_ff_1p32v_m40c
*info:            BUFX8M         -   scmetro_tsmc_cl013g_rvt_ff_1p32v_m40c
*info:         CLKBUFX8M         -   scmetro_tsmc_cl013g_rvt_ff_1p32v_m40c
*info:           BUFX10M         -   scmetro_tsmc_cl013g_rvt_ff_1p32v_m40c
*info:           BUFX12M         -   scmetro_tsmc_cl013g_rvt_ff_1p32v_m40c
*info:        CLKBUFX12M         -   scmetro_tsmc_cl013g_rvt_ff_1p32v_m40c
*info:           BUFX14M         -   scmetro_tsmc_cl013g_rvt_ff_1p32v_m40c
*info:        CLKBUFX16M         -   scmetro_tsmc_cl013g_rvt_ff_1p32v_m40c
*info:           BUFX16M         -   scmetro_tsmc_cl013g_rvt_ff_1p32v_m40c
*info:           BUFX18M         -   scmetro_tsmc_cl013g_rvt_ff_1p32v_m40c
*info:           BUFX20M         -   scmetro_tsmc_cl013g_rvt_ff_1p32v_m40c
*info:        CLKBUFX20M         -   scmetro_tsmc_cl013g_rvt_ff_1p32v_m40c
*info:        CLKBUFX24M         -   scmetro_tsmc_cl013g_rvt_ff_1p32v_m40c
*info:           BUFX24M         -   scmetro_tsmc_cl013g_rvt_ff_1p32v_m40c
*info:        CLKBUFX32M         -   scmetro_tsmc_cl013g_rvt_ff_1p32v_m40c
*info:           BUFX32M         -   scmetro_tsmc_cl013g_rvt_ff_1p32v_m40c
*info:        CLKBUFX40M         -   scmetro_tsmc_cl013g_rvt_ff_1p32v_m40c
*info:         CLKBUFX1M         -   scmetro_tsmc_cl013g_rvt_ff_1p32v_m40c
*info:            BUFX2M         -   scmetro_tsmc_cl013g_rvt_ff_1p32v_m40c
*info:         CLKBUFX2M         -   scmetro_tsmc_cl013g_rvt_ff_1p32v_m40c
*info:         CLKBUFX3M         -   scmetro_tsmc_cl013g_rvt_ff_1p32v_m40c
*info:            BUFX3M         -   scmetro_tsmc_cl013g_rvt_ff_1p32v_m40c
*info:            BUFX4M         -   scmetro_tsmc_cl013g_rvt_ff_1p32v_m40c
*info:         CLKBUFX4M         -   scmetro_tsmc_cl013g_rvt_ff_1p32v_m40c
*info:            BUFX5M         -   scmetro_tsmc_cl013g_rvt_ff_1p32v_m40c
*info:         CLKBUFX6M         -   scmetro_tsmc_cl013g_rvt_ff_1p32v_m40c
*info:            BUFX6M         -   scmetro_tsmc_cl013g_rvt_ff_1p32v_m40c
*info:            BUFX8M         -   scmetro_tsmc_cl013g_rvt_ff_1p32v_m40c
*info:         CLKBUFX8M         -   scmetro_tsmc_cl013g_rvt_ff_1p32v_m40c
*info:           BUFX10M         -   scmetro_tsmc_cl013g_rvt_ff_1p32v_m40c
*info:           BUFX12M         -   scmetro_tsmc_cl013g_rvt_ff_1p32v_m40c
*info:        CLKBUFX12M         -   scmetro_tsmc_cl013g_rvt_ff_1p32v_m40c
*info:           BUFX14M         -   scmetro_tsmc_cl013g_rvt_ff_1p32v_m40c
*info:        CLKBUFX16M         -   scmetro_tsmc_cl013g_rvt_ff_1p32v_m40c
*info:           BUFX16M         -   scmetro_tsmc_cl013g_rvt_ff_1p32v_m40c
*info:           BUFX18M         -   scmetro_tsmc_cl013g_rvt_ff_1p32v_m40c
*info:           BUFX20M         -   scmetro_tsmc_cl013g_rvt_ff_1p32v_m40c
*info:        CLKBUFX20M         -   scmetro_tsmc_cl013g_rvt_ff_1p32v_m40c
*info:        CLKBUFX24M         -   scmetro_tsmc_cl013g_rvt_ff_1p32v_m40c
*info:           BUFX24M         -   scmetro_tsmc_cl013g_rvt_ff_1p32v_m40c
*info:        CLKBUFX32M         -   scmetro_tsmc_cl013g_rvt_ff_1p32v_m40c
*info:           BUFX32M         -   scmetro_tsmc_cl013g_rvt_ff_1p32v_m40c
*info:        CLKBUFX40M         -   scmetro_tsmc_cl013g_rvt_ff_1p32v_m40c
*info:         CLKBUFX1M         -   scmetro_tsmc_cl013g_rvt_ff_1p32v_m40c
*info:            BUFX2M         -   scmetro_tsmc_cl013g_rvt_ff_1p32v_m40c
*info:         CLKBUFX2M         -   scmetro_tsmc_cl013g_rvt_ff_1p32v_m40c
*info:         CLKBUFX3M         -   scmetro_tsmc_cl013g_rvt_ff_1p32v_m40c
*info:            BUFX3M         -   scmetro_tsmc_cl013g_rvt_ff_1p32v_m40c
*info:            BUFX4M         -   scmetro_tsmc_cl013g_rvt_ff_1p32v_m40c
*info:         CLKBUFX4M         -   scmetro_tsmc_cl013g_rvt_ff_1p32v_m40c
*info:            BUFX5M         -   scmetro_tsmc_cl013g_rvt_ff_1p32v_m40c
*info:         CLKBUFX6M         -   scmetro_tsmc_cl013g_rvt_ff_1p32v_m40c
*info:            BUFX6M         -   scmetro_tsmc_cl013g_rvt_ff_1p32v_m40c
*info:            BUFX8M         -   scmetro_tsmc_cl013g_rvt_ff_1p32v_m40c
*info:         CLKBUFX8M         -   scmetro_tsmc_cl013g_rvt_ff_1p32v_m40c
*info:           BUFX10M         -   scmetro_tsmc_cl013g_rvt_ff_1p32v_m40c
*info:           BUFX12M         -   scmetro_tsmc_cl013g_rvt_ff_1p32v_m40c
*info:        CLKBUFX12M         -   scmetro_tsmc_cl013g_rvt_ff_1p32v_m40c
*info:           BUFX14M         -   scmetro_tsmc_cl013g_rvt_ff_1p32v_m40c
*info:        CLKBUFX16M         -   scmetro_tsmc_cl013g_rvt_ff_1p32v_m40c
*info:           BUFX16M         -   scmetro_tsmc_cl013g_rvt_ff_1p32v_m40c
*info:           BUFX18M         -   scmetro_tsmc_cl013g_rvt_ff_1p32v_m40c
*info:           BUFX20M         -   scmetro_tsmc_cl013g_rvt_ff_1p32v_m40c
*info:        CLKBUFX20M         -   scmetro_tsmc_cl013g_rvt_ff_1p32v_m40c
*info:        CLKBUFX24M         -   scmetro_tsmc_cl013g_rvt_ff_1p32v_m40c
*info:           BUFX24M         -   scmetro_tsmc_cl013g_rvt_ff_1p32v_m40c
*info:        CLKBUFX32M         -   scmetro_tsmc_cl013g_rvt_ff_1p32v_m40c
*info:           BUFX32M         -   scmetro_tsmc_cl013g_rvt_ff_1p32v_m40c
*info:        CLKBUFX40M         -   scmetro_tsmc_cl013g_rvt_ff_1p32v_m40c
All-RC-Corners-Per-Net-In-Memory is turned ON...
*** Started fixing hold violations - preprocessing (totcpu=0:01:17, mem=406.8M)
Setting analysis mode to hold ...
Calculate delays in BcWc mode...
Topological Sorting (CPU = 0:00:00.0, MEM = 406.8M)
Number of Loop : 0
Start delay calculation (mem=406.750M)...
*** Calculating scaling factor for min libraries using the default operating condition of each library.
Delay calculation completed.
(0:00:00.0 406.750M 0)
Calculate delays in BcWc mode...
Topological Sorting (CPU = 0:00:00.0, MEM = 406.8M)
Number of Loop : 0
Start delay calculation (mem=406.750M)...
Delay calculation completed.
(0:00:00.1 406.750M 0)
Calculate delays in BcWc mode...
Topological Sorting (CPU = 0:00:00.0, MEM = 406.8M)
Number of Loop : 0
Start delay calculation (mem=406.750M)...
Delay calculation completed.
(0:00:00.0 406.750M 0)
*** CDM Built up (cpu=0:00:00.1  mem= 406.8M) ***
--------------------------------------------------- 
   Hold Violation Summary with Target Slack 
--------------------------------------------------- 
 Target slack: 0.000 ns
 Worst Slack : -0.722 ns 
 TNS         : -58.433 ns 
 Viol paths  : 175 
 Max Local density  : 0.980 

 TNS and Viol paths do not include clock gating violations.
--------------------------------------------------- 
*** Started fixing hold violations, collecting hold timing (totcpu=0:01:17, mem=406.8M)
Setting analysis mode to setup ...
Info: 117 nets with fixed/cover wires excluded.
Info: 117 clock nets excluded from IPO operation.
setClockDomains -fromType register -toType register 
**WARN: (SOCCTE-318):	Paths not in the reg2reg domain will be added 1000ns slack adjustment
--------------------------------------------------- 
   Setup Violation Summary with Target Slack (0.000 ns)
--------------------------------------------------- 
    WNS         reg2regWns    view
    2.342 ns      2.342 ns  setup1_analysis_view
   16.924 ns     18.826 ns  setup2_analysis_view
   16.924 ns     95.080 ns  setup3_analysis_view
--------------------------------------------------- 
 reg2reg Best WS  : 95.080 ns 
 reg2reg WS  : 2.342 ns 
 reg2reg Viol paths  : 0 
 Worst Slack : 2.342 ns 
 Viol paths  : 0 
--------------------------------------------------- 
*** Started fixing hold violations, collecting setup timing (totcpu=0:01:18, mem=406.8M)

------------------------------------------------------------
            Initial Summary                              
------------------------------------------------------------

+--------------------+---------+
|     Setup mode     |   all   |
+--------------------+---------+
|           WNS (ns):|  2.342  |
|           TNS (ns):|  0.000  |
|    Violating Paths:|    0    |
|          All Paths:|  1032   |
+--------------------+---------+

+--------------------+---------+
|     Hold mode      |   all   |
+--------------------+---------+
|           WNS (ns):|-135.674 |
|           TNS (ns):|-329.690 |
|    Violating Paths:|   175   |
|          All Paths:|  1032   |
+--------------------+---------+

+----------------+---------------------------+--------------+
|                |            Real           |     Total    |
|    DRVs        +--------------+------------+--------------|
|                |Nr nets(terms)| Worst Vio  |Nr nets(terms)|
+----------------+--------------+------------+--------------+
|   max_cap      |    0 (0)     |   0.000    |    0 (0)     |
|   max_tran     |    0 (0)     |   0.000    |    0 (0)     |
|   max_fanout   |    0 (0)     |     0      |    0 (0)     |
+----------------+--------------+------------+--------------+

Density: 76.973%
------------------------------------------------------------
Info: 117 nets with fixed/cover wires excluded.
Info: 117 clock nets excluded from IPO operation.
*** Started fixing hold violations (CPU=0:00:01.0, totcpu=0:01:18, mem=406.8M)
Density before buffering = 0.770 (fixHold)
*info:
*Info: The following delay and buffer cells will be used for hold fixing
*Info:    cell  igArea   setupDelay f/r(inTran f/r, load)    holdDelay (inTran f/r, load)
*Info:                     nanoSecond  ( nanoSecond  PF )    nanoSecond (nanoSecond  PF )
*Info:   DLY4X1M    8.0   0.971/0.956 (0.200/0.200, 0.011)   0.391/0.396 (0.089/0.089, 0.011)
*Info:   DLY3X1M    8.0   0.778/0.734 (0.200/0.200, 0.011)   0.313/0.299 (0.089/0.089, 0.011)
*Info:   DLY2X1M    8.0   0.594/0.535 (0.200/0.200, 0.011)   0.239/0.215 (0.089/0.089, 0.011)
*Info:   DLY1X1M    8.0   0.420/0.369 (0.200/0.200, 0.011)   0.167/0.147 (0.089/0.089, 0.011)
*Info:   DLY4X4M    10.0   0.957/0.853 (0.200/0.200, 0.044)   0.423/0.381 (0.089/0.089, 0.044)
*Info:   DLY3X4M    10.0   0.768/0.648 (0.200/0.200, 0.044)   0.340/0.285 (0.089/0.089, 0.044)
*Info:   DLY2X4M    10.0   0.591/0.471 (0.200/0.200, 0.044)   0.261/0.203 (0.089/0.089, 0.044)
*Info:   DLY1X4M    10.0   0.425/0.330 (0.200/0.200, 0.044)   0.185/0.139 (0.089/0.089, 0.044)
*Info: 
*Info:   CLKBUFX1M    4.0   0.230/0.224 (0.200/0.200, 0.011)   0.096/0.092 (0.089/0.089, 0.011)
*Info:   BUFX2M    4.0   0.237/0.231 (0.200/0.200, 0.022)   0.102/0.098 (0.089/0.089, 0.022)
*Info:   CLKBUFX2M    4.0   0.274/0.241 (0.200/0.200, 0.022)   0.117/0.100 (0.089/0.089, 0.022)
*Info:   CLKBUFX3M    5.0   0.300/0.262 (0.200/0.200, 0.033)   0.131/0.109 (0.089/0.089, 0.033)
*Info:   BUFX3M    5.0   0.227/0.235 (0.200/0.200, 0.033)   0.100/0.101 (0.089/0.089, 0.033)
*Info:   BUFX4M    5.0   0.221/0.232 (0.200/0.200, 0.044)   0.097/0.100 (0.089/0.089, 0.044)
*Info:   CLKBUFX4M    5.0   0.308/0.266 (0.200/0.200, 0.044)   0.136/0.112 (0.089/0.089, 0.044)
*Info:   BUFX5M    6.0   0.223/0.238 (0.200/0.200, 0.055)   0.098/0.103 (0.089/0.089, 0.055)
*Info:   CLKBUFX6M    6.0   0.286/0.282 (0.200/0.200, 0.066)   0.126/0.121 (0.089/0.089, 0.066)
*Info:   BUFX6M    7.0   0.216/0.229 (0.200/0.200, 0.066)   0.096/0.098 (0.089/0.089, 0.066)
*Info:   BUFX8M    8.0   0.214/0.236 (0.200/0.200, 0.088)   0.095/0.103 (0.089/0.089, 0.088)
*Info:   CLKBUFX8M    8.0   0.288/0.277 (0.200/0.200, 0.088)   0.128/0.120 (0.089/0.089, 0.088)
*info:
*info: Hold fixing prefix "FE_PHC" starts with 0
--------------------------------------------------- 
   Hold Timing Summary (with Target-Slack) - Before NR 
--------------------------------------------------- 
View: hold1_analysis_view 
	WNS: 0.008 
	TNS: 0.000 
	VP: 0 
	WNS-Term: U9/MULTI_FF_reg[0]/RN 
View: hold2_analysis_view 
	WNS: 0.039 
	TNS: 0.000 
	VP: 0 
	WNS-Term: U2_RX/counter_reg[1]/RN 
View: hold3_analysis_view 
	WNS: 0.039 
	TNS: 0.000 
	VP: 0 
	WNS-Term: U2_RX/counter_reg[1]/RN 
--------------------------------------------------- 
   Setup Timing Summary (with Target-Slack) - Before NR 
--------------------------------------------------- 
View: setup1_analysis_view 
	WNS: 2.342 
	TNS: 0.000 
	VP: 0 
	WNS-Term:U5/RegFile_reg[1][4]/Q 
View: setup2_analysis_view 
	WNS: 15.092 
	TNS: 0.000 
	VP: 0 
	WNS-Term:scan_rst 
View: setup3_analysis_view 
	WNS: 15.092 
	TNS: 0.000 
	VP: 0 
	WNS-Term:scan_rst 
--------------------------------------------------- 
Density after buffering = 0.777 (fixHold)
*info:
*info: A total of 11 net(s) have been evaluated for adding cells
*info:            11 net(s): Added a total of 31 cells to fix/reduce hold violation
*info:
*info:
*info: Summary: 
*info:           17 cells of type 'DLY4X1M' used
*info:           10 cells of type 'CLKBUFX8M' used
*info:            4 cells of type 'BUFX2M' used
*info:
*** Finished hold time fix (CPU=0:00:01.6, totcpu=0:01:18, mem=406.8M) ***
Starting refinePlace ...
Statistics of distance of Instance movement in detailed placement:
  maximum (X+Y) =         0.00 um
  mean    (X+Y) =         0.00 um
Total instances moved : 0
*** cpu=0:00:00.0   mem=406.8M  mem(used)=0.0M***
Total net length = 5.090e+04 (2.801e+04 2.289e+04) (ext = 1.922e+03)
default core: bins with density >  0.75 = 9.26 % ( 5 / 54 )
*** Starting trialRoute (mem=406.8M) ***

There are 0 pin guide points passed to trialRoute.
Options:  -handlePreroute -keepMarkedOptRoutes -noPinGuide

Nr of prerouted/Fixed nets = 117
There are 117 nets with 1 extra space.
routingBox: (0 0) (480940 320940)
coreBox:    (8200 8200) (472940 312940)
There are 117 prerouted nets with extraSpace.
Number of multi-gpin terms=204, multi-gpins=408, moved blk term=0/86

Phase 1a route (0:00:00.0 406.8M):
Est net length = 5.327e+04um = 2.851e+04H + 2.476e+04V
Usage: (20.5%H 21.3%V) = (4.621e+04um 5.733e+04um) = (22429 19974)
Obstruct: 51 = 0 (0.0%H) + 51 (0.8%V)
Overflow: 46 = 0 (0.00% H) + 46 (0.70% V)
Number obstruct path=15 reroute=0

There are 117 prerouted nets with extraSpace.
Phase 1b route (0:00:00.0 406.8M):
Usage: (20.5%H 21.3%V) = (4.615e+04um 5.734e+04um) = (22401 19978)
Overflow: 46 = 0 (0.00% H) + 46 (0.70% V)

There are 117 prerouted nets with extraSpace.
Phase 1c route (0:00:00.0 406.8M):
Usage: (20.5%H 21.2%V) = (4.609e+04um 5.729e+04um) = (22368 19963)
Overflow: 41 = 0 (0.00% H) + 41 (0.62% V)

Phase 1d route (0:00:00.0 406.8M):
Usage: (20.5%H 21.2%V) = (4.609e+04um 5.729e+04um) = (22368 19963)
Overflow: 41 = 0 (0.00% H) + 41 (0.62% V)

Phase 1e route (0:00:00.0 406.8M):
Usage: (20.5%H 21.2%V) = (4.612e+04um 5.731e+04um) = (22385 19967)
Overflow: 25 = 0 (0.00% H) + 25 (0.38% V)

Phase 1f route (0:00:00.0 406.8M):
Usage: (20.5%H 21.2%V) = (4.613e+04um 5.731e+04um) = (22387 19967)
Overflow: 24 = 0 (0.00% H) + 24 (0.36% V)

Congestion distribution:

Remain	cntH		cntV
--------------------------------------
 -3:	0	 0.00%	2	 0.03%
 -2:	0	 0.00%	5	 0.08%
 -1:	0	 0.00%	13	 0.20%
--------------------------------------
  0:	0	 0.00%	43	 0.66%
  1:	0	 0.00%	55	 0.85%
  2:	1	 0.02%	69	 1.06%
  3:	1	 0.02%	47	 0.72%
  4:	11	 0.17%	48	 0.74%
  5:	30	 0.46%	81	 1.25%
  6:	39	 0.59%	156	 2.40%
  7:	318	 4.85%	179	 2.75%
  8:	151	 2.30%	291	 4.47%
  9:	309	 4.71%	424	 6.52%
 10:	389	 5.93%	576	 8.86%
 11:	451	 6.88%	808	12.42%
 12:	596	 9.09%	925	14.22%
 13:	808	12.33%	997	15.33%
 14:	897	13.68%	800	12.30%
 15:	847	12.92%	951	14.62%
 16:	795	12.13%	8	 0.12%
 17:	614	 9.37%	9	 0.14%
 18:	298	 4.55%	13	 0.20%
 20:	0	 0.00%	4	 0.06%


Using detail cap. scale factor for clock nets.
Initializing multi-corner capacitance tables ... 
Initializing multi-corner resistance tables ...

*** Memory Usage v0.144 (Current mem = 406.750M, initial mem = 62.238M) ***
Phase 1l route (0:00:00.1 406.8M):
There are 117 prerouted nets with extraSpace.


*** After '-updateRemainTrks' operation: 

Usage: (20.9%H 21.6%V) = (4.703e+04um 5.828e+04um) = (22818 20307)
Overflow: 36 = 0 (0.00% H) + 36 (0.56% V)

Congestion distribution:

Remain	cntH		cntV
--------------------------------------
 -3:	0	 0.00%	2	 0.03%
 -2:	0	 0.00%	7	 0.11%
 -1:	0	 0.00%	23	 0.35%
--------------------------------------
  0:	0	 0.00%	37	 0.57%
  1:	0	 0.00%	56	 0.86%
  2:	1	 0.02%	62	 0.95%
  3:	2	 0.03%	52	 0.80%
  4:	14	 0.21%	51	 0.78%
  5:	28	 0.43%	87	 1.34%
  6:	47	 0.72%	166	 2.55%
  7:	323	 4.93%	189	 2.91%
  8:	159	 2.43%	307	 4.72%
  9:	312	 4.76%	409	 6.29%
 10:	412	 6.29%	565	 8.69%
 11:	450	 6.86%	796	12.24%
 12:	613	 9.35%	923	14.19%
 13:	809	12.34%	996	15.31%
 14:	888	13.55%	793	12.19%
 15:	824	12.57%	950	14.61%
 16:	789	12.04%	7	 0.11%
 17:	589	 8.99%	9	 0.14%
 18:	295	 4.50%	13	 0.20%
 20:	0	 0.00%	4	 0.06%



*** Completed Phase 1 route (0:00:00.1 406.8M) ***


Total length: 6.251e+04um, number of vias: 17085
M1(H) length: 8.375e+00um, number of vias: 8024
M2(V) length: 2.199e+04um, number of vias: 7347
M3(H) length: 2.861e+04um, number of vias: 1491
M4(V) length: 8.998e+03um, number of vias: 213
M5(H) length: 2.804e+03um, number of vias: 10
M6(V) length: 1.021e+02um, number of vias: 0
M7(H) length: 0.000e+00um
*** Completed Phase 2 route (0:00:00.0 406.8M) ***

*** Finished all Phases (cpu=0:00:00.2 mem=406.8M) ***
Peak Memory Usage was 406.8M 
*** Finished trialRoute (cpu=0:00:00.2 mem=406.8M) ***

Default RC Extraction called for design SYS_TOP.
RC Extraction called in multi-corner(1) mode.
RCMode: Default
      RC Corner Indexes            0   
Capacitance Scaling Factor   : 1.00000 
Coupling Cap. Scaling Factor : 1.00000 
Resistance Scaling Factor    : 1.00000 
Shrink Factor                : 1.00000
Default RC extraction is honoring NDR/Shielding/ExtraSpace for clock nets.
Using detail cap. scale factor for clock nets.
Initializing multi-corner capacitance tables ... 
Initializing multi-corner resistance tables ...
Default RC Extraction DONE (CPU Time: 0:00:00.0  Real Time: 0:00:00.0  MEM: 406.750M)
Calculate delays in BcWc mode...
Topological Sorting (CPU = 0:00:00.0, MEM = 406.8M)
Number of Loop : 0
Start delay calculation (mem=406.750M)...
Delay calculation completed.
(0:00:00.1 406.750M 0)
Calculate delays in BcWc mode...
Topological Sorting (CPU = 0:00:00.0, MEM = 406.8M)
Number of Loop : 0
Start delay calculation (mem=406.750M)...
Delay calculation completed.
(0:00:00.0 406.750M 0)
Calculate delays in BcWc mode...
Topological Sorting (CPU = 0:00:00.0, MEM = 406.8M)
Number of Loop : 0
Start delay calculation (mem=406.750M)...
Delay calculation completed.
(0:00:00.0 406.750M 0)
*** CDM Built up (cpu=0:00:00.3  mem= 406.8M) ***
**optDesign ... cpu = 0:00:02, real = 0:00:03, mem = 406.8M **
Reported timing to dir ./timingReports
**optDesign ... cpu = 0:00:02, real = 0:00:03, mem = 406.8M **
Found active setup analysis view setup1_analysis_view
Found active setup analysis view setup2_analysis_view
Found active setup analysis view setup3_analysis_view
Found active hold analysis view hold1_analysis_view
Found active hold analysis view hold2_analysis_view
Found active hold analysis view hold3_analysis_view

------------------------------------------------------------
     optDesign Final Summary                             
------------------------------------------------------------

+--------------------+---------+---------+---------+---------+---------+---------+
|     Setup mode     |   all   | reg2reg | in2reg  | reg2out | in2out  | clkgate |
+--------------------+---------+---------+---------+---------+---------+---------+
|           WNS (ns):|  2.346  |  2.346  | 15.113  | 77.046  |   N/A   | 17.813  |
|           TNS (ns):|  0.000  |  0.000  |  0.000  |  0.000  |   N/A   |  0.000  |
|    Violating Paths:|    0    |    0    |    0    |    0    |   N/A   |    0    |
|          All Paths:|  1032   |  1015   |   360   |    7    |   N/A   |    3    |
+--------------------+---------+---------+---------+---------+---------+---------+

+--------------------+---------+---------+---------+---------+---------+---------+
|     Hold mode      |   all   | reg2reg | in2reg  | reg2out | in2out  | clkgate |
+--------------------+---------+---------+---------+---------+---------+---------+
|           WNS (ns):|-135.674 |  0.037  |  0.063  | 20.997  |   N/A   |-135.674 |
|           TNS (ns):|-271.258 |  0.000  |  0.000  |  0.000  |   N/A   |-271.258 |
|    Violating Paths:|    2    |    0    |    0    |    0    |   N/A   |    2    |
|          All Paths:|  1032   |  1015   |   360   |    7    |   N/A   |    3    |
+--------------------+---------+---------+---------+---------+---------+---------+

+----------------+---------------------------+--------------+
|                |            Real           |     Total    |
|    DRVs        +--------------+------------+--------------|
|                |Nr nets(terms)| Worst Vio  |Nr nets(terms)|
+----------------+--------------+------------+--------------+
|   max_cap      |    0 (0)     |   0.000    |    0 (0)     |
|   max_tran     |    0 (0)     |   0.000    |    0 (0)     |
|   max_fanout   |    0 (0)     |     0      |    0 (0)     |
+----------------+--------------+------------+--------------+

Density: 77.747%
Routing Overflow: 0.00% H and 0.56% V
------------------------------------------------------------
**optDesign ... cpu = 0:00:03, real = 0:00:04, mem = 406.8M **
*** Finished optDesign ***
<CMD> optDesign -postCTS -hold -incr
**optDesign ... cpu = 0:00:00, real = 0:00:00, mem = 406.8M **
**WARN: (SOCOPT-3328):	-incr option ignored with -hold option
*** optDesign -postCTS ***
DRC Margin: user margin 0.0; extra margin 0.2
Hold Target Slack: user slack 0.0
Setup Target Slack: user slack 0.0;
*info: Setting setup target slack to 0.000
*info: Hold target slack is 0.000
*** CTE mode ***
*** Starting trialRoute (mem=406.8M) ***

There are 0 pin guide points passed to trialRoute.
Start to check current routing status for nets...
All nets are already routed correctly.
*** Finishing trialRoute (mem=406.8M) ***

*info: All cells identified as Buffer and Delay cells:
*info: --------------------------------------------------
*info:           DLY4X1M         -   scmetro_tsmc_cl013g_rvt_ff_1p32v_m40c
*info:           DLY3X1M         -   scmetro_tsmc_cl013g_rvt_ff_1p32v_m40c
*info:           DLY2X1M         -   scmetro_tsmc_cl013g_rvt_ff_1p32v_m40c
*info:           DLY1X1M         -   scmetro_tsmc_cl013g_rvt_ff_1p32v_m40c
*info:           DLY4X4M         -   scmetro_tsmc_cl013g_rvt_ff_1p32v_m40c
*info:           DLY3X4M         -   scmetro_tsmc_cl013g_rvt_ff_1p32v_m40c
*info:           DLY2X4M         -   scmetro_tsmc_cl013g_rvt_ff_1p32v_m40c
*info:           DLY1X4M         -   scmetro_tsmc_cl013g_rvt_ff_1p32v_m40c
*info:           DLY4X1M         -   scmetro_tsmc_cl013g_rvt_ff_1p32v_m40c
*info:           DLY3X1M         -   scmetro_tsmc_cl013g_rvt_ff_1p32v_m40c
*info:           DLY2X1M         -   scmetro_tsmc_cl013g_rvt_ff_1p32v_m40c
*info:           DLY1X1M         -   scmetro_tsmc_cl013g_rvt_ff_1p32v_m40c
*info:           DLY4X4M         -   scmetro_tsmc_cl013g_rvt_ff_1p32v_m40c
*info:           DLY3X4M         -   scmetro_tsmc_cl013g_rvt_ff_1p32v_m40c
*info:           DLY2X4M         -   scmetro_tsmc_cl013g_rvt_ff_1p32v_m40c
*info:           DLY1X4M         -   scmetro_tsmc_cl013g_rvt_ff_1p32v_m40c
*info:           DLY4X1M         -   scmetro_tsmc_cl013g_rvt_ff_1p32v_m40c
*info:           DLY3X1M         -   scmetro_tsmc_cl013g_rvt_ff_1p32v_m40c
*info:           DLY2X1M         -   scmetro_tsmc_cl013g_rvt_ff_1p32v_m40c
*info:           DLY1X1M         -   scmetro_tsmc_cl013g_rvt_ff_1p32v_m40c
*info:           DLY4X4M         -   scmetro_tsmc_cl013g_rvt_ff_1p32v_m40c
*info:           DLY3X4M         -   scmetro_tsmc_cl013g_rvt_ff_1p32v_m40c
*info:           DLY2X4M         -   scmetro_tsmc_cl013g_rvt_ff_1p32v_m40c
*info:           DLY1X4M         -   scmetro_tsmc_cl013g_rvt_ff_1p32v_m40c
*info:           DLY4X1M         -   scmetro_tsmc_cl013g_rvt_ff_1p32v_m40c
*info:           DLY3X1M         -   scmetro_tsmc_cl013g_rvt_ff_1p32v_m40c
*info:           DLY2X1M         -   scmetro_tsmc_cl013g_rvt_ff_1p32v_m40c
*info:           DLY1X1M         -   scmetro_tsmc_cl013g_rvt_ff_1p32v_m40c
*info:           DLY4X4M         -   scmetro_tsmc_cl013g_rvt_ff_1p32v_m40c
*info:           DLY3X4M         -   scmetro_tsmc_cl013g_rvt_ff_1p32v_m40c
*info:           DLY2X4M         -   scmetro_tsmc_cl013g_rvt_ff_1p32v_m40c
*info:           DLY1X4M         -   scmetro_tsmc_cl013g_rvt_ff_1p32v_m40c
*info:         CLKBUFX1M         -   scmetro_tsmc_cl013g_rvt_ff_1p32v_m40c
*info:            BUFX2M         -   scmetro_tsmc_cl013g_rvt_ff_1p32v_m40c
*info:         CLKBUFX2M         -   scmetro_tsmc_cl013g_rvt_ff_1p32v_m40c
*info:         CLKBUFX3M         -   scmetro_tsmc_cl013g_rvt_ff_1p32v_m40c
*info:            BUFX3M         -   scmetro_tsmc_cl013g_rvt_ff_1p32v_m40c
*info:            BUFX4M         -   scmetro_tsmc_cl013g_rvt_ff_1p32v_m40c
*info:         CLKBUFX4M         -   scmetro_tsmc_cl013g_rvt_ff_1p32v_m40c
*info:            BUFX5M         -   scmetro_tsmc_cl013g_rvt_ff_1p32v_m40c
*info:         CLKBUFX6M         -   scmetro_tsmc_cl013g_rvt_ff_1p32v_m40c
*info:            BUFX6M         -   scmetro_tsmc_cl013g_rvt_ff_1p32v_m40c
*info:            BUFX8M         -   scmetro_tsmc_cl013g_rvt_ff_1p32v_m40c
*info:         CLKBUFX8M         -   scmetro_tsmc_cl013g_rvt_ff_1p32v_m40c
*info:           BUFX10M         -   scmetro_tsmc_cl013g_rvt_ff_1p32v_m40c
*info:           BUFX12M         -   scmetro_tsmc_cl013g_rvt_ff_1p32v_m40c
*info:        CLKBUFX12M         -   scmetro_tsmc_cl013g_rvt_ff_1p32v_m40c
*info:           BUFX14M         -   scmetro_tsmc_cl013g_rvt_ff_1p32v_m40c
*info:        CLKBUFX16M         -   scmetro_tsmc_cl013g_rvt_ff_1p32v_m40c
*info:           BUFX16M         -   scmetro_tsmc_cl013g_rvt_ff_1p32v_m40c
*info:           BUFX18M         -   scmetro_tsmc_cl013g_rvt_ff_1p32v_m40c
*info:           BUFX20M         -   scmetro_tsmc_cl013g_rvt_ff_1p32v_m40c
*info:        CLKBUFX20M         -   scmetro_tsmc_cl013g_rvt_ff_1p32v_m40c
*info:        CLKBUFX24M         -   scmetro_tsmc_cl013g_rvt_ff_1p32v_m40c
*info:           BUFX24M         -   scmetro_tsmc_cl013g_rvt_ff_1p32v_m40c
*info:        CLKBUFX32M         -   scmetro_tsmc_cl013g_rvt_ff_1p32v_m40c
*info:           BUFX32M         -   scmetro_tsmc_cl013g_rvt_ff_1p32v_m40c
*info:        CLKBUFX40M         -   scmetro_tsmc_cl013g_rvt_ff_1p32v_m40c
*info:         CLKBUFX1M         -   scmetro_tsmc_cl013g_rvt_ff_1p32v_m40c
*info:            BUFX2M         -   scmetro_tsmc_cl013g_rvt_ff_1p32v_m40c
*info:         CLKBUFX2M         -   scmetro_tsmc_cl013g_rvt_ff_1p32v_m40c
*info:         CLKBUFX3M         -   scmetro_tsmc_cl013g_rvt_ff_1p32v_m40c
*info:            BUFX3M         -   scmetro_tsmc_cl013g_rvt_ff_1p32v_m40c
*info:            BUFX4M         -   scmetro_tsmc_cl013g_rvt_ff_1p32v_m40c
*info:         CLKBUFX4M         -   scmetro_tsmc_cl013g_rvt_ff_1p32v_m40c
*info:            BUFX5M         -   scmetro_tsmc_cl013g_rvt_ff_1p32v_m40c
*info:         CLKBUFX6M         -   scmetro_tsmc_cl013g_rvt_ff_1p32v_m40c
*info:            BUFX6M         -   scmetro_tsmc_cl013g_rvt_ff_1p32v_m40c
*info:            BUFX8M         -   scmetro_tsmc_cl013g_rvt_ff_1p32v_m40c
*info:         CLKBUFX8M         -   scmetro_tsmc_cl013g_rvt_ff_1p32v_m40c
*info:           BUFX10M         -   scmetro_tsmc_cl013g_rvt_ff_1p32v_m40c
*info:           BUFX12M         -   scmetro_tsmc_cl013g_rvt_ff_1p32v_m40c
*info:        CLKBUFX12M         -   scmetro_tsmc_cl013g_rvt_ff_1p32v_m40c
*info:           BUFX14M         -   scmetro_tsmc_cl013g_rvt_ff_1p32v_m40c
*info:        CLKBUFX16M         -   scmetro_tsmc_cl013g_rvt_ff_1p32v_m40c
*info:           BUFX16M         -   scmetro_tsmc_cl013g_rvt_ff_1p32v_m40c
*info:           BUFX18M         -   scmetro_tsmc_cl013g_rvt_ff_1p32v_m40c
*info:           BUFX20M         -   scmetro_tsmc_cl013g_rvt_ff_1p32v_m40c
*info:        CLKBUFX20M         -   scmetro_tsmc_cl013g_rvt_ff_1p32v_m40c
*info:        CLKBUFX24M         -   scmetro_tsmc_cl013g_rvt_ff_1p32v_m40c
*info:           BUFX24M         -   scmetro_tsmc_cl013g_rvt_ff_1p32v_m40c
*info:        CLKBUFX32M         -   scmetro_tsmc_cl013g_rvt_ff_1p32v_m40c
*info:           BUFX32M         -   scmetro_tsmc_cl013g_rvt_ff_1p32v_m40c
*info:        CLKBUFX40M         -   scmetro_tsmc_cl013g_rvt_ff_1p32v_m40c
*info:         CLKBUFX1M         -   scmetro_tsmc_cl013g_rvt_ff_1p32v_m40c
*info:            BUFX2M         -   scmetro_tsmc_cl013g_rvt_ff_1p32v_m40c
*info:         CLKBUFX2M         -   scmetro_tsmc_cl013g_rvt_ff_1p32v_m40c
*info:         CLKBUFX3M         -   scmetro_tsmc_cl013g_rvt_ff_1p32v_m40c
*info:            BUFX3M         -   scmetro_tsmc_cl013g_rvt_ff_1p32v_m40c
*info:            BUFX4M         -   scmetro_tsmc_cl013g_rvt_ff_1p32v_m40c
*info:         CLKBUFX4M         -   scmetro_tsmc_cl013g_rvt_ff_1p32v_m40c
*info:            BUFX5M         -   scmetro_tsmc_cl013g_rvt_ff_1p32v_m40c
*info:         CLKBUFX6M         -   scmetro_tsmc_cl013g_rvt_ff_1p32v_m40c
*info:            BUFX6M         -   scmetro_tsmc_cl013g_rvt_ff_1p32v_m40c
*info:            BUFX8M         -   scmetro_tsmc_cl013g_rvt_ff_1p32v_m40c
*info:         CLKBUFX8M         -   scmetro_tsmc_cl013g_rvt_ff_1p32v_m40c
*info:           BUFX10M         -   scmetro_tsmc_cl013g_rvt_ff_1p32v_m40c
*info:           BUFX12M         -   scmetro_tsmc_cl013g_rvt_ff_1p32v_m40c
*info:        CLKBUFX12M         -   scmetro_tsmc_cl013g_rvt_ff_1p32v_m40c
*info:           BUFX14M         -   scmetro_tsmc_cl013g_rvt_ff_1p32v_m40c
*info:        CLKBUFX16M         -   scmetro_tsmc_cl013g_rvt_ff_1p32v_m40c
*info:           BUFX16M         -   scmetro_tsmc_cl013g_rvt_ff_1p32v_m40c
*info:           BUFX18M         -   scmetro_tsmc_cl013g_rvt_ff_1p32v_m40c
*info:           BUFX20M         -   scmetro_tsmc_cl013g_rvt_ff_1p32v_m40c
*info:        CLKBUFX20M         -   scmetro_tsmc_cl013g_rvt_ff_1p32v_m40c
*info:        CLKBUFX24M         -   scmetro_tsmc_cl013g_rvt_ff_1p32v_m40c
*info:           BUFX24M         -   scmetro_tsmc_cl013g_rvt_ff_1p32v_m40c
*info:        CLKBUFX32M         -   scmetro_tsmc_cl013g_rvt_ff_1p32v_m40c
*info:           BUFX32M         -   scmetro_tsmc_cl013g_rvt_ff_1p32v_m40c
*info:        CLKBUFX40M         -   scmetro_tsmc_cl013g_rvt_ff_1p32v_m40c
*info:         CLKBUFX1M         -   scmetro_tsmc_cl013g_rvt_ff_1p32v_m40c
*info:            BUFX2M         -   scmetro_tsmc_cl013g_rvt_ff_1p32v_m40c
*info:         CLKBUFX2M         -   scmetro_tsmc_cl013g_rvt_ff_1p32v_m40c
*info:         CLKBUFX3M         -   scmetro_tsmc_cl013g_rvt_ff_1p32v_m40c
*info:            BUFX3M         -   scmetro_tsmc_cl013g_rvt_ff_1p32v_m40c
*info:            BUFX4M         -   scmetro_tsmc_cl013g_rvt_ff_1p32v_m40c
*info:         CLKBUFX4M         -   scmetro_tsmc_cl013g_rvt_ff_1p32v_m40c
*info:            BUFX5M         -   scmetro_tsmc_cl013g_rvt_ff_1p32v_m40c
*info:         CLKBUFX6M         -   scmetro_tsmc_cl013g_rvt_ff_1p32v_m40c
*info:            BUFX6M         -   scmetro_tsmc_cl013g_rvt_ff_1p32v_m40c
*info:            BUFX8M         -   scmetro_tsmc_cl013g_rvt_ff_1p32v_m40c
*info:         CLKBUFX8M         -   scmetro_tsmc_cl013g_rvt_ff_1p32v_m40c
*info:           BUFX10M         -   scmetro_tsmc_cl013g_rvt_ff_1p32v_m40c
*info:           BUFX12M         -   scmetro_tsmc_cl013g_rvt_ff_1p32v_m40c
*info:        CLKBUFX12M         -   scmetro_tsmc_cl013g_rvt_ff_1p32v_m40c
*info:           BUFX14M         -   scmetro_tsmc_cl013g_rvt_ff_1p32v_m40c
*info:        CLKBUFX16M         -   scmetro_tsmc_cl013g_rvt_ff_1p32v_m40c
*info:           BUFX16M         -   scmetro_tsmc_cl013g_rvt_ff_1p32v_m40c
*info:           BUFX18M         -   scmetro_tsmc_cl013g_rvt_ff_1p32v_m40c
*info:           BUFX20M         -   scmetro_tsmc_cl013g_rvt_ff_1p32v_m40c
*info:        CLKBUFX20M         -   scmetro_tsmc_cl013g_rvt_ff_1p32v_m40c
*info:        CLKBUFX24M         -   scmetro_tsmc_cl013g_rvt_ff_1p32v_m40c
*info:           BUFX24M         -   scmetro_tsmc_cl013g_rvt_ff_1p32v_m40c
*info:        CLKBUFX32M         -   scmetro_tsmc_cl013g_rvt_ff_1p32v_m40c
*info:           BUFX32M         -   scmetro_tsmc_cl013g_rvt_ff_1p32v_m40c
*info:        CLKBUFX40M         -   scmetro_tsmc_cl013g_rvt_ff_1p32v_m40c
All-RC-Corners-Per-Net-In-Memory is turned ON...
*** Started fixing hold violations - preprocessing (totcpu=0:01:23, mem=406.8M)
Setting analysis mode to hold ...
Calculate delays in BcWc mode...
Topological Sorting (CPU = 0:00:00.0, MEM = 406.8M)
Number of Loop : 0
Start delay calculation (mem=406.750M)...
*** Calculating scaling factor for min libraries using the default operating condition of each library.
Delay calculation completed.
(0:00:00.0 406.750M 0)
Calculate delays in BcWc mode...
Topological Sorting (CPU = 0:00:00.0, MEM = 406.8M)
Number of Loop : 0
Start delay calculation (mem=406.750M)...
Delay calculation completed.
(0:00:00.0 406.750M 0)
Calculate delays in BcWc mode...
Topological Sorting (CPU = 0:00:00.0, MEM = 406.8M)
Number of Loop : 0
Start delay calculation (mem=406.750M)...
Delay calculation completed.
(0:00:00.0 406.750M 0)
*** CDM Built up (cpu=0:00:00.0  mem= 406.8M) ***
--------------------------------------------------- 
   Hold Violation Summary with Target Slack 
--------------------------------------------------- 
 Target slack: 0.000 ns
 Worst Slack : 0.000 ns 
 TNS         : 0.000 ns 
 Viol paths  : 0 
 Max Local density  : 0.980 

 TNS and Viol paths do not include clock gating violations.
--------------------------------------------------- 
*** Started fixing hold violations, collecting hold timing (totcpu=0:01:23, mem=406.8M)
*** Hold timing met, No need to fix hold violation 
Starting refinePlace ...
Statistics of distance of Instance movement in detailed placement:
  maximum (X+Y) =         0.00 um
  mean    (X+Y) =         0.00 um
Total instances moved : 0
*** cpu=0:00:00.0   mem=406.8M  mem(used)=0.0M***
Total net length = 5.093e+04 (2.803e+04 2.291e+04) (ext = 1.925e+03)
default core: bins with density >  0.75 = 9.26 % ( 5 / 54 )
*** Starting trialRoute (mem=406.8M) ***

There are 0 pin guide points passed to trialRoute.
Options:  -handlePreroute -keepMarkedOptRoutes -noPinGuide

Nr of prerouted/Fixed nets = 117
There are 117 nets with 1 extra space.
routingBox: (0 0) (480940 320940)
coreBox:    (8200 8200) (472940 312940)
There are 117 prerouted nets with extraSpace.
Number of multi-gpin terms=204, multi-gpins=408, moved blk term=0/86

Phase 1a route (0:00:00.0 406.8M):
Est net length = 5.327e+04um = 2.851e+04H + 2.476e+04V
Usage: (20.5%H 21.3%V) = (4.621e+04um 5.733e+04um) = (22429 19974)
Obstruct: 51 = 0 (0.0%H) + 51 (0.8%V)
Overflow: 46 = 0 (0.00% H) + 46 (0.70% V)
Number obstruct path=15 reroute=0

There are 117 prerouted nets with extraSpace.
Phase 1b route (0:00:00.0 406.8M):
Usage: (20.5%H 21.3%V) = (4.615e+04um 5.734e+04um) = (22401 19978)
Overflow: 46 = 0 (0.00% H) + 46 (0.70% V)

There are 117 prerouted nets with extraSpace.
Phase 1c route (0:00:00.0 406.8M):
Usage: (20.5%H 21.2%V) = (4.609e+04um 5.729e+04um) = (22368 19963)
Overflow: 41 = 0 (0.00% H) + 41 (0.62% V)

Phase 1d route (0:00:00.0 406.8M):
Usage: (20.5%H 21.2%V) = (4.609e+04um 5.729e+04um) = (22368 19963)
Overflow: 41 = 0 (0.00% H) + 41 (0.62% V)

Phase 1e route (0:00:00.0 406.8M):
Usage: (20.5%H 21.2%V) = (4.612e+04um 5.731e+04um) = (22385 19967)
Overflow: 25 = 0 (0.00% H) + 25 (0.38% V)

Phase 1f route (0:00:00.0 406.8M):
Usage: (20.5%H 21.2%V) = (4.613e+04um 5.731e+04um) = (22387 19967)
Overflow: 24 = 0 (0.00% H) + 24 (0.36% V)

Congestion distribution:

Remain	cntH		cntV
--------------------------------------
 -3:	0	 0.00%	2	 0.03%
 -2:	0	 0.00%	5	 0.08%
 -1:	0	 0.00%	13	 0.20%
--------------------------------------
  0:	0	 0.00%	43	 0.66%
  1:	0	 0.00%	55	 0.85%
  2:	1	 0.02%	69	 1.06%
  3:	1	 0.02%	47	 0.72%
  4:	11	 0.17%	48	 0.74%
  5:	30	 0.46%	81	 1.25%
  6:	39	 0.59%	156	 2.40%
  7:	318	 4.85%	179	 2.75%
  8:	151	 2.30%	291	 4.47%
  9:	309	 4.71%	424	 6.52%
 10:	389	 5.93%	576	 8.86%
 11:	451	 6.88%	808	12.42%
 12:	596	 9.09%	925	14.22%
 13:	808	12.33%	997	15.33%
 14:	897	13.68%	800	12.30%
 15:	847	12.92%	951	14.62%
 16:	795	12.13%	8	 0.12%
 17:	614	 9.37%	9	 0.14%
 18:	298	 4.55%	13	 0.20%
 20:	0	 0.00%	4	 0.06%


Using detail cap. scale factor for clock nets.
Initializing multi-corner capacitance tables ... 
Initializing multi-corner resistance tables ...

*** Memory Usage v0.144 (Current mem = 406.750M, initial mem = 62.238M) ***
Phase 1l route (0:00:00.1 406.8M):
There are 117 prerouted nets with extraSpace.


*** After '-updateRemainTrks' operation: 

Usage: (20.9%H 21.6%V) = (4.703e+04um 5.828e+04um) = (22818 20307)
Overflow: 36 = 0 (0.00% H) + 36 (0.56% V)

Congestion distribution:

Remain	cntH		cntV
--------------------------------------
 -3:	0	 0.00%	2	 0.03%
 -2:	0	 0.00%	7	 0.11%
 -1:	0	 0.00%	23	 0.35%
--------------------------------------
  0:	0	 0.00%	37	 0.57%
  1:	0	 0.00%	56	 0.86%
  2:	1	 0.02%	62	 0.95%
  3:	2	 0.03%	52	 0.80%
  4:	14	 0.21%	51	 0.78%
  5:	28	 0.43%	87	 1.34%
  6:	47	 0.72%	166	 2.55%
  7:	323	 4.93%	189	 2.91%
  8:	159	 2.43%	307	 4.72%
  9:	312	 4.76%	409	 6.29%
 10:	412	 6.29%	565	 8.69%
 11:	450	 6.86%	796	12.24%
 12:	613	 9.35%	923	14.19%
 13:	809	12.34%	996	15.31%
 14:	888	13.55%	793	12.19%
 15:	824	12.57%	950	14.61%
 16:	789	12.04%	7	 0.11%
 17:	589	 8.99%	9	 0.14%
 18:	295	 4.50%	13	 0.20%
 20:	0	 0.00%	4	 0.06%



*** Completed Phase 1 route (0:00:00.1 406.8M) ***


Total length: 6.251e+04um, number of vias: 17085
M1(H) length: 8.375e+00um, number of vias: 8024
M2(V) length: 2.199e+04um, number of vias: 7347
M3(H) length: 2.861e+04um, number of vias: 1491
M4(V) length: 8.998e+03um, number of vias: 213
M5(H) length: 2.804e+03um, number of vias: 10
M6(V) length: 1.021e+02um, number of vias: 0
M7(H) length: 0.000e+00um
*** Completed Phase 2 route (0:00:00.0 406.8M) ***

*** Finished all Phases (cpu=0:00:00.1 mem=406.8M) ***
Peak Memory Usage was 406.8M 
*** Finished trialRoute (cpu=0:00:00.1 mem=406.8M) ***

Default RC Extraction called for design SYS_TOP.
RC Extraction called in multi-corner(1) mode.
RCMode: Default
      RC Corner Indexes            0   
Capacitance Scaling Factor   : 1.00000 
Coupling Cap. Scaling Factor : 1.00000 
Resistance Scaling Factor    : 1.00000 
Shrink Factor                : 1.00000
Default RC extraction is honoring NDR/Shielding/ExtraSpace for clock nets.
Using detail cap. scale factor for clock nets.
Initializing multi-corner capacitance tables ... 
Initializing multi-corner resistance tables ...
Default RC Extraction DONE (CPU Time: 0:00:00.0  Real Time: 0:00:00.0  MEM: 406.750M)
Calculate delays in BcWc mode...
Topological Sorting (CPU = 0:00:00.0, MEM = 406.8M)
Number of Loop : 0
Start delay calculation (mem=406.750M)...
*** Calculating scaling factor for max libraries using the default operating condition of each library.
Delay calculation completed.
(0:00:00.1 406.750M 0)
Calculate delays in BcWc mode...
Topological Sorting (CPU = 0:00:00.0, MEM = 406.8M)
Number of Loop : 0
Start delay calculation (mem=406.750M)...
Delay calculation completed.
(0:00:00.0 406.750M 0)
Calculate delays in BcWc mode...
Topological Sorting (CPU = 0:00:00.0, MEM = 406.8M)
Number of Loop : 0
Start delay calculation (mem=406.750M)...
Delay calculation completed.
(0:00:00.0 406.750M 0)
*** CDM Built up (cpu=0:00:00.3  mem= 406.8M) ***
**optDesign ... cpu = 0:00:01, real = 0:00:02, mem = 406.8M **
Reported timing to dir ./timingReports
**optDesign ... cpu = 0:00:01, real = 0:00:02, mem = 406.8M **
Found active setup analysis view setup1_analysis_view
Found active setup analysis view setup2_analysis_view
Found active setup analysis view setup3_analysis_view
Found active hold analysis view hold1_analysis_view
Found active hold analysis view hold2_analysis_view
Found active hold analysis view hold3_analysis_view

------------------------------------------------------------
     optDesign Final Summary                             
------------------------------------------------------------

+--------------------+---------+---------+---------+---------+---------+---------+
|     Setup mode     |   all   | reg2reg | in2reg  | reg2out | in2out  | clkgate |
+--------------------+---------+---------+---------+---------+---------+---------+
|           WNS (ns):|  2.346  |  2.346  | 15.113  | 77.046  |   N/A   | 17.813  |
|           TNS (ns):|  0.000  |  0.000  |  0.000  |  0.000  |   N/A   |  0.000  |
|    Violating Paths:|    0    |    0    |    0    |    0    |   N/A   |    0    |
|          All Paths:|  1032   |  1015   |   360   |    7    |   N/A   |    3    |
+--------------------+---------+---------+---------+---------+---------+---------+

+--------------------+---------+---------+---------+---------+---------+---------+
|     Hold mode      |   all   | reg2reg | in2reg  | reg2out | in2out  | clkgate |
+--------------------+---------+---------+---------+---------+---------+---------+
|           WNS (ns):|-135.674 |  0.037  |  0.063  | 20.997  |   N/A   |-135.674 |
|           TNS (ns):|-271.258 |  0.000  |  0.000  |  0.000  |   N/A   |-271.258 |
|    Violating Paths:|    2    |    0    |    0    |    0    |   N/A   |    2    |
|          All Paths:|  1032   |  1015   |   360   |    7    |   N/A   |    3    |
+--------------------+---------+---------+---------+---------+---------+---------+

+----------------+---------------------------+--------------+
|                |            Real           |     Total    |
|    DRVs        +--------------+------------+--------------|
|                |Nr nets(terms)| Worst Vio  |Nr nets(terms)|
+----------------+--------------+------------+--------------+
|   max_cap      |    0 (0)     |   0.000    |    0 (0)     |
|   max_tran     |    0 (0)     |   0.000    |    0 (0)     |
|   max_fanout   |    0 (0)     |     0      |    0 (0)     |
+----------------+--------------+------------+--------------+

Density: 77.747%
Routing Overflow: 0.00% H and 0.56% V
------------------------------------------------------------
**optDesign ... cpu = 0:00:02, real = 0:00:03, mem = 406.8M **
*** Finished optDesign ***
<CMD> optDesign -postCTS -hold -incr
**optDesign ... cpu = 0:00:00, real = 0:00:00, mem = 406.8M **
**WARN: (SOCOPT-3328):	-incr option ignored with -hold option
*** optDesign -postCTS ***
DRC Margin: user margin 0.0; extra margin 0.2
Hold Target Slack: user slack 0.0
Setup Target Slack: user slack 0.0;
*info: Setting setup target slack to 0.000
*info: Hold target slack is 0.000
*** CTE mode ***
*** Starting trialRoute (mem=406.8M) ***

There are 0 pin guide points passed to trialRoute.
Start to check current routing status for nets...
All nets are already routed correctly.
*** Finishing trialRoute (mem=406.8M) ***

*info: All cells identified as Buffer and Delay cells:
*info: --------------------------------------------------
*info:           DLY4X1M         -   scmetro_tsmc_cl013g_rvt_ff_1p32v_m40c
*info:           DLY3X1M         -   scmetro_tsmc_cl013g_rvt_ff_1p32v_m40c
*info:           DLY2X1M         -   scmetro_tsmc_cl013g_rvt_ff_1p32v_m40c
*info:           DLY1X1M         -   scmetro_tsmc_cl013g_rvt_ff_1p32v_m40c
*info:           DLY4X4M         -   scmetro_tsmc_cl013g_rvt_ff_1p32v_m40c
*info:           DLY3X4M         -   scmetro_tsmc_cl013g_rvt_ff_1p32v_m40c
*info:           DLY2X4M         -   scmetro_tsmc_cl013g_rvt_ff_1p32v_m40c
*info:           DLY1X4M         -   scmetro_tsmc_cl013g_rvt_ff_1p32v_m40c
*info:           DLY4X1M         -   scmetro_tsmc_cl013g_rvt_ff_1p32v_m40c
*info:           DLY3X1M         -   scmetro_tsmc_cl013g_rvt_ff_1p32v_m40c
*info:           DLY2X1M         -   scmetro_tsmc_cl013g_rvt_ff_1p32v_m40c
*info:           DLY1X1M         -   scmetro_tsmc_cl013g_rvt_ff_1p32v_m40c
*info:           DLY4X4M         -   scmetro_tsmc_cl013g_rvt_ff_1p32v_m40c
*info:           DLY3X4M         -   scmetro_tsmc_cl013g_rvt_ff_1p32v_m40c
*info:           DLY2X4M         -   scmetro_tsmc_cl013g_rvt_ff_1p32v_m40c
*info:           DLY1X4M         -   scmetro_tsmc_cl013g_rvt_ff_1p32v_m40c
*info:           DLY4X1M         -   scmetro_tsmc_cl013g_rvt_ff_1p32v_m40c
*info:           DLY3X1M         -   scmetro_tsmc_cl013g_rvt_ff_1p32v_m40c
*info:           DLY2X1M         -   scmetro_tsmc_cl013g_rvt_ff_1p32v_m40c
*info:           DLY1X1M         -   scmetro_tsmc_cl013g_rvt_ff_1p32v_m40c
*info:           DLY4X4M         -   scmetro_tsmc_cl013g_rvt_ff_1p32v_m40c
*info:           DLY3X4M         -   scmetro_tsmc_cl013g_rvt_ff_1p32v_m40c
*info:           DLY2X4M         -   scmetro_tsmc_cl013g_rvt_ff_1p32v_m40c
*info:           DLY1X4M         -   scmetro_tsmc_cl013g_rvt_ff_1p32v_m40c
*info:           DLY4X1M         -   scmetro_tsmc_cl013g_rvt_ff_1p32v_m40c
*info:           DLY3X1M         -   scmetro_tsmc_cl013g_rvt_ff_1p32v_m40c
*info:           DLY2X1M         -   scmetro_tsmc_cl013g_rvt_ff_1p32v_m40c
*info:           DLY1X1M         -   scmetro_tsmc_cl013g_rvt_ff_1p32v_m40c
*info:           DLY4X4M         -   scmetro_tsmc_cl013g_rvt_ff_1p32v_m40c
*info:           DLY3X4M         -   scmetro_tsmc_cl013g_rvt_ff_1p32v_m40c
*info:           DLY2X4M         -   scmetro_tsmc_cl013g_rvt_ff_1p32v_m40c
*info:           DLY1X4M         -   scmetro_tsmc_cl013g_rvt_ff_1p32v_m40c
*info:         CLKBUFX1M         -   scmetro_tsmc_cl013g_rvt_ff_1p32v_m40c
*info:            BUFX2M         -   scmetro_tsmc_cl013g_rvt_ff_1p32v_m40c
*info:         CLKBUFX2M         -   scmetro_tsmc_cl013g_rvt_ff_1p32v_m40c
*info:         CLKBUFX3M         -   scmetro_tsmc_cl013g_rvt_ff_1p32v_m40c
*info:            BUFX3M         -   scmetro_tsmc_cl013g_rvt_ff_1p32v_m40c
*info:            BUFX4M         -   scmetro_tsmc_cl013g_rvt_ff_1p32v_m40c
*info:         CLKBUFX4M         -   scmetro_tsmc_cl013g_rvt_ff_1p32v_m40c
*info:            BUFX5M         -   scmetro_tsmc_cl013g_rvt_ff_1p32v_m40c
*info:         CLKBUFX6M         -   scmetro_tsmc_cl013g_rvt_ff_1p32v_m40c
*info:            BUFX6M         -   scmetro_tsmc_cl013g_rvt_ff_1p32v_m40c
*info:            BUFX8M         -   scmetro_tsmc_cl013g_rvt_ff_1p32v_m40c
*info:         CLKBUFX8M         -   scmetro_tsmc_cl013g_rvt_ff_1p32v_m40c
*info:           BUFX10M         -   scmetro_tsmc_cl013g_rvt_ff_1p32v_m40c
*info:           BUFX12M         -   scmetro_tsmc_cl013g_rvt_ff_1p32v_m40c
*info:        CLKBUFX12M         -   scmetro_tsmc_cl013g_rvt_ff_1p32v_m40c
*info:           BUFX14M         -   scmetro_tsmc_cl013g_rvt_ff_1p32v_m40c
*info:        CLKBUFX16M         -   scmetro_tsmc_cl013g_rvt_ff_1p32v_m40c
*info:           BUFX16M         -   scmetro_tsmc_cl013g_rvt_ff_1p32v_m40c
*info:           BUFX18M         -   scmetro_tsmc_cl013g_rvt_ff_1p32v_m40c
*info:           BUFX20M         -   scmetro_tsmc_cl013g_rvt_ff_1p32v_m40c
*info:        CLKBUFX20M         -   scmetro_tsmc_cl013g_rvt_ff_1p32v_m40c
*info:        CLKBUFX24M         -   scmetro_tsmc_cl013g_rvt_ff_1p32v_m40c
*info:           BUFX24M         -   scmetro_tsmc_cl013g_rvt_ff_1p32v_m40c
*info:        CLKBUFX32M         -   scmetro_tsmc_cl013g_rvt_ff_1p32v_m40c
*info:           BUFX32M         -   scmetro_tsmc_cl013g_rvt_ff_1p32v_m40c
*info:        CLKBUFX40M         -   scmetro_tsmc_cl013g_rvt_ff_1p32v_m40c
*info:         CLKBUFX1M         -   scmetro_tsmc_cl013g_rvt_ff_1p32v_m40c
*info:            BUFX2M         -   scmetro_tsmc_cl013g_rvt_ff_1p32v_m40c
*info:         CLKBUFX2M         -   scmetro_tsmc_cl013g_rvt_ff_1p32v_m40c
*info:         CLKBUFX3M         -   scmetro_tsmc_cl013g_rvt_ff_1p32v_m40c
*info:            BUFX3M         -   scmetro_tsmc_cl013g_rvt_ff_1p32v_m40c
*info:            BUFX4M         -   scmetro_tsmc_cl013g_rvt_ff_1p32v_m40c
*info:         CLKBUFX4M         -   scmetro_tsmc_cl013g_rvt_ff_1p32v_m40c
*info:            BUFX5M         -   scmetro_tsmc_cl013g_rvt_ff_1p32v_m40c
*info:         CLKBUFX6M         -   scmetro_tsmc_cl013g_rvt_ff_1p32v_m40c
*info:            BUFX6M         -   scmetro_tsmc_cl013g_rvt_ff_1p32v_m40c
*info:            BUFX8M         -   scmetro_tsmc_cl013g_rvt_ff_1p32v_m40c
*info:         CLKBUFX8M         -   scmetro_tsmc_cl013g_rvt_ff_1p32v_m40c
*info:           BUFX10M         -   scmetro_tsmc_cl013g_rvt_ff_1p32v_m40c
*info:           BUFX12M         -   scmetro_tsmc_cl013g_rvt_ff_1p32v_m40c
*info:        CLKBUFX12M         -   scmetro_tsmc_cl013g_rvt_ff_1p32v_m40c
*info:           BUFX14M         -   scmetro_tsmc_cl013g_rvt_ff_1p32v_m40c
*info:        CLKBUFX16M         -   scmetro_tsmc_cl013g_rvt_ff_1p32v_m40c
*info:           BUFX16M         -   scmetro_tsmc_cl013g_rvt_ff_1p32v_m40c
*info:           BUFX18M         -   scmetro_tsmc_cl013g_rvt_ff_1p32v_m40c
*info:           BUFX20M         -   scmetro_tsmc_cl013g_rvt_ff_1p32v_m40c
*info:        CLKBUFX20M         -   scmetro_tsmc_cl013g_rvt_ff_1p32v_m40c
*info:        CLKBUFX24M         -   scmetro_tsmc_cl013g_rvt_ff_1p32v_m40c
*info:           BUFX24M         -   scmetro_tsmc_cl013g_rvt_ff_1p32v_m40c
*info:        CLKBUFX32M         -   scmetro_tsmc_cl013g_rvt_ff_1p32v_m40c
*info:           BUFX32M         -   scmetro_tsmc_cl013g_rvt_ff_1p32v_m40c
*info:        CLKBUFX40M         -   scmetro_tsmc_cl013g_rvt_ff_1p32v_m40c
*info:         CLKBUFX1M         -   scmetro_tsmc_cl013g_rvt_ff_1p32v_m40c
*info:            BUFX2M         -   scmetro_tsmc_cl013g_rvt_ff_1p32v_m40c
*info:         CLKBUFX2M         -   scmetro_tsmc_cl013g_rvt_ff_1p32v_m40c
*info:         CLKBUFX3M         -   scmetro_tsmc_cl013g_rvt_ff_1p32v_m40c
*info:            BUFX3M         -   scmetro_tsmc_cl013g_rvt_ff_1p32v_m40c
*info:            BUFX4M         -   scmetro_tsmc_cl013g_rvt_ff_1p32v_m40c
*info:         CLKBUFX4M         -   scmetro_tsmc_cl013g_rvt_ff_1p32v_m40c
*info:            BUFX5M         -   scmetro_tsmc_cl013g_rvt_ff_1p32v_m40c
*info:         CLKBUFX6M         -   scmetro_tsmc_cl013g_rvt_ff_1p32v_m40c
*info:            BUFX6M         -   scmetro_tsmc_cl013g_rvt_ff_1p32v_m40c
*info:            BUFX8M         -   scmetro_tsmc_cl013g_rvt_ff_1p32v_m40c
*info:         CLKBUFX8M         -   scmetro_tsmc_cl013g_rvt_ff_1p32v_m40c
*info:           BUFX10M         -   scmetro_tsmc_cl013g_rvt_ff_1p32v_m40c
*info:           BUFX12M         -   scmetro_tsmc_cl013g_rvt_ff_1p32v_m40c
*info:        CLKBUFX12M         -   scmetro_tsmc_cl013g_rvt_ff_1p32v_m40c
*info:           BUFX14M         -   scmetro_tsmc_cl013g_rvt_ff_1p32v_m40c
*info:        CLKBUFX16M         -   scmetro_tsmc_cl013g_rvt_ff_1p32v_m40c
*info:           BUFX16M         -   scmetro_tsmc_cl013g_rvt_ff_1p32v_m40c
*info:           BUFX18M         -   scmetro_tsmc_cl013g_rvt_ff_1p32v_m40c
*info:           BUFX20M         -   scmetro_tsmc_cl013g_rvt_ff_1p32v_m40c
*info:        CLKBUFX20M         -   scmetro_tsmc_cl013g_rvt_ff_1p32v_m40c
*info:        CLKBUFX24M         -   scmetro_tsmc_cl013g_rvt_ff_1p32v_m40c
*info:           BUFX24M         -   scmetro_tsmc_cl013g_rvt_ff_1p32v_m40c
*info:        CLKBUFX32M         -   scmetro_tsmc_cl013g_rvt_ff_1p32v_m40c
*info:           BUFX32M         -   scmetro_tsmc_cl013g_rvt_ff_1p32v_m40c
*info:        CLKBUFX40M         -   scmetro_tsmc_cl013g_rvt_ff_1p32v_m40c
*info:         CLKBUFX1M         -   scmetro_tsmc_cl013g_rvt_ff_1p32v_m40c
*info:            BUFX2M         -   scmetro_tsmc_cl013g_rvt_ff_1p32v_m40c
*info:         CLKBUFX2M         -   scmetro_tsmc_cl013g_rvt_ff_1p32v_m40c
*info:         CLKBUFX3M         -   scmetro_tsmc_cl013g_rvt_ff_1p32v_m40c
*info:            BUFX3M         -   scmetro_tsmc_cl013g_rvt_ff_1p32v_m40c
*info:            BUFX4M         -   scmetro_tsmc_cl013g_rvt_ff_1p32v_m40c
*info:         CLKBUFX4M         -   scmetro_tsmc_cl013g_rvt_ff_1p32v_m40c
*info:            BUFX5M         -   scmetro_tsmc_cl013g_rvt_ff_1p32v_m40c
*info:         CLKBUFX6M         -   scmetro_tsmc_cl013g_rvt_ff_1p32v_m40c
*info:            BUFX6M         -   scmetro_tsmc_cl013g_rvt_ff_1p32v_m40c
*info:            BUFX8M         -   scmetro_tsmc_cl013g_rvt_ff_1p32v_m40c
*info:         CLKBUFX8M         -   scmetro_tsmc_cl013g_rvt_ff_1p32v_m40c
*info:           BUFX10M         -   scmetro_tsmc_cl013g_rvt_ff_1p32v_m40c
*info:           BUFX12M         -   scmetro_tsmc_cl013g_rvt_ff_1p32v_m40c
*info:        CLKBUFX12M         -   scmetro_tsmc_cl013g_rvt_ff_1p32v_m40c
*info:           BUFX14M         -   scmetro_tsmc_cl013g_rvt_ff_1p32v_m40c
*info:        CLKBUFX16M         -   scmetro_tsmc_cl013g_rvt_ff_1p32v_m40c
*info:           BUFX16M         -   scmetro_tsmc_cl013g_rvt_ff_1p32v_m40c
*info:           BUFX18M         -   scmetro_tsmc_cl013g_rvt_ff_1p32v_m40c
*info:           BUFX20M         -   scmetro_tsmc_cl013g_rvt_ff_1p32v_m40c
*info:        CLKBUFX20M         -   scmetro_tsmc_cl013g_rvt_ff_1p32v_m40c
*info:        CLKBUFX24M         -   scmetro_tsmc_cl013g_rvt_ff_1p32v_m40c
*info:           BUFX24M         -   scmetro_tsmc_cl013g_rvt_ff_1p32v_m40c
*info:        CLKBUFX32M         -   scmetro_tsmc_cl013g_rvt_ff_1p32v_m40c
*info:           BUFX32M         -   scmetro_tsmc_cl013g_rvt_ff_1p32v_m40c
*info:        CLKBUFX40M         -   scmetro_tsmc_cl013g_rvt_ff_1p32v_m40c
All-RC-Corners-Per-Net-In-Memory is turned ON...
*** Started fixing hold violations - preprocessing (totcpu=0:01:27, mem=406.8M)
Setting analysis mode to hold ...
--------------------------------------------------- 
   Hold Violation Summary with Target Slack 
--------------------------------------------------- 
 Target slack: 0.000 ns
 Worst Slack : 0.000 ns 
 TNS         : 0.000 ns 
 Viol paths  : 0 
 Max Local density  : 0.980 

 TNS and Viol paths do not include clock gating violations.
--------------------------------------------------- 
*** Started fixing hold violations, collecting hold timing (totcpu=0:01:28, mem=406.8M)
*** Hold timing met, No need to fix hold violation 
Starting refinePlace ...
Statistics of distance of Instance movement in detailed placement:
  maximum (X+Y) =         0.00 um
  mean    (X+Y) =         0.00 um
Total instances moved : 0
*** cpu=0:00:00.0   mem=406.8M  mem(used)=0.0M***
Total net length = 5.093e+04 (2.803e+04 2.291e+04) (ext = 1.925e+03)
default core: bins with density >  0.75 = 9.26 % ( 5 / 54 )
*** Starting trialRoute (mem=406.8M) ***

There are 0 pin guide points passed to trialRoute.
Options:  -handlePreroute -keepMarkedOptRoutes -noPinGuide

Nr of prerouted/Fixed nets = 117
There are 117 nets with 1 extra space.
routingBox: (0 0) (480940 320940)
coreBox:    (8200 8200) (472940 312940)
There are 117 prerouted nets with extraSpace.
Number of multi-gpin terms=204, multi-gpins=408, moved blk term=0/86

Phase 1a route (0:00:00.0 406.8M):
Est net length = 5.327e+04um = 2.851e+04H + 2.476e+04V
Usage: (20.5%H 21.3%V) = (4.621e+04um 5.733e+04um) = (22429 19974)
Obstruct: 51 = 0 (0.0%H) + 51 (0.8%V)
Overflow: 46 = 0 (0.00% H) + 46 (0.70% V)
Number obstruct path=15 reroute=0

There are 117 prerouted nets with extraSpace.
Phase 1b route (0:00:00.0 406.8M):
Usage: (20.5%H 21.3%V) = (4.615e+04um 5.734e+04um) = (22401 19978)
Overflow: 46 = 0 (0.00% H) + 46 (0.70% V)

There are 117 prerouted nets with extraSpace.
Phase 1c route (0:00:00.0 406.8M):
Usage: (20.5%H 21.2%V) = (4.609e+04um 5.729e+04um) = (22368 19963)
Overflow: 41 = 0 (0.00% H) + 41 (0.62% V)

Phase 1d route (0:00:00.0 406.8M):
Usage: (20.5%H 21.2%V) = (4.609e+04um 5.729e+04um) = (22368 19963)
Overflow: 41 = 0 (0.00% H) + 41 (0.62% V)

Phase 1e route (0:00:00.0 406.8M):
Usage: (20.5%H 21.2%V) = (4.612e+04um 5.731e+04um) = (22385 19967)
Overflow: 25 = 0 (0.00% H) + 25 (0.38% V)

Phase 1f route (0:00:00.0 406.8M):
Usage: (20.5%H 21.2%V) = (4.613e+04um 5.731e+04um) = (22387 19967)
Overflow: 24 = 0 (0.00% H) + 24 (0.36% V)

Congestion distribution:

Remain	cntH		cntV
--------------------------------------
 -3:	0	 0.00%	2	 0.03%
 -2:	0	 0.00%	5	 0.08%
 -1:	0	 0.00%	13	 0.20%
--------------------------------------
  0:	0	 0.00%	43	 0.66%
  1:	0	 0.00%	55	 0.85%
  2:	1	 0.02%	69	 1.06%
  3:	1	 0.02%	47	 0.72%
  4:	11	 0.17%	48	 0.74%
  5:	30	 0.46%	81	 1.25%
  6:	39	 0.59%	156	 2.40%
  7:	318	 4.85%	179	 2.75%
  8:	151	 2.30%	291	 4.47%
  9:	309	 4.71%	424	 6.52%
 10:	389	 5.93%	576	 8.86%
 11:	451	 6.88%	808	12.42%
 12:	596	 9.09%	925	14.22%
 13:	808	12.33%	997	15.33%
 14:	897	13.68%	800	12.30%
 15:	847	12.92%	951	14.62%
 16:	795	12.13%	8	 0.12%
 17:	614	 9.37%	9	 0.14%
 18:	298	 4.55%	13	 0.20%
 20:	0	 0.00%	4	 0.06%


Using detail cap. scale factor for clock nets.
Initializing multi-corner capacitance tables ... 
Initializing multi-corner resistance tables ...

*** Memory Usage v0.144 (Current mem = 406.750M, initial mem = 62.238M) ***
Phase 1l route (0:00:00.1 406.8M):
There are 117 prerouted nets with extraSpace.


*** After '-updateRemainTrks' operation: 

Usage: (20.9%H 21.6%V) = (4.703e+04um 5.828e+04um) = (22818 20307)
Overflow: 36 = 0 (0.00% H) + 36 (0.56% V)

Congestion distribution:

Remain	cntH		cntV
--------------------------------------
 -3:	0	 0.00%	2	 0.03%
 -2:	0	 0.00%	7	 0.11%
 -1:	0	 0.00%	23	 0.35%
--------------------------------------
  0:	0	 0.00%	37	 0.57%
  1:	0	 0.00%	56	 0.86%
  2:	1	 0.02%	62	 0.95%
  3:	2	 0.03%	52	 0.80%
  4:	14	 0.21%	51	 0.78%
  5:	28	 0.43%	87	 1.34%
  6:	47	 0.72%	166	 2.55%
  7:	323	 4.93%	189	 2.91%
  8:	159	 2.43%	307	 4.72%
  9:	312	 4.76%	409	 6.29%
 10:	412	 6.29%	565	 8.69%
 11:	450	 6.86%	796	12.24%
 12:	613	 9.35%	923	14.19%
 13:	809	12.34%	996	15.31%
 14:	888	13.55%	793	12.19%
 15:	824	12.57%	950	14.61%
 16:	789	12.04%	7	 0.11%
 17:	589	 8.99%	9	 0.14%
 18:	295	 4.50%	13	 0.20%
 20:	0	 0.00%	4	 0.06%



*** Completed Phase 1 route (0:00:00.1 406.8M) ***


Total length: 6.251e+04um, number of vias: 17085
M1(H) length: 8.375e+00um, number of vias: 8024
M2(V) length: 2.199e+04um, number of vias: 7347
M3(H) length: 2.861e+04um, number of vias: 1491
M4(V) length: 8.998e+03um, number of vias: 213
M5(H) length: 2.804e+03um, number of vias: 10
M6(V) length: 1.021e+02um, number of vias: 0
M7(H) length: 0.000e+00um
*** Completed Phase 2 route (0:00:00.0 406.8M) ***

*** Finished all Phases (cpu=0:00:00.2 mem=406.8M) ***
Peak Memory Usage was 406.8M 
*** Finished trialRoute (cpu=0:00:00.2 mem=406.8M) ***

Default RC Extraction called for design SYS_TOP.
RC Extraction called in multi-corner(1) mode.
RCMode: Default
      RC Corner Indexes            0   
Capacitance Scaling Factor   : 1.00000 
Coupling Cap. Scaling Factor : 1.00000 
Resistance Scaling Factor    : 1.00000 
Shrink Factor                : 1.00000
Default RC extraction is honoring NDR/Shielding/ExtraSpace for clock nets.
Using detail cap. scale factor for clock nets.
Initializing multi-corner capacitance tables ... 
Initializing multi-corner resistance tables ...
Default RC Extraction DONE (CPU Time: 0:00:00.0  Real Time: 0:00:00.0  MEM: 406.750M)
Calculate delays in BcWc mode...
Topological Sorting (CPU = 0:00:00.0, MEM = 406.8M)
Number of Loop : 0
Start delay calculation (mem=406.750M)...
*** Calculating scaling factor for max libraries using the default operating condition of each library.
Delay calculation completed.
(0:00:00.1 406.750M 0)
Calculate delays in BcWc mode...
Topological Sorting (CPU = 0:00:00.0, MEM = 406.8M)
Number of Loop : 0
Start delay calculation (mem=406.750M)...
Delay calculation completed.
(0:00:00.0 406.750M 0)
Calculate delays in BcWc mode...
Topological Sorting (CPU = 0:00:00.0, MEM = 406.8M)
Number of Loop : 0
Start delay calculation (mem=406.750M)...
Delay calculation completed.
(0:00:00.0 406.750M 0)
*** CDM Built up (cpu=0:00:00.3  mem= 406.8M) ***
**optDesign ... cpu = 0:00:01, real = 0:00:01, mem = 406.8M **
Reported timing to dir ./timingReports
**optDesign ... cpu = 0:00:01, real = 0:00:01, mem = 406.8M **
Found active setup analysis view setup1_analysis_view
Found active setup analysis view setup2_analysis_view
Found active setup analysis view setup3_analysis_view
Found active hold analysis view hold1_analysis_view
Found active hold analysis view hold2_analysis_view
Found active hold analysis view hold3_analysis_view

------------------------------------------------------------
     optDesign Final Summary                             
------------------------------------------------------------

+--------------------+---------+---------+---------+---------+---------+---------+
|     Setup mode     |   all   | reg2reg | in2reg  | reg2out | in2out  | clkgate |
+--------------------+---------+---------+---------+---------+---------+---------+
|           WNS (ns):|  2.346  |  2.346  | 15.113  | 77.046  |   N/A   | 17.813  |
|           TNS (ns):|  0.000  |  0.000  |  0.000  |  0.000  |   N/A   |  0.000  |
|    Violating Paths:|    0    |    0    |    0    |    0    |   N/A   |    0    |
|          All Paths:|  1032   |  1015   |   360   |    7    |   N/A   |    3    |
+--------------------+---------+---------+---------+---------+---------+---------+

+--------------------+---------+---------+---------+---------+---------+---------+
|     Hold mode      |   all   | reg2reg | in2reg  | reg2out | in2out  | clkgate |
+--------------------+---------+---------+---------+---------+---------+---------+
|           WNS (ns):|-135.674 |  0.037  |  0.063  | 20.997  |   N/A   |-135.674 |
|           TNS (ns):|-271.258 |  0.000  |  0.000  |  0.000  |   N/A   |-271.258 |
|    Violating Paths:|    2    |    0    |    0    |    0    |   N/A   |    2    |
|          All Paths:|  1032   |  1015   |   360   |    7    |   N/A   |    3    |
+--------------------+---------+---------+---------+---------+---------+---------+

+----------------+---------------------------+--------------+
|                |            Real           |     Total    |
|    DRVs        +--------------+------------+--------------|
|                |Nr nets(terms)| Worst Vio  |Nr nets(terms)|
+----------------+--------------+------------+--------------+
|   max_cap      |    0 (0)     |   0.000    |    0 (0)     |
|   max_tran     |    0 (0)     |   0.000    |    0 (0)     |
|   max_fanout   |    0 (0)     |     0      |    0 (0)     |
+----------------+--------------+------------+--------------+

Density: 77.747%
Routing Overflow: 0.00% H and 0.56% V
------------------------------------------------------------
**optDesign ... cpu = 0:00:02, real = 0:00:02, mem = 406.8M **
*** Finished optDesign ***
<CMD> setDrawView fplan
<CMD> setDrawView place
<CMD> setDrawView fplan
<CMD> setDrawView ameba
<CMD> setDrawView fplan
<CMD> panPage 0 1
<CMD> panPage -1 0
<CMD> panPage 0 1
<CMD> panPage 1 0
<CMD> panPage 1 0
<CMD> panPage 0 -1
<CMD> panPage 0 -1
<CMD> panPage -1 0
<CMD> panPage 0 -1
<CMD> panPage 0 -1
<CMD> panPage 0 1
<CMD> panPage -1 0
<CMD> panPage 0 1
<CMD> panPage 0 1
<CMD> panPage 1 0
<CMD> panPage 0 -1
<CMD> panPage 0 -1
<CMD> panPage 0 -1
<CMD> panPage 0 1
<CMD> panPage -1 0
<CMD> panPage 0 -1
<CMD> panPage 0 1
<CMD> panPage 0 1
<CMD> panPage 0 1
<CMD> panPage 0 1
<CMD> panPage 1 0
<CMD> panPage 0 -1
<CMD> panPage 1 0
<CMD> panPage 0 1
<CMD> panPage 0 -1
<CMD> panPage 0 -1
<CMD> panPage -1 0
<CMD> panPage 1 0
<CMD> panPage -1 0
<CMD> panPage 0 1
<CMD> panPage 1 0
<CMD> panPage 0 -1
<CMD> panPage -1 0
<CMD> panPage -1 0
<CMD> panPage -1 0
<CMD> panPage 1 0
<CMD> setDrawView fplan
<CMD> setDrawView ameba
<CMD> zoomBox -11.232 148.853 155.956 85.023
<CMD> panPage 0 -1
<CMD> panPage 0 -1
<CMD> panPage 0 1
<CMD> panPage 1 0
<CMD> panPage -1 0
<CMD> zoomBox -4.154 78.380 89.681 45.242
<CMD> zoomBox -1.325 75.925 87.815 51.007
<CMD> panPage 0 -1
<CMD> panPage 0 -1
<CMD> panPage 0 1
<CMD> panPage 0 1
<CMD> panPage 0 1
<CMD> panPage 0 1
<CMD> panPage 0 -1
<CMD> panPage 1 0
<CMD> panPage 1 0
<CMD> panPage 0 -1
<CMD> panPage 0 -1
<CMD> panPage 0 1
<CMD> zoomBox 245.289 72.072 202.234 39.823
<CMD> selectObject Module U7
<CMD> deselectAll
<CMD> windowSelect -23.753 103.926 78.868 60.472
<CMD> deselectAll
<CMD> zoomBox 279.444 122.585 117.412 44.023
<CMD> zoomBox 248.526 99.858 119.156 82.157
<CMD> panPage -1 0
<CMD> panPage 1 0
<CMD> selectObject Module U8
<CMD> panPage -1 0
<CMD> panPage 1 0
<CMD> panPage -1 0
<CMD> panPage 1 0
<CMD> panCenter 256.119 96.898
<CMD> zoomBox 95.317 106.872 150.309 73.238
<CMD> zoomBox 113.341 100.323 139.490 78.805
<CMD> setDrawView fplan
<CMD> setDrawView fplan
<CMD> deselectAll
<CMD> selectInst U8/U0_TLATNCAX12M
<CMD> setDrawView fplan
<CMD> setDrawView fplan
<CMD> setDrawView ameba
<CMD> setDrawView place
<CMD> deselectAll
<CMD> selectWire 119.4150 90.7150 145.8550 90.9150 3 {REGFILE_RdData[5]}
<CMD> deselectAll
<CMD> selectInst U8/U0_TLATNCAX12M
<CMD> deselectAll
<CMD> zoomBox 134.952 94.740 115.599 88.889
<CMD> verifyGeometry -noMinArea
 *** Starting Verify Geometry (MEM: 406.8) ***

  VERIFY GEOMETRY ...... Starting Verification
  VERIFY GEOMETRY ...... Initializing
  VERIFY GEOMETRY ...... Deleting Existing Violations
  VERIFY GEOMETRY ...... Creating Sub-Areas
                  ...... bin size: 8000
  VERIFY GEOMETRY ...... SubArea : 1 of 1
  VERIFY GEOMETRY ...... Cells          :  0 Viols.
**WARN: (SOCVFG-103):	VERIFY GEOMETRY did not complete: Number of violations exceeds the Error Limit [1000]
VG: elapsed time: 0.00
Begin Summary ...
  Cells       : 0
  SameNet     : 0
  Wiring      : 0
  Antenna     : 0
  Short       : 1000
  Overlap     : 0
End Summary

  Verification Complete : 1000 Viols.  0 Wrngs.

**********End: VERIFY GEOMETRY**********
 *** verify geometry (CPU: 0:00:00.0  MEM: 36.5M)

<CMD> zoomBox -43.884 152.045 266.187 2.533
