
                           Design Compiler Graphical 
                                 DC Ultra (TM)
                                  DFTMAX (TM)
                              Power Compiler (TM)
                                 DesignWare (R)
                                 DC Expert (TM)
                               Design Vision (TM)
                               HDL Compiler (TM)
                               VHDL Compiler (TM)
                                  DFT Compiler
                               Design Compiler(R)

               Version O-2018.06-SP1 for linux64 - Jul 19, 2018 

                    Copyright (c) 1988 - 2018 Synopsys, Inc.
   This software and the associated documentation are proprietary to Synopsys,
 Inc. This software may only be used in accordance with the terms and conditions
 of a written license agreement with Synopsys, Inc. All other use, reproduction,
            or distribution of this software is strictly prohibited.
Initializing...
Initializing gui preferences from file  /home/ICer/.synopsys_dv_prefs.tcl
########################### Define Top Module ############################
set top_module SYS_TOP
SYS_TOP
##################### Define Working Library Directory ######################
define_design_lib work -path ./work
1
############################# Formality Setup File ##########################
set_svf $top_module.svf
1
################## Design Compiler Library Setup ######################
puts "###########################################"
###########################################
puts "#       Setting Design Libraries          #"
#       Setting Design Libraries          #
puts "###########################################"
###########################################
lappend search_path /home/IC/tsmc_fb_cl013g_sc/aci/sc-m/synopsys
. /home/synopsys/syn/O-2018.06-SP1/libraries/syn /home/synopsys/syn/O-2018.06-SP1/minpower/syn /home/synopsys/syn/O-2018.06-SP1/dw/syn_ver /home/synopsys/syn/O-2018.06-SP1/dw/sim_ver /home/IC/tsmc_fb_cl013g_sc/aci/sc-m/synopsys
lappend search_path /home/ICer/IC/Projects/System/std_cells
. /home/synopsys/syn/O-2018.06-SP1/libraries/syn /home/synopsys/syn/O-2018.06-SP1/minpower/syn /home/synopsys/syn/O-2018.06-SP1/dw/syn_ver /home/synopsys/syn/O-2018.06-SP1/dw/sim_ver /home/IC/tsmc_fb_cl013g_sc/aci/sc-m/synopsys /home/ICer/IC/Projects/System/std_cells
lappend search_path /home/ICer/IC/Projects/System/rtl
. /home/synopsys/syn/O-2018.06-SP1/libraries/syn /home/synopsys/syn/O-2018.06-SP1/minpower/syn /home/synopsys/syn/O-2018.06-SP1/dw/syn_ver /home/synopsys/syn/O-2018.06-SP1/dw/sim_ver /home/IC/tsmc_fb_cl013g_sc/aci/sc-m/synopsys /home/ICer/IC/Projects/System/std_cells /home/ICer/IC/Projects/System/rtl
set SSLIB "scmetro_tsmc_cl013g_rvt_ss_1p08v_125c.db"
scmetro_tsmc_cl013g_rvt_ss_1p08v_125c.db
set TTLIB "scmetro_tsmc_cl013g_rvt_tt_1p2v_25c.db"
scmetro_tsmc_cl013g_rvt_tt_1p2v_25c.db
set FFLIB "scmetro_tsmc_cl013g_rvt_ff_1p32v_m40c.db"
scmetro_tsmc_cl013g_rvt_ff_1p32v_m40c.db
set target_library [list $SSLIB $TTLIB $FFLIB]
scmetro_tsmc_cl013g_rvt_ss_1p08v_125c.db scmetro_tsmc_cl013g_rvt_tt_1p2v_25c.db scmetro_tsmc_cl013g_rvt_ff_1p32v_m40c.db
set link_library   [list * $SSLIB $TTLIB $FFLIB]  
* scmetro_tsmc_cl013g_rvt_ss_1p08v_125c.db scmetro_tsmc_cl013g_rvt_tt_1p2v_25c.db scmetro_tsmc_cl013g_rvt_ff_1p32v_m40c.db
######################## Reading RTL Files #################################
puts "###########################################"
###########################################
puts "#             Reading RTL Files           #"
#             Reading RTL Files           #
puts "###########################################"
###########################################
set fh [open system.lst r+]
file11
set rtl [read $fh]
/home/ICer/IC/Projects/System/rtl/ALU/ALU.v
/home/ICer/IC/Projects/System/rtl/ASYNC_FIFO/ASYNC_FIFO.v
/home/ICer/IC/Projects/System/rtl/ASYNC_FIFO/DF_SYNC.v
/home/ICer/IC/Projects/System/rtl/ASYNC_FIFO/FIFO_MEM_CNTRL.v
/home/ICer/IC/Projects/System/rtl/ASYNC_FIFO/FIFO_RD.v
/home/ICer/IC/Projects/System/rtl/ASYNC_FIFO/FIFO_WR.v
/home/ICer/IC/Projects/System/rtl/CLK_Divider/ClkDiv.v
/home/ICer/IC/Projects/System/rtl/CLKDIV_MUX/CLKDIV_MUX.v
/home/ICer/IC/Projects/System/rtl/Clock_Gating/CLK_GATE.v
/home/ICer/IC/Projects/System/rtl/DATA_SYNC/DATA_SYNC.v
/home/ICer/IC/Projects/System/rtl/PULSE_GEN/PULSE_GEN.v
/home/ICer/IC/Projects/System/rtl/RegFile/RegFile.v
/home/ICer/IC/Projects/System/rtl/RST_SYNC/RST_SYNC.v
/home/ICer/IC/Projects/System/rtl/SYS_CTRL/SYS_CTRL.v
/home/ICer/IC/Projects/System/rtl/SYS_TOP/SYS_TOP_dft.v
/home/ICer/IC/Projects/System/rtl/UART/UART_RX/data_sampling.v
/home/ICer/IC/Projects/System/rtl/UART/UART_RX/deserializer.v
/home/ICer/IC/Projects/System/rtl/UART/UART_RX/edge_bit_counter.v
/home/ICer/IC/Projects/System/rtl/UART/UART_RX/parity_Check.v
/home/ICer/IC/Projects/System/rtl/UART/UART_RX/stop_Check.v
/home/ICer/IC/Projects/System/rtl/UART/UART_RX/strt_Check.v
/home/ICer/IC/Projects/System/rtl/UART/UART_RX/UART_RX_FSM.sv
/home/ICer/IC/Projects/System/rtl/UART/UART_RX/UART_RX_TOP.v
/home/ICer/IC/Projects/System/rtl/UART/UART_TOP/UART.v
/home/ICer/IC/Projects/System/rtl/UART/UART_TX/Mux_4X1.v
/home/ICer/IC/Projects/System/rtl/UART/UART_TX/parity_Calc.v
/home/ICer/IC/Projects/System/rtl/UART/UART_TX/Serializer.v
/home/ICer/IC/Projects/System/rtl/UART/UART_TX/UART_TX_FSM.sv
/home/ICer/IC/Projects/System/rtl/UART/UART_TX/UART_TX_TOP.v
/home/ICer/IC/Projects/System/rtl/mux2X1/mux2X1.v
close $fh
set designs ""
regsub -all "\n" $rtl " " designs
29
analyze -format sverilog [split $designs]
Running PRESTO HDLC
Compiling source file /home/ICer/IC/Projects/System/rtl/ALU/ALU.v
Compiling source file /home/ICer/IC/Projects/System/rtl/ASYNC_FIFO/ASYNC_FIFO.v
Compiling source file /home/ICer/IC/Projects/System/rtl/ASYNC_FIFO/DF_SYNC.v
Compiling source file /home/ICer/IC/Projects/System/rtl/ASYNC_FIFO/FIFO_MEM_CNTRL.v
Compiling source file /home/ICer/IC/Projects/System/rtl/ASYNC_FIFO/FIFO_RD.v
Compiling source file /home/ICer/IC/Projects/System/rtl/ASYNC_FIFO/FIFO_WR.v
Compiling source file /home/ICer/IC/Projects/System/rtl/CLK_Divider/ClkDiv.v
Compiling source file /home/ICer/IC/Projects/System/rtl/CLKDIV_MUX/CLKDIV_MUX.v
Compiling source file /home/ICer/IC/Projects/System/rtl/Clock_Gating/CLK_GATE.v
Compiling source file /home/ICer/IC/Projects/System/rtl/DATA_SYNC/DATA_SYNC.v
Compiling source file /home/ICer/IC/Projects/System/rtl/PULSE_GEN/PULSE_GEN.v
Compiling source file /home/ICer/IC/Projects/System/rtl/RegFile/RegFile.v
Compiling source file /home/ICer/IC/Projects/System/rtl/RST_SYNC/RST_SYNC.v
Compiling source file /home/ICer/IC/Projects/System/rtl/SYS_CTRL/SYS_CTRL.v
Compiling source file /home/ICer/IC/Projects/System/rtl/SYS_TOP/SYS_TOP_dft.v
Compiling source file /home/ICer/IC/Projects/System/rtl/UART/UART_RX/data_sampling.v
Compiling source file /home/ICer/IC/Projects/System/rtl/UART/UART_RX/deserializer.v
Compiling source file /home/ICer/IC/Projects/System/rtl/UART/UART_RX/edge_bit_counter.v
Compiling source file /home/ICer/IC/Projects/System/rtl/UART/UART_RX/parity_Check.v
Compiling source file /home/ICer/IC/Projects/System/rtl/UART/UART_RX/stop_Check.v
Compiling source file /home/ICer/IC/Projects/System/rtl/UART/UART_RX/strt_Check.v
Compiling source file /home/ICer/IC/Projects/System/rtl/UART/UART_RX/UART_RX_FSM.sv
Compiling source file /home/ICer/IC/Projects/System/rtl/UART/UART_RX/UART_RX_TOP.v
Compiling source file /home/ICer/IC/Projects/System/rtl/UART/UART_TOP/UART.v
Compiling source file /home/ICer/IC/Projects/System/rtl/UART/UART_TX/Mux_4X1.v
Compiling source file /home/ICer/IC/Projects/System/rtl/UART/UART_TX/parity_Calc.v
Compiling source file /home/ICer/IC/Projects/System/rtl/UART/UART_TX/Serializer.v
Compiling source file /home/ICer/IC/Projects/System/rtl/UART/UART_TX/UART_TX_FSM.sv
Compiling source file /home/ICer/IC/Projects/System/rtl/UART/UART_TX/UART_TX_TOP.v
Compiling source file /home/ICer/IC/Projects/System/rtl/mux2X1/mux2X1.v
Presto compilation completed successfully.
Loading db file '/home/ICer/IC/Projects/System/std_cells/scmetro_tsmc_cl013g_rvt_ss_1p08v_125c.db'
Loading db file '/home/ICer/IC/Projects/System/std_cells/scmetro_tsmc_cl013g_rvt_tt_1p2v_25c.db'
Loading db file '/home/ICer/IC/Projects/System/std_cells/scmetro_tsmc_cl013g_rvt_ff_1p32v_m40c.db'
1
elaborate $top_module
Loading db file '/home/synopsys/syn/O-2018.06-SP1/libraries/syn/gtech.db'
Loading db file '/home/synopsys/syn/O-2018.06-SP1/libraries/syn/standard.sldb'
  Loading link library 'scmetro_tsmc_cl013g_rvt_ss_1p08v_125c'
  Loading link library 'scmetro_tsmc_cl013g_rvt_tt_1p2v_25c'
  Loading link library 'scmetro_tsmc_cl013g_rvt_ff_1p32v_m40c'
  Loading link library 'gtech'
Running PRESTO HDLC
Presto compilation completed successfully.
Elaborated 1 design.
Current design is now 'SYS_TOP'.
Information: Building the design 'mux2X1'. (HDL-193)
Presto compilation completed successfully.
Information: Building the design 'RST_SYNC'. (HDL-193)

Inferred memory devices in process
	in routine RST_SYNC line 8 in file
		'/home/ICer/IC/Projects/System/rtl/RST_SYNC/RST_SYNC.v'.
===============================================================================
|    Register Name    |   Type    | Width | Bus | MB | AR | AS | SR | SS | ST |
===============================================================================
|  Synchronizer_reg   | Flip-flop |   2   |  Y  | N  | Y  | N  | N  | N  | N  |
===============================================================================
Presto compilation completed successfully.
Information: Building the design 'RegFile' instantiated from design 'SYS_TOP' with
	the parameters "WIDTH=8,DEPTH=16,ADDR=4". (HDL-193)

Inferred memory devices in process
	in routine RegFile_WIDTH8_DEPTH16_ADDR4 line 24 in file
		'/home/ICer/IC/Projects/System/rtl/RegFile/RegFile.v'.
===============================================================================
|    Register Name    |   Type    | Width | Bus | MB | AR | AS | SR | SS | ST |
===============================================================================
|     regArr_reg      | Flip-flop |  125  |  Y  | N  | Y  | N  | N  | N  | N  |
|     regArr_reg      | Flip-flop |   3   |  Y  | N  | N  | Y  | N  | N  | N  |
|   RdData_VLD_reg    | Flip-flop |   1   |  N  | N  | Y  | N  | N  | N  | N  |
|     RdData_reg      | Flip-flop |   8   |  Y  | N  | Y  | N  | N  | N  | N  |
===============================================================================
Statistics for MUX_OPs
=====================================================================
|        block name/line          | Inputs | Outputs | # sel inputs |
=====================================================================
| RegFile_WIDTH8_DEPTH16_ADDR4/46 |   16   |    8    |      4       |
=====================================================================
Presto compilation completed successfully.
Information: Building the design 'CLK_GATE'. (HDL-193)

Inferred memory devices in process
	in routine CLK_GATE line 20 in file
		'/home/ICer/IC/Projects/System/rtl/Clock_Gating/CLK_GATE.v'.
===========================================================================
|    Register Name    | Type  | Width | Bus | MB | AR | AS | SR | SS | ST |
===========================================================================
|    Latch_Out_reg    | Latch |   1   |  N  | N  | N  | N  | -  | -  | -  |
===========================================================================
Presto compilation completed successfully.
Information: Building the design 'ALU'. (HDL-193)

Statistics for case statements in always block at line 23 in file
	'/home/ICer/IC/Projects/System/rtl/ALU/ALU.v'
===============================================
|           Line           |  full/ parallel  |
===============================================
|            29            |    auto/auto     |
===============================================

Inferred memory devices in process
	in routine ALU line 11 in file
		'/home/ICer/IC/Projects/System/rtl/ALU/ALU.v'.
===============================================================================
|    Register Name    |   Type    | Width | Bus | MB | AR | AS | SR | SS | ST |
===============================================================================
|    OUT_VALID_reg    | Flip-flop |   1   |  N  | N  | Y  | N  | N  | N  | N  |
|     ALU_OUT_reg     | Flip-flop |  16   |  Y  | N  | Y  | N  | N  | N  | N  |
===============================================================================
Presto compilation completed successfully.
Information: Building the design 'SYS_CTRL'. (HDL-193)

Statistics for case statements in always block at line 90 in file
	'/home/ICer/IC/Projects/System/rtl/SYS_CTRL/SYS_CTRL.v'
===============================================
|           Line           |  full/ parallel  |
===============================================
|            98            |    auto/auto     |
===============================================

Statistics for case statements in always block at line 108 in file
	'/home/ICer/IC/Projects/System/rtl/SYS_CTRL/SYS_CTRL.v'
===============================================
|           Line           |  full/ parallel  |
===============================================
|           120            |    auto/auto     |
|           128            |    auto/auto     |
|           140            |    auto/auto     |
===============================================

Inferred memory devices in process
	in routine SYS_CTRL line 83 in file
		'/home/ICer/IC/Projects/System/rtl/SYS_CTRL/SYS_CTRL.v'.
===============================================================================
|    Register Name    |   Type    | Width | Bus | MB | AR | AS | SR | SS | ST |
===============================================================================
|      state_reg      | Flip-flop |   4   |  Y  | N  | Y  | N  | N  | N  | N  |
===============================================================================

Inferred memory devices in process
	in routine SYS_CTRL line 90 in file
		'/home/ICer/IC/Projects/System/rtl/SYS_CTRL/SYS_CTRL.v'.
===============================================================================
|    Register Name    |   Type    | Width | Bus | MB | AR | AS | SR | SS | ST |
===============================================================================
|   frame3_reg_reg    | Flip-flop |   4   |  Y  | N  | Y  | N  | N  | N  | N  |
|     cmd_reg_reg     | Flip-flop |   8   |  Y  | N  | Y  | N  | N  | N  | N  |
|   frame1_reg_reg    | Flip-flop |   8   |  Y  | N  | Y  | N  | N  | N  | N  |
|   frame2_reg_reg    | Flip-flop |   8   |  Y  | N  | Y  | N  | N  | N  | N  |
===============================================================================
Presto compilation completed successfully.
Information: Building the design 'CLKDIV_MUX' instantiated from design 'SYS_TOP' with
	the parameters "WIDTH=8". (HDL-193)

Statistics for case statements in always block at line 7 in file
	'/home/ICer/IC/Projects/System/rtl/CLKDIV_MUX/CLKDIV_MUX.v'
===============================================
|           Line           |  full/ parallel  |
===============================================
|            9             |    auto/auto     |
===============================================
Presto compilation completed successfully.
Information: Building the design 'ClkDiv'. (HDL-193)

Inferred memory devices in process
	in routine ClkDiv line 16 in file
		'/home/ICer/IC/Projects/System/rtl/CLK_Divider/ClkDiv.v'.
===============================================================================
|    Register Name    |   Type    | Width | Bus | MB | AR | AS | SR | SS | ST |
===============================================================================
|   div_clk_reg_reg   | Flip-flop |   1   |  N  | N  | Y  | N  | N  | N  | N  |
|     counter_reg     | Flip-flop |   8   |  Y  | N  | Y  | N  | N  | N  | N  |
===============================================================================
Presto compilation completed successfully.
Information: Building the design 'UART'. (HDL-193)
Presto compilation completed successfully.
Information: Building the design 'PULSE_GEN'. (HDL-193)

Inferred memory devices in process
	in routine PULSE_GEN line 19 in file
		'/home/ICer/IC/Projects/System/rtl/PULSE_GEN/PULSE_GEN.v'.
===============================================================================
|    Register Name    |   Type    | Width | Bus | MB | AR | AS | SR | SS | ST |
===============================================================================
|    pls_flop_reg     | Flip-flop |   1   |  N  | N  | Y  | N  | N  | N  | N  |
|    rcv_flop_reg     | Flip-flop |   1   |  N  | N  | Y  | N  | N  | N  | N  |
===============================================================================
Presto compilation completed successfully.
Information: Building the design 'DATA_SYNC'. (HDL-193)

Inferred memory devices in process
	in routine DATA_SYNC line 14 in file
		'/home/ICer/IC/Projects/System/rtl/DATA_SYNC/DATA_SYNC.v'.
============================================================================================
|          Register Name           |   Type    | Width | Bus | MB | AR | AS | SR | SS | ST |
============================================================================================
|        Pulse_Gen_Flop_reg        | Flip-flop |   1   |  N  | N  | Y  | N  | N  | N  | N  |
|           sync_bus_reg           | Flip-flop |   8   |  Y  | N  | Y  | N  | N  | N  | N  |
|         enable_pulse_reg         | Flip-flop |   1   |  N  | N  | Y  | N  | N  | N  | N  |
| Multi_Flip_Flop_Synchronizer_reg | Flip-flop |   2   |  Y  | N  | Y  | N  | N  | N  | N  |
============================================================================================
Presto compilation completed successfully.
Information: Building the design 'ASYNC_FIFO' instantiated from design 'SYS_TOP' with
	the parameters "DATA_WIDTH=8". (HDL-193)
Presto compilation completed successfully.
Information: Building the design 'UART_TX_TOP'. (HDL-193)
Presto compilation completed successfully.
Information: Building the design 'UART_RX_TOP'. (HDL-193)
Presto compilation completed successfully.
Information: Building the design 'FIFO_WR'. (HDL-193)

Inferred memory devices in process
	in routine FIFO_WR line 20 in file
		'/home/ICer/IC/Projects/System/rtl/ASYNC_FIFO/FIFO_WR.v'.
===============================================================================
|    Register Name    |   Type    | Width | Bus | MB | AR | AS | SR | SS | ST |
===============================================================================
|      wptr_reg       | Flip-flop |   4   |  Y  | N  | Y  | N  | N  | N  | N  |
|   waddr_total_reg   | Flip-flop |   4   |  Y  | N  | Y  | N  | N  | N  | N  |
===============================================================================
Presto compilation completed successfully.
Information: Building the design 'DF_SYNC' instantiated from design 'ASYNC_FIFO_DATA_WIDTH8' with
	the parameters "WIDTH=4". (HDL-193)

Inferred memory devices in process
	in routine DF_SYNC_WIDTH4 line 12 in file
		'/home/ICer/IC/Projects/System/rtl/ASYNC_FIFO/DF_SYNC.v'.
===============================================================================
|    Register Name    |   Type    | Width | Bus | MB | AR | AS | SR | SS | ST |
===============================================================================
|  Synchronizer_reg   | Flip-flop |   8   |  Y  | N  | Y  | N  | N  | N  | N  |
===============================================================================
Presto compilation completed successfully.
Information: Building the design 'FIFO_RD'. (HDL-193)

Inferred memory devices in process
	in routine FIFO_RD line 20 in file
		'/home/ICer/IC/Projects/System/rtl/ASYNC_FIFO/FIFO_RD.v'.
===============================================================================
|    Register Name    |   Type    | Width | Bus | MB | AR | AS | SR | SS | ST |
===============================================================================
|      rptr_reg       | Flip-flop |   4   |  Y  | N  | Y  | N  | N  | N  | N  |
|   raddr_total_reg   | Flip-flop |   4   |  Y  | N  | Y  | N  | N  | N  | N  |
===============================================================================
Presto compilation completed successfully.
Information: Building the design 'FIFO_MEM_CNTRL' instantiated from design 'ASYNC_FIFO_DATA_WIDTH8' with
	the parameters "DATA_WIDTH=8". (HDL-193)

Inferred memory devices in process
	in routine FIFO_MEM_CNTRL_DATA_WIDTH8 line 10 in file
		'/home/ICer/IC/Projects/System/rtl/ASYNC_FIFO/FIFO_MEM_CNTRL.v'.
===============================================================================
|    Register Name    |   Type    | Width | Bus | MB | AR | AS | SR | SS | ST |
===============================================================================
|       RAM_reg       | Flip-flop |  64   |  Y  | N  | N  | N  | N  | N  | N  |
===============================================================================
Statistics for MUX_OPs
===================================================================
|       block name/line         | Inputs | Outputs | # sel inputs |
===================================================================
| FIFO_MEM_CNTRL_DATA_WIDTH8/15 |   8    |    8    |      3       |
===================================================================
Presto compilation completed successfully.
Information: Building the design 'UART_TX_FSM'. (HDL-193)

Statistics for case statements in always block at line 17 in file
	'/home/ICer/IC/Projects/System/rtl/UART/UART_TX/UART_TX_FSM.sv'
===============================================
|           Line           |  full/ parallel  |
===============================================
|            23            |    auto/auto     |
===============================================

Statistics for case statements in always block at line 41 in file
	'/home/ICer/IC/Projects/System/rtl/UART/UART_TX/UART_TX_FSM.sv'
===============================================
|           Line           |  full/ parallel  |
===============================================
|            43            |    auto/auto     |
===============================================

Inferred memory devices in process
	in routine UART_TX_FSM line 32 in file
		'/home/ICer/IC/Projects/System/rtl/UART/UART_TX/UART_TX_FSM.sv'.
===============================================================================
|    Register Name    |   Type    | Width | Bus | MB | AR | AS | SR | SS | ST |
===============================================================================
|  currentState_reg   | Flip-flop |   3   |  Y  | N  | Y  | N  | N  | N  | N  |
===============================================================================
Presto compilation completed successfully.
Information: Building the design 'Serializer'. (HDL-193)

Inferred memory devices in process
	in routine Serializer line 10 in file
		'/home/ICer/IC/Projects/System/rtl/UART/UART_TX/Serializer.v'.
===============================================================================
|    Register Name    |   Type    | Width | Bus | MB | AR | AS | SR | SS | ST |
===============================================================================
|    pDataReg_reg     | Flip-flop |   8   |  Y  | N  | Y  | N  | N  | N  | N  |
===============================================================================

Inferred memory devices in process
	in routine Serializer line 18 in file
		'/home/ICer/IC/Projects/System/rtl/UART/UART_TX/Serializer.v'.
===============================================================================
|    Register Name    |   Type    | Width | Bus | MB | AR | AS | SR | SS | ST |
===============================================================================
|     counter_reg     | Flip-flop |   4   |  Y  | N  | Y  | N  | N  | N  | N  |
===============================================================================
Statistics for MUX_OPs
======================================================
| block name/line  | Inputs | Outputs | # sel inputs |
======================================================
|  Serializer/16   |   8    |    1    |      3       |
======================================================
Presto compilation completed successfully.
Information: Building the design 'Parity_Calc'. (HDL-193)

Inferred memory devices in process
	in routine Parity_Calc line 7 in file
		'/home/ICer/IC/Projects/System/rtl/UART/UART_TX/parity_Calc.v'.
===============================================================================
|    Register Name    |   Type    | Width | Bus | MB | AR | AS | SR | SS | ST |
===============================================================================
|     parBit_reg      | Flip-flop |   1   |  N  | N  | Y  | N  | N  | N  | N  |
===============================================================================
Presto compilation completed successfully.
Information: Building the design 'Mux_4X1'. (HDL-193)

Statistics for case statements in always block at line 6 in file
	'/home/ICer/IC/Projects/System/rtl/UART/UART_TX/Mux_4X1.v'
===============================================
|           Line           |  full/ parallel  |
===============================================
|            7             |    auto/auto     |
===============================================
Presto compilation completed successfully.
Information: Building the design 'UART_RX_FSM'. (HDL-193)

Statistics for case statements in always block at line 39 in file
	'/home/ICer/IC/Projects/System/rtl/UART/UART_RX/UART_RX_FSM.sv'
===============================================
|           Line           |  full/ parallel  |
===============================================
|            41            |    auto/auto     |
===============================================

Inferred memory devices in process
	in routine UART_RX_FSM line 31 in file
		'/home/ICer/IC/Projects/System/rtl/UART/UART_RX/UART_RX_FSM.sv'.
===============================================================================
|    Register Name    |   Type    | Width | Bus | MB | AR | AS | SR | SS | ST |
===============================================================================
|  currentState_reg   | Flip-flop |   3   |  Y  | N  | Y  | N  | N  | N  | N  |
===============================================================================

Inferred memory devices in process
	in routine UART_RX_FSM line 121 in file
		'/home/ICer/IC/Projects/System/rtl/UART/UART_RX/UART_RX_FSM.sv'.
===============================================================================
|    Register Name    |   Type    | Width | Bus | MB | AR | AS | SR | SS | ST |
===============================================================================
|   data_valid_reg    | Flip-flop |   1   |  N  | N  | Y  | N  | N  | N  | N  |
===============================================================================
Presto compilation completed successfully.
Information: Building the design 'edge_bit_counter'. (HDL-193)

Inferred memory devices in process
	in routine edge_bit_counter line 8 in file
		'/home/ICer/IC/Projects/System/rtl/UART/UART_RX/edge_bit_counter.v'.
===============================================================================
|    Register Name    |   Type    | Width | Bus | MB | AR | AS | SR | SS | ST |
===============================================================================
|     bit_cnt_reg     | Flip-flop |   4   |  Y  | N  | Y  | N  | N  | N  | N  |
|    edge_cnt_reg     | Flip-flop |   5   |  Y  | N  | Y  | N  | N  | N  | N  |
===============================================================================
Presto compilation completed successfully.
Information: Building the design 'data_sampling'. (HDL-193)

Inferred memory devices in process
	in routine data_sampling line 10 in file
		'/home/ICer/IC/Projects/System/rtl/UART/UART_RX/data_sampling.v'.
===============================================================================
|    Register Name    |   Type    | Width | Bus | MB | AR | AS | SR | SS | ST |
===============================================================================
|  inner_counter_reg  | Flip-flop |   2   |  Y  | N  | Y  | N  | N  | N  | N  |
|  majority_reg_reg   | Flip-flop |   3   |  Y  | N  | Y  | N  | N  | N  | N  |
===============================================================================
Presto compilation completed successfully.
Information: Building the design 'parity_Check'. (HDL-193)

Inferred memory devices in process
	in routine parity_Check line 8 in file
		'/home/ICer/IC/Projects/System/rtl/UART/UART_RX/parity_Check.v'.
===============================================================================
|    Register Name    |   Type    | Width | Bus | MB | AR | AS | SR | SS | ST |
===============================================================================
|     par_err_reg     | Flip-flop |   1   |  N  | N  | Y  | N  | N  | N  | N  |
===============================================================================
Presto compilation completed successfully.
Information: Building the design 'strt_Check'. (HDL-193)

Inferred memory devices in process
	in routine strt_Check line 6 in file
		'/home/ICer/IC/Projects/System/rtl/UART/UART_RX/strt_Check.v'.
===============================================================================
|    Register Name    |   Type    | Width | Bus | MB | AR | AS | SR | SS | ST |
===============================================================================
|   strt_glitch_reg   | Flip-flop |   1   |  N  | N  | Y  | N  | N  | N  | N  |
===============================================================================
Presto compilation completed successfully.
Information: Building the design 'stop_Check'. (HDL-193)

Inferred memory devices in process
	in routine stop_Check line 6 in file
		'/home/ICer/IC/Projects/System/rtl/UART/UART_RX/stop_Check.v'.
===============================================================================
|    Register Name    |   Type    | Width | Bus | MB | AR | AS | SR | SS | ST |
===============================================================================
|     stp_err_reg     | Flip-flop |   1   |  N  | N  | Y  | N  | N  | N  | N  |
===============================================================================
Presto compilation completed successfully.
Information: Building the design 'deserializer'. (HDL-193)

Inferred memory devices in process
	in routine deserializer line 6 in file
		'/home/ICer/IC/Projects/System/rtl/UART/UART_RX/deserializer.v'.
===============================================================================
|    Register Name    |   Type    | Width | Bus | MB | AR | AS | SR | SS | ST |
===============================================================================
|     P_DATA_reg      | Flip-flop |   8   |  Y  | N  | Y  | N  | N  | N  | N  |
===============================================================================
Presto compilation completed successfully.
1
current_design $top_module
Current design is 'SYS_TOP'.
{SYS_TOP}
puts "###############################################"
###############################################
puts "######## Linking & Design Checks ##############"
######## Linking & Design Checks ##############
puts "###############################################"
###############################################
link 

  Linking design 'SYS_TOP'
  Using the following designs and libraries:
  --------------------------------------------------------------------------
  * (30 designs)              /home/ICer/IC/Projects/System/dft/SYS_TOP.db, etc
  scmetro_tsmc_cl013g_rvt_ss_1p08v_125c (library) /home/ICer/IC/Projects/System/std_cells/scmetro_tsmc_cl013g_rvt_ss_1p08v_125c.db
  scmetro_tsmc_cl013g_rvt_tt_1p2v_25c (library) /home/ICer/IC/Projects/System/std_cells/scmetro_tsmc_cl013g_rvt_tt_1p2v_25c.db
  scmetro_tsmc_cl013g_rvt_ff_1p32v_m40c (library) /home/ICer/IC/Projects/System/std_cells/scmetro_tsmc_cl013g_rvt_ff_1p32v_m40c.db

1
check_design
 
****************************************
check_design summary:
Version:     O-2018.06-SP1
Date:        Sun Oct  4 16:41:55 2026
****************************************

                   Name                                            Total
--------------------------------------------------------------------------------
Inputs/Outputs                                                     17
    Unconnected ports (LINT-28)                                     9
    Shorted outputs (LINT-31)                                       3
    Constant outputs (LINT-52)                                      5

Cells                                                              36
    Cells do not drive (LINT-1)                                    17
    Connected to power or ground (LINT-32)                         18
    Nets connected to multiple pins on same cell (LINT-33)          1
--------------------------------------------------------------------------------

Warning: In design 'ALU', cell 'C366' does not drive any nets. (LINT-1)
Warning: In design 'ALU', cell 'C367' does not drive any nets. (LINT-1)
Warning: In design 'ALU', cell 'C368' does not drive any nets. (LINT-1)
Warning: In design 'ALU', cell 'C369' does not drive any nets. (LINT-1)
Warning: In design 'ALU', cell 'C498' does not drive any nets. (LINT-1)
Warning: In design 'ALU', cell 'C500' does not drive any nets. (LINT-1)
Warning: In design 'ALU', cell 'C502' does not drive any nets. (LINT-1)
Warning: In design 'ClkDiv', cell 'C122' does not drive any nets. (LINT-1)
Warning: In design 'ClkDiv', cell 'C125' does not drive any nets. (LINT-1)
Warning: In design 'FIFO_WR', cell 'B_1' does not drive any nets. (LINT-1)
Warning: In design 'FIFO_RD', cell 'B_1' does not drive any nets. (LINT-1)
Warning: In design 'Serializer', cell 'C104' does not drive any nets. (LINT-1)
Warning: In design 'edge_bit_counter', cell 'C105' does not drive any nets. (LINT-1)
Warning: In design 'edge_bit_counter', cell 'C109' does not drive any nets. (LINT-1)
Warning: In design 'edge_bit_counter', cell 'C110' does not drive any nets. (LINT-1)
Warning: In design 'edge_bit_counter', cell 'C113' does not drive any nets. (LINT-1)
Warning: In design 'data_sampling', cell 'C80' does not drive any nets. (LINT-1)
Warning: In design 'SYS_TOP', port 'SE' is not connected to any nets. (LINT-28)
Warning: In design 'SYS_TOP', port 'SI[3]' is not connected to any nets. (LINT-28)
Warning: In design 'SYS_TOP', port 'SI[2]' is not connected to any nets. (LINT-28)
Warning: In design 'SYS_TOP', port 'SI[1]' is not connected to any nets. (LINT-28)
Warning: In design 'SYS_TOP', port 'SI[0]' is not connected to any nets. (LINT-28)
Warning: In design 'SYS_TOP', port 'SO[3]' is not connected to any nets. (LINT-28)
Warning: In design 'SYS_TOP', port 'SO[2]' is not connected to any nets. (LINT-28)
Warning: In design 'SYS_TOP', port 'SO[1]' is not connected to any nets. (LINT-28)
Warning: In design 'SYS_TOP', port 'SO[0]' is not connected to any nets. (LINT-28)
Warning: In design 'CLKDIV_MUX_WIDTH8', output port 'OUT[7]' is connected directly to output port 'OUT[4]'. (LINT-31)
Warning: In design 'CLKDIV_MUX_WIDTH8', output port 'OUT[7]' is connected directly to output port 'OUT[5]'. (LINT-31)
Warning: In design 'CLKDIV_MUX_WIDTH8', output port 'OUT[7]' is connected directly to output port 'OUT[6]'. (LINT-31)
Warning: In design 'SYS_TOP', a pin on submodule 'U_ALU' is connected to logic 1 or logic 0. (LINT-32)
   Pin 'A[15]' is connected to logic 0. 
Warning: In design 'SYS_TOP', a pin on submodule 'U_ALU' is connected to logic 1 or logic 0. (LINT-32)
   Pin 'A[14]' is connected to logic 0. 
Warning: In design 'SYS_TOP', a pin on submodule 'U_ALU' is connected to logic 1 or logic 0. (LINT-32)
   Pin 'A[13]' is connected to logic 0. 
Warning: In design 'SYS_TOP', a pin on submodule 'U_ALU' is connected to logic 1 or logic 0. (LINT-32)
   Pin 'A[12]' is connected to logic 0. 
Warning: In design 'SYS_TOP', a pin on submodule 'U_ALU' is connected to logic 1 or logic 0. (LINT-32)
   Pin 'A[11]' is connected to logic 0. 
Warning: In design 'SYS_TOP', a pin on submodule 'U_ALU' is connected to logic 1 or logic 0. (LINT-32)
   Pin 'A[10]' is connected to logic 0. 
Warning: In design 'SYS_TOP', a pin on submodule 'U_ALU' is connected to logic 1 or logic 0. (LINT-32)
   Pin 'A[9]' is connected to logic 0. 
Warning: In design 'SYS_TOP', a pin on submodule 'U_ALU' is connected to logic 1 or logic 0. (LINT-32)
   Pin 'A[8]' is connected to logic 0. 
Warning: In design 'SYS_TOP', a pin on submodule 'U_ALU' is connected to logic 1 or logic 0. (LINT-32)
   Pin 'B[15]' is connected to logic 0. 
Warning: In design 'SYS_TOP', a pin on submodule 'U_ALU' is connected to logic 1 or logic 0. (LINT-32)
   Pin 'B[14]' is connected to logic 0. 
Warning: In design 'SYS_TOP', a pin on submodule 'U_ALU' is connected to logic 1 or logic 0. (LINT-32)
   Pin 'B[13]' is connected to logic 0. 
Warning: In design 'SYS_TOP', a pin on submodule 'U_ALU' is connected to logic 1 or logic 0. (LINT-32)
   Pin 'B[12]' is connected to logic 0. 
Warning: In design 'SYS_TOP', a pin on submodule 'U_ALU' is connected to logic 1 or logic 0. (LINT-32)
   Pin 'B[11]' is connected to logic 0. 
Warning: In design 'SYS_TOP', a pin on submodule 'U_ALU' is connected to logic 1 or logic 0. (LINT-32)
   Pin 'B[10]' is connected to logic 0. 
Warning: In design 'SYS_TOP', a pin on submodule 'U_ALU' is connected to logic 1 or logic 0. (LINT-32)
   Pin 'B[9]' is connected to logic 0. 
Warning: In design 'SYS_TOP', a pin on submodule 'U_ALU' is connected to logic 1 or logic 0. (LINT-32)
   Pin 'B[8]' is connected to logic 0. 
Warning: In design 'UART_TX_TOP', a pin on submodule 'Mux_4X1_BLock' is connected to logic 1 or logic 0. (LINT-32)
   Pin 'A[1]' is connected to logic 1. 
Warning: In design 'UART_TX_TOP', a pin on submodule 'Mux_4X1_BLock' is connected to logic 1 or logic 0. (LINT-32)
   Pin 'A[0]' is connected to logic 0. 
Warning: In design 'SYS_TOP', the same net is connected to more than one pin on submodule 'U_ALU'. (LINT-33)
   Net '*Logic0*' is connected to pins 'A[15]', 'A[14]'', 'A[13]', 'A[12]', 'A[11]', 'A[10]', 'A[9]', 'A[8]', 'B[15]', 'B[14]', 'B[13]', 'B[12]', 'B[11]', 'B[10]', 'B[9]', 'B[8]'.
Warning: In design 'SYS_CTRL', output port 'clk_div_en' is connected directly to 'logic 1'. (LINT-52)
Warning: In design 'CLKDIV_MUX_WIDTH8', output port 'OUT[7]' is connected directly to 'logic 0'. (LINT-52)
Warning: In design 'CLKDIV_MUX_WIDTH8', output port 'OUT[6]' is connected directly to 'logic 0'. (LINT-52)
Warning: In design 'CLKDIV_MUX_WIDTH8', output port 'OUT[5]' is connected directly to 'logic 0'. (LINT-52)
Warning: In design 'CLKDIV_MUX_WIDTH8', output port 'OUT[4]' is connected directly to 'logic 0'. (LINT-52)
1
#################### Define Design Constraints #########################
puts "###############################################"
###############################################
puts "############ Design Constraints ###############"
############ Design Constraints ###############
puts "###############################################"
###############################################
source ./cons.tcl
Warning: Design rule attributes from the driving cell will be
	set on the port. (UID-401)
Warning: Design rule attributes from the driving cell will be
	set on the port. (UID-401)
Warning: Design rule attributes from the driving cell will be
	set on the port. (UID-401)
Warning: Design rule attributes from the driving cell will be
	set on the port. (UID-401)
Warning: Design rule attributes from the driving cell will be
	set on the port. (UID-401)
Warning: Design rule attributes from the driving cell will be
	set on the port. (UID-401)
Using operating conditions 'scmetro_tsmc_cl013g_rvt_ss_1p08v_125c' found in library 'scmetro_tsmc_cl013g_rvt_ss_1p08v_125c'.
Using operating conditions 'scmetro_tsmc_cl013g_rvt_ff_1p32v_m40c' found in library 'scmetro_tsmc_cl013g_rvt_ff_1p32v_m40c'.
1
########################## Define DFT Signals ##########################
puts "###############################################"
###############################################
puts "############ Setup DFT Signals ################"
############ Setup DFT Signals ################
puts "###############################################"
###############################################
set_dft_signal -port [get_ports scan_clk]  -type ScanClock   -view existing_dft -timing {20 40}
Accepted dft signal specification for modes: all_dft
1
set_dft_signal -port [get_ports scan_rst]  -type Reset       -view existing_dft -active_state 0
Accepted dft signal specification for modes: all_dft
1
set_dft_signal -port [get_ports test_mode] -type Constant    -view existing_dft -active_state 1
Accepted dft signal specification for modes: all_dft
1
set_dft_signal -port [get_ports test_mode] -type TestMode    -view spec         -active_state 1
Accepted dft signal specification for modes: all_dft
1
set_dft_signal -port [get_ports SE]        -type ScanEnable  -view spec         -active_state 1 -usage scan
Accepted dft signal specification for modes: all_dft
1
set_dft_signal -port [get_ports SI]        -type ScanDataIn  -view spec 
Accepted dft signal specification for modes: all_dft
1
set_dft_signal -port [get_ports SO]        -type ScanDataOut -view spec 
Accepted dft signal specification for modes: all_dft
1
#################### Configure Scan Chains #########################
puts "###############################################"
###############################################
puts "############ Configure Scan Chains ############"
############ Configure Scan Chains ############
puts "###############################################"
###############################################
set_scan_configuration -clock_mixing no_mix                        -style multiplexed_flip_flop                        -replace true                        -max_length 100
Accepted scan configuration for modes: all_dft
1
###################### Mapping and Optimization ########################
puts "###############################################"
###############################################
puts "########## Mapping & Optimization #############"
########## Mapping & Optimization #############
puts "###############################################"
###############################################
compile_ultra -scan
Loading db file '/home/synopsys/syn/O-2018.06-SP1/libraries/syn/dw_foundation.sldb'
Warning: DesignWare synthetic library dw_foundation.sldb is added to the synthetic_library in the current command. (UISN-40)
Information: Performing power optimization. (PWR-850)
Alib files are up-to-date.
Information: Choosing a test methodology will restrict the optimization of sequential cells. (UIO-12)
Information: Evaluating DesignWare library utilization. (UISN-27)

============================================================================
| DesignWare Building Block Library  |         Version         | Available |
============================================================================
| Basic DW Building Blocks           | O-2018.06-DWBB_201806.1 |     *     |
| Licensed DW Building Blocks        | O-2018.06-DWBB_201806.1 |     *     |
============================================================================

Information: Sequential output inversion is enabled.  SVF file must be used for formal verification. (OPT-1208)

Information: There are 53 potential problems in your design. Please run 'check_design' for more information. (LINT-99)

Information: Uniquified 7 instances of design 'mux2X1'. (OPT-1056)
Information: Uniquified 2 instances of design 'RST_SYNC'. (OPT-1056)
Information: Uniquified 2 instances of design 'ClkDiv'. (OPT-1056)
Information: Uniquified 2 instances of design 'DF_SYNC_WIDTH4'. (OPT-1056)
  Simplifying Design 'SYS_TOP'

  Loading target library 'scmetro_tsmc_cl013g_rvt_tt_1p2v_25c'
  Loading target library 'scmetro_tsmc_cl013g_rvt_ff_1p32v_m40c'
Loaded alib file './alib-52/scmetro_tsmc_cl013g_rvt_ss_1p08v_125c.db.alib'
Loaded alib file './alib-52/scmetro_tsmc_cl013g_rvt_tt_1p2v_25c.db.alib'
Loaded alib file './alib-52/scmetro_tsmc_cl013g_rvt_ff_1p32v_m40c.db.alib'
Warning: Operating condition scmetro_tsmc_cl013g_rvt_ss_1p08v_125c set on design SYS_TOP has different process,
voltage and temperatures parameters than the parameters at which target library 
scmetro_tsmc_cl013g_rvt_tt_1p2v_25c is characterized. Delays may be inaccurate as a result. (OPT-998)
  Building model 'DW01_NAND2'
Information: Ungrouping hierarchy REF_CLK_MUX_CLK before Pass 1 (OPT-776)
Information: Ungrouping hierarchy RST_SYNC_1 before Pass 1 (OPT-776)
Information: Ungrouping hierarchy U_RegFile before Pass 1 (OPT-776)
Information: Ungrouping hierarchy U_ALU before Pass 1 (OPT-776)
Information: Ungrouping hierarchy U_SYS_CTRL before Pass 1 (OPT-776)
Information: Ungrouping hierarchy U_CLKDIV_MUX before Pass 1 (OPT-776)
Information: Ungrouping hierarchy U_UART before Pass 1 (OPT-776)
Information: Ungrouping hierarchy U_PULSE_GEN before Pass 1 (OPT-776)
Information: Ungrouping hierarchy U_Data_Sync_RX before Pass 1 (OPT-776)
Information: Ungrouping hierarchy U_ASYNC_FIFO before Pass 1 (OPT-776)
Information: Ungrouping hierarchy UART_CLK_TX_CLK_MUX_CLK before Pass 1 (OPT-776)
Information: Ungrouping hierarchy UART_CLK_RX_CLK_MUX_CLK before Pass 1 (OPT-776)
Information: Ungrouping hierarchy SYNC_RST_1_MUX before Pass 1 (OPT-776)
Information: Ungrouping hierarchy RST_MUX before Pass 1 (OPT-776)
Information: Ungrouping hierarchy UART_CLK_MUX_CLK before Pass 1 (OPT-776)
Information: Ungrouping hierarchy RST_SYNC_2 before Pass 1 (OPT-776)
Information: Ungrouping hierarchy SYNC_RST_2_MUX before Pass 1 (OPT-776)
Information: Ungrouping hierarchy U_UART/U0_UART_TX before Pass 1 (OPT-776)
Information: Ungrouping hierarchy U_UART/U0_UART_RX before Pass 1 (OPT-776)
Information: Ungrouping hierarchy U_ASYNC_FIFO/FIFO_WR_Block before Pass 1 (OPT-776)
Information: Ungrouping hierarchy U_ASYNC_FIFO/sync_w2r before Pass 1 (OPT-776)
Information: Ungrouping hierarchy U_ASYNC_FIFO/FIFO_RD_Block before Pass 1 (OPT-776)
Information: Ungrouping hierarchy U_ASYNC_FIFO/FIFO_Memory_Block before Pass 1 (OPT-776)
Information: Ungrouping hierarchy U_ASYNC_FIFO/sync_r2w before Pass 1 (OPT-776)
Information: Ungrouping hierarchy U_UART/U0_UART_TX/FSM_Block before Pass 1 (OPT-776)
Information: Ungrouping hierarchy U_UART/U0_UART_TX/Serializer_Block before Pass 1 (OPT-776)
Information: Ungrouping hierarchy U_UART/U0_UART_TX/Parity_Calc_Block before Pass 1 (OPT-776)
Information: Ungrouping hierarchy U_UART/U0_UART_TX/Mux_4X1_BLock before Pass 1 (OPT-776)
Information: Ungrouping hierarchy U_UART/U0_UART_RX/UART_RX_FSM_Block before Pass 1 (OPT-776)
Information: Ungrouping hierarchy U_UART/U0_UART_RX/edge_bit_counter_BLock before Pass 1 (OPT-776)
Information: Ungrouping hierarchy U_UART/U0_UART_RX/data_sampling_Block before Pass 1 (OPT-776)
Information: Ungrouping hierarchy U_UART/U0_UART_RX/parity_Check_Block before Pass 1 (OPT-776)
Information: Ungrouping hierarchy U_UART/U0_UART_RX/strt_Check_Block before Pass 1 (OPT-776)
Information: Ungrouping hierarchy U_UART/U0_UART_RX/stop_Check_BLock before Pass 1 (OPT-776)
Information: Ungrouping hierarchy U_UART/U0_UART_RX/deserializer_Block before Pass 1 (OPT-776)
Information: Ungrouping 35 of 39 hierarchies before Pass 1 (OPT-775)
Information: State dependent leakage is now switched from on to off.

  Beginning Pass 1 Mapping
  ------------------------
  Processing 'SYS_TOP'
Information: Added key list 'DesignWare' to design 'SYS_TOP'. (DDB-72)
Information: In design 'SYS_TOP', the register 'U_ASYNC_FIFO/FIFO_RD_Block/raddr_total_reg[3]' is removed because it is merged to 'U_ASYNC_FIFO/FIFO_RD_Block/rptr_reg[3]'. (OPT-1215)
Information: In design 'SYS_TOP', the register 'U_ASYNC_FIFO/FIFO_WR_Block/waddr_total_reg[3]' is removed because it is merged to 'U_ASYNC_FIFO/FIFO_WR_Block/wptr_reg[3]'. (OPT-1215)
 Implement Synthetic for 'SYS_TOP'.
  Processing 'SYS_TOP_DW_div_uns_J1_0'
  Processing 'ClkDiv_0'
Information: Added key list 'DesignWare' to design 'ClkDiv_0'. (DDB-72)
 Implement Synthetic for 'ClkDiv_0'.
  Processing 'ClkDiv_1'
Information: Added key list 'DesignWare' to design 'ClkDiv_1'. (DDB-72)
 Implement Synthetic for 'ClkDiv_1'.
  Processing 'CLK_GATE'
Memory usage for J1 task 449 Mbytes -- main task 449 Mbytes.

  Updating timing information
Information: Updating design information... (UID-85)
Information: The library cell 'HOLDX1M' in the library 'scmetro_tsmc_cl013g_rvt_ss_1p08v_125c' is not characterized for internal power. (PWR-536)
Information: The target library(s) contains cell(s), other than black boxes, that are not characterized for internal power. (PWR-24)
Information: Automatic shift-register identification is enabled for scan. Not all registers will be scan-replaced. (OPT-467)
Warning: No scan equivalent exists for cell U_CLK_GATE/Latch_Out_reg (TLATNX1M). (TEST-120)

  Beginning Mapping Optimizations  (Ultra High effort)
  -------------------------------
Information: There is no timing violation in design SYS_TOP. Delay-based auto_ungroup will not be performed. (OPT-780)
  Mapping Optimization (Phase 1)

  Beginning Constant Register Removal
  -----------------------------------

  Beginning Global Optimizations
  ------------------------------
  Numerical Synthesis (Phase 1)
  Numerical Synthesis (Phase 2)
  Global Optimization (Phase 1)
  Global Optimization (Phase 2)
  Global Optimization (Phase 3)
  Global Optimization (Phase 4)
  Global Optimization (Phase 5)
  Global Optimization (Phase 6)
  Global Optimization (Phase 7)
  Global Optimization (Phase 8)
  Global Optimization (Phase 9)
  Global Optimization (Phase 10)
  Global Optimization (Phase 11)
  Global Optimization (Phase 12)
  Global Optimization (Phase 13)
  Global Optimization (Phase 14)
  Global Optimization (Phase 15)
  Global Optimization (Phase 16)
  Global Optimization (Phase 17)
  Global Optimization (Phase 18)
  Global Optimization (Phase 19)
  Global Optimization (Phase 20)
  Global Optimization (Phase 21)
  Global Optimization (Phase 22)
  Global Optimization (Phase 23)
  Global Optimization (Phase 24)
  Global Optimization (Phase 25)
  Global Optimization (Phase 26)
  Global Optimization (Phase 27)
  Global Optimization (Phase 28)
  Global Optimization (Phase 29)
  Global Optimization (Phase 30)

  Beginning Isolate Ports
  -----------------------

  Beginning Delay Optimization
  ----------------------------

                                  TOTAL                                                
   ELAPSED            WORST NEG   SETUP    DESIGN                              LEAKAGE 
    TIME      AREA      SLACK     COST    RULE COST         ENDPOINT            POWER  
  --------- --------- --------- --------- --------- ------------------------- ---------
    0:00:12   21998.4      0.00       0.0       2.9                           11791421.0000
    0:00:12   21998.4      0.00       0.0       2.9                           11791421.0000
    0:00:12   21998.4      0.00       0.0       2.9                           11791421.0000
    0:00:12   21998.4      0.00       0.0       2.9                           11791421.0000

  Beginning WLM Backend Optimization
  --------------------------------------
    0:00:13   21944.3      0.00       0.0       2.5                           11662209.0000
    0:00:13   21943.1      0.00       0.0       2.5                           11025981.0000
    0:00:13   21943.1      0.00       0.0       2.5                           11025981.0000
    0:00:13   21943.1      0.00       0.0       2.5                           11025981.0000
    0:00:13   21943.1      0.00       0.0       2.5                           11025981.0000
    0:00:13   21943.1      0.00       0.0       2.5                           11025981.0000
    0:00:13   21943.1      0.00       0.0       2.5                           11025981.0000
    0:00:13   21943.1      0.00       0.0       2.5                           11025981.0000
    0:00:13   21943.1      0.00       0.0       2.5                           11025981.0000
    0:00:13   21943.1      0.00       0.0       2.5                           11025981.0000
    0:00:13   21943.1      0.00       0.0       2.5                           11025981.0000
    0:00:13   21943.1      0.00       0.0       2.5                           11025981.0000
    0:00:13   21943.1      0.00       0.0       2.5                           11025981.0000
    0:00:13   21943.1      0.00       0.0       2.5                           11025981.0000
    0:00:13   21943.1      0.00       0.0       2.5                           11025981.0000
    0:00:13   21943.1      0.00       0.0       2.5                           11025981.0000
    0:00:13   21943.1      0.00       0.0       2.5                           11025981.0000
    0:00:13   21943.1      0.00       0.0       2.5                           11025981.0000
    0:00:13   21943.1      0.00       0.0       2.5                           11025981.0000
    0:00:13   21943.1      0.00       0.0       2.5                           11025981.0000


  Beginning Design Rule Fixing  (max_transition)  (max_capacitance)
  ----------------------------

                                  TOTAL                                                
   ELAPSED            WORST NEG   SETUP    DESIGN                              LEAKAGE 
    TIME      AREA      SLACK     COST    RULE COST         ENDPOINT            POWER  
  --------- --------- --------- --------- --------- ------------------------- ---------
    0:00:13   21943.1      0.00       0.0       2.5                           11025981.0000
  Global Optimization (Phase 31)
  Global Optimization (Phase 32)
  Global Optimization (Phase 33)
    0:00:13   21967.8      0.00       0.0       0.0                           11053738.0000
    0:00:13   21967.8      0.00       0.0       0.0                           11053738.0000


  Beginning Leakage Power Optimization  (max_leakage_power 0)
  ------------------------------------

                                  TOTAL                                                
   ELAPSED            WORST NEG   SETUP    DESIGN                              LEAKAGE 
    TIME      AREA      SLACK     COST    RULE COST         ENDPOINT            POWER  
  --------- --------- --------- --------- --------- ------------------------- ---------
    0:00:13   21967.8      0.00       0.0       0.0                           11053738.0000
  Global Optimization (Phase 34)
  Global Optimization (Phase 35)
  Global Optimization (Phase 36)
  Global Optimization (Phase 37)
  Global Optimization (Phase 38)
  Global Optimization (Phase 39)
  Global Optimization (Phase 40)
  Global Optimization (Phase 41)
  Global Optimization (Phase 42)
  Global Optimization (Phase 43)
  Global Optimization (Phase 44)
  Global Optimization (Phase 45)
    0:00:13   21949.0      0.00       0.0       0.0                           11020639.0000
    0:00:13   21949.0      0.00       0.0       0.0                           11020639.0000
    0:00:13   21949.0      0.00       0.0       0.0                           11020639.0000
    0:00:14   21949.0      0.00       0.0       0.0                           11016596.0000
    0:00:14   21949.0      0.00       0.0       0.0                           11016596.0000
    0:00:14   21949.0      0.00       0.0       0.0                           11016596.0000
    0:00:14   21949.0      0.00       0.0       0.0                           11016596.0000
    0:00:14   21949.0      0.00       0.0       0.0                           11016596.0000
    0:00:14   21949.0      0.00       0.0       0.0                           11016596.0000
    0:00:14   21949.0      0.00       0.0       0.0                           11016596.0000
    0:00:14   21949.0      0.00       0.0       0.0                           11016596.0000
    0:00:14   21949.0      0.00       0.0       0.0                           11016596.0000
    0:00:14   21949.0      0.00       0.0       0.0                           11016596.0000
    0:00:14   21949.0      0.00       0.0       0.0                           11016596.0000
    0:00:14   21949.0      0.00       0.0       0.0                           11016596.0000
    0:00:14   21949.0      0.00       0.0       0.0                           11016596.0000
    0:00:14   21949.0      0.00       0.0       0.0                           11016596.0000
    0:00:14   21949.0      0.00       0.0       0.0                           11016596.0000
    0:00:14   21949.0      0.00       0.0       0.0                           11016596.0000
    0:00:14   21949.0      0.00       0.0       0.0                           11016596.0000
    0:00:14   21949.0      0.00       0.0       0.0                           11016596.0000
    0:00:14   21949.0      0.00       0.0       0.0                           11016596.0000

                                  TOTAL                                                
   ELAPSED            WORST NEG   SETUP    DESIGN                              LEAKAGE 
    TIME      AREA      SLACK     COST    RULE COST         ENDPOINT            POWER  
  --------- --------- --------- --------- --------- ------------------------- ---------
    0:00:14   21949.0      0.00       0.0       0.0                           11016596.0000
    0:00:14   21949.0      0.00       0.0       0.0                           11016596.0000
    0:00:14   21949.0      0.00       0.0       0.0                           11016596.0000
    0:00:14   21949.0      0.00       0.0       0.0                           11016596.0000
    0:00:14   21949.0      0.00       0.0       0.0                           11016596.0000
    0:00:14   21949.0      0.00       0.0       0.0                           11016596.0000
    0:00:14   21949.0      0.00       0.0       0.0                           11016596.0000
    0:00:14   21949.0      0.00       0.0       0.0                           11016596.0000
    0:00:14   21949.0      0.00       0.0       0.0                           11016596.0000
Loading db file '/home/ICer/IC/Projects/System/std_cells/scmetro_tsmc_cl013g_rvt_ss_1p08v_125c.db'
Loading db file '/home/ICer/IC/Projects/System/std_cells/scmetro_tsmc_cl013g_rvt_tt_1p2v_25c.db'
Loading db file '/home/ICer/IC/Projects/System/std_cells/scmetro_tsmc_cl013g_rvt_ff_1p32v_m40c.db'


Note: Symbol # after min delay cost means estimated hold TNS across all active scenarios 


  Optimization Complete
  ---------------------
  Loading target library 'scmetro_tsmc_cl013g_rvt_tt_1p2v_25c'
  Loading target library 'scmetro_tsmc_cl013g_rvt_ff_1p32v_m40c'
Information: State dependent leakage is now switched from off to on.
Information: Propagating switching activity (low effort zero delay simulation). (PWR-6)
1
############################# Create Test Protocol #######################
create_test_protocol
In mode: all_dft...

Information: Starting test protocol creation. (TEST-219)
  ...reading user specified clock signals...
Information: Identified system/test clock port scan_clk (20.0,40.0). (TEST-265)
  ...reading user specified asynchronous signals...
Information: Identified active low asynchronous control port scan_rst. (TEST-266)
Warning: The multi-clock protocol requires that the strobe time be before a clock's pulse if it is used for transition fault testing. (TESTXG-56)
1
###################### Pre-DFT Design Rule Checking #######################
dft_drc -verbose
In mode: all_dft...
  Pre-DFT DRC enabled

Information: Starting test design rule checking. (TEST-222)
  Loading test protocol
  ...basic checks...
  ...basic sequential cell checks...
  	...checking for scan equivalents...
  ...checking vector rules...
  ...checking pre-dft rules...

-----------------------------------------------------------------
Begin Modeling violations...

Warning: Cell U_CLK_GATE/Latch_Out_reg (TLATNX1M) is not scannable. (TEST-126)

Modeling violations completed...
-----------------------------------------------------------------

-----------------------------------------------------------------
Begin Other violations...

Warning: Cell U_CLK_GATE/Latch_Out_reg has constant 1 value. (TEST-505)

Other violations completed...
-----------------------------------------------------------------

-----------------------------------------------------------------
  DRC Report

  Total violations: 2

-----------------------------------------------------------------

1 MODELING VIOLATION
     1 Cell is not scannable violation (TEST-126)

1 OTHER VIOLATION
     1 Cell is constant 1 violation (TEST-505)


Warning: Violations occurred during test design rule checking. (TEST-124)

-----------------------------------------------------------------
  Sequential Cell Report

  1 out of 362 sequential cells have violations

-----------------------------------------------------------------

SEQUENTIAL CELLS WITH VIOLATIONS
      *   1 cell has constant 1 value
         U_CLK_GATE/Latch_Out_reg
SEQUENTIAL CELLS WITHOUT VIOLATIONS
      * 350 cells are valid scan cells
         RST_SYNC_1/Synchronizer_reg[1]
         RST_SYNC_2/Synchronizer_reg[1]
         RST_SYNC_1/Synchronizer_reg[0]
         RST_SYNC_2/Synchronizer_reg[0]
         U_UART/U0_UART_RX/UART_RX_FSM_Block/data_valid_reg
         U_Data_Sync_RX/Multi_Flip_Flop_Synchronizer_reg[1]
         U_Data_Sync_RX/enable_pulse_reg
         U_SYS_CTRL/frame1_reg_reg[6]
         U_UART/U0_UART_RX/data_sampling_Block/majority_reg_reg[1]
         U_UART/U0_UART_RX/strt_Check_Block/strt_glitch_reg
         U_UART/U0_UART_RX/UART_RX_FSM_Block/currentState_reg[1]
         U_UART/U0_UART_RX/UART_RX_FSM_Block/currentState_reg[2]
         U_UART/U0_UART_RX/edge_bit_counter_BLock/bit_cnt_reg[3]
         U_UART/U0_UART_RX/UART_RX_FSM_Block/currentState_reg[0]
         U_SYS_CTRL/cmd_reg_reg[0]
         U_SYS_CTRL/state_reg[1]
         U_SYS_CTRL/state_reg[2]
         U_SYS_CTRL/cmd_reg_reg[6]
         U_SYS_CTRL/cmd_reg_reg[7]
         U_SYS_CTRL/cmd_reg_reg[5]
         U_SYS_CTRL/cmd_reg_reg[4]
         U_SYS_CTRL/cmd_reg_reg[3]
         U_SYS_CTRL/cmd_reg_reg[2]
         U_SYS_CTRL/cmd_reg_reg[1]
         U_SYS_CTRL/frame1_reg_reg[7]
         U_SYS_CTRL/frame1_reg_reg[5]
         U_SYS_CTRL/frame1_reg_reg[4]
         U_SYS_CTRL/frame1_reg_reg[3]
         U_SYS_CTRL/frame1_reg_reg[2]
         U_SYS_CTRL/frame1_reg_reg[1]
         U_SYS_CTRL/frame1_reg_reg[0]
         U_SYS_CTRL/frame2_reg_reg[6]
         U_SYS_CTRL/frame2_reg_reg[7]
         U_SYS_CTRL/frame2_reg_reg[5]
         U_SYS_CTRL/frame2_reg_reg[4]
         U_SYS_CTRL/frame2_reg_reg[3]
         U_SYS_CTRL/frame2_reg_reg[2]
         U_SYS_CTRL/frame2_reg_reg[1]
         U_SYS_CTRL/frame2_reg_reg[0]
         U_SYS_CTRL/frame3_reg_reg[3]
         U_SYS_CTRL/frame3_reg_reg[2]
         U_SYS_CTRL/frame3_reg_reg[1]
         U_SYS_CTRL/frame3_reg_reg[0]
         U_ALU/ALU_OUT_reg[9]
         U_ALU/ALU_OUT_reg[10]
         U_ALU/ALU_OUT_reg[11]
         U_ALU/ALU_OUT_reg[12]
         U_ALU/ALU_OUT_reg[13]
         U_ALU/ALU_OUT_reg[14]
         U_ALU/ALU_OUT_reg[15]
         U_ALU/OUT_VALID_reg
         U_RegFile/RdData_VLD_reg
         U_RegFile/regArr_reg[14][6]
         U_RegFile/regArr_reg[10][6]
         U_RegFile/regArr_reg[6][6]
         U_RegFile/regArr_reg[12][6]
         U_RegFile/regArr_reg[8][6]
         U_RegFile/regArr_reg[4][6]
         U_RegFile/regArr_reg[12][0]
         U_RegFile/regArr_reg[8][0]
         U_RegFile/regArr_reg[4][0]
         U_RegFile/regArr_reg[14][0]
         U_RegFile/regArr_reg[10][0]
         U_RegFile/regArr_reg[6][0]
         U_RegFile/regArr_reg[13][0]
         U_RegFile/regArr_reg[9][0]
         U_RegFile/regArr_reg[5][0]
         U_RegFile/regArr_reg[15][0]
         U_RegFile/regArr_reg[11][0]
         U_RegFile/regArr_reg[7][0]
         U_RegFile/regArr_reg[3][0]
         U_RegFile/regArr_reg[12][5]
         U_RegFile/regArr_reg[8][5]
         U_RegFile/regArr_reg[4][5]
         U_RegFile/regArr_reg[14][5]
         U_RegFile/regArr_reg[10][5]
         U_RegFile/regArr_reg[6][5]
         U_RegFile/regArr_reg[13][5]
         U_RegFile/regArr_reg[9][5]
         U_RegFile/regArr_reg[5][5]
         U_RegFile/regArr_reg[15][5]
         U_RegFile/regArr_reg[11][5]
         U_RegFile/regArr_reg[7][5]
         U_RegFile/regArr_reg[12][4]
         U_RegFile/regArr_reg[8][4]
         U_RegFile/regArr_reg[4][4]
         U_ALU/ALU_OUT_reg[5]
         U_RegFile/regArr_reg[14][4]
         U_RegFile/regArr_reg[10][4]
         U_RegFile/regArr_reg[6][4]
         U_RegFile/regArr_reg[13][4]
         U_RegFile/regArr_reg[9][4]
         U_RegFile/regArr_reg[5][4]
         U_RegFile/regArr_reg[15][4]
         U_RegFile/regArr_reg[11][4]
         U_RegFile/regArr_reg[7][4]
         U_RegFile/regArr_reg[3][4]
         U_RegFile/regArr_reg[12][3]
         U_RegFile/regArr_reg[8][3]
         U_RegFile/regArr_reg[4][3]
         U_ALU/ALU_OUT_reg[4]
         U_RegFile/regArr_reg[14][3]
         U_RegFile/regArr_reg[10][3]
         U_RegFile/regArr_reg[6][3]
         U_RegFile/regArr_reg[2][3]
         U_RegFile/regArr_reg[13][3]
         U_RegFile/regArr_reg[9][3]
         U_RegFile/regArr_reg[5][3]
         U_RegFile/regArr_reg[15][3]
         U_RegFile/regArr_reg[11][3]
         U_RegFile/regArr_reg[7][3]
         U_RegFile/regArr_reg[3][3]
         U_RegFile/regArr_reg[12][2]
         U_RegFile/regArr_reg[8][2]
         U_RegFile/regArr_reg[4][2]
         U_ALU/ALU_OUT_reg[3]
         U_RegFile/regArr_reg[14][2]
         U_RegFile/regArr_reg[10][2]
         U_RegFile/regArr_reg[6][2]
         U_RegFile/regArr_reg[2][2]
         U_RegFile/regArr_reg[13][2]
         U_RegFile/regArr_reg[9][2]
         U_RegFile/regArr_reg[5][2]
         U_RegFile/regArr_reg[1][2]
         U_RegFile/regArr_reg[15][2]
         U_RegFile/regArr_reg[11][2]
         U_RegFile/regArr_reg[7][2]
         U_RegFile/regArr_reg[3][2]
         U_RegFile/regArr_reg[12][1]
         U_RegFile/regArr_reg[8][1]
         U_RegFile/regArr_reg[4][1]
         U_ALU/ALU_OUT_reg[2]
         U_RegFile/regArr_reg[14][1]
         U_RegFile/regArr_reg[10][1]
         U_RegFile/regArr_reg[6][1]
         U_RegFile/regArr_reg[2][1]
         U_RegFile/regArr_reg[13][1]
         U_RegFile/regArr_reg[9][1]
         U_RegFile/regArr_reg[5][1]
         U_ALU/ALU_OUT_reg[1]
         U_RegFile/regArr_reg[15][1]
         U_RegFile/regArr_reg[11][1]
         U_RegFile/regArr_reg[7][1]
         U_RegFile/regArr_reg[3][1]
         U_RegFile/regArr_reg[12][7]
         U_RegFile/regArr_reg[8][7]
         U_RegFile/regArr_reg[4][7]
         U_RegFile/regArr_reg[14][7]
         U_RegFile/regArr_reg[10][7]
         U_RegFile/regArr_reg[6][7]
         U_RegFile/regArr_reg[13][7]
         U_RegFile/regArr_reg[9][7]
         U_RegFile/regArr_reg[5][7]
         U_RegFile/regArr_reg[15][7]
         U_RegFile/regArr_reg[11][7]
         U_RegFile/regArr_reg[7][7]
         U_RegFile/regArr_reg[3][7]
         U_RegFile/regArr_reg[1][7]
         U_RegFile/regArr_reg[0][7]
         U_ALU/ALU_OUT_reg[7]
         U_ALU/ALU_OUT_reg[8]
         U_ASYNC_FIFO/FIFO_WR_Block/waddr_total_reg[0]
         U_ASYNC_FIFO/FIFO_WR_Block/wptr_reg[0]
         U_ASYNC_FIFO/sync_w2r/Synchronizer_reg[0][0]
         U_ASYNC_FIFO/FIFO_WR_Block/waddr_total_reg[1]
         U_ASYNC_FIFO/FIFO_WR_Block/waddr_total_reg[2]
         U_ASYNC_FIFO/FIFO_WR_Block/wptr_reg[1]
         U_ASYNC_FIFO/sync_w2r/Synchronizer_reg[0][1]
         U_ASYNC_FIFO/FIFO_WR_Block/wptr_reg[2]
         U_ASYNC_FIFO/sync_w2r/Synchronizer_reg[0][2]
         U_ASYNC_FIFO/FIFO_WR_Block/wptr_reg[3]
         U_ASYNC_FIFO/sync_w2r/Synchronizer_reg[0][3]
         U_UART/U0_UART_TX/Serializer_Block/counter_reg[3]
         U_UART/U0_UART_TX/FSM_Block/currentState_reg[2]
         U_UART/U0_UART_TX/Serializer_Block/counter_reg[0]
         U_UART/U0_UART_TX/Serializer_Block/counter_reg[1]
         U_UART/U0_UART_TX/Serializer_Block/counter_reg[2]
         U_UART/U0_UART_TX/FSM_Block/currentState_reg[0]
         U_UART/U0_UART_TX/FSM_Block/currentState_reg[1]
         U_PULSE_GEN/rcv_flop_reg
         U_ASYNC_FIFO/FIFO_RD_Block/raddr_total_reg[0]
         U_ASYNC_FIFO/FIFO_RD_Block/raddr_total_reg[1]
         U_ASYNC_FIFO/FIFO_RD_Block/rptr_reg[0]
         U_ASYNC_FIFO/sync_r2w/Synchronizer_reg[0][0]
         U_ASYNC_FIFO/FIFO_RD_Block/rptr_reg[1]
         U_ASYNC_FIFO/sync_r2w/Synchronizer_reg[0][1]
         U_ASYNC_FIFO/FIFO_RD_Block/rptr_reg[2]
         U_ASYNC_FIFO/sync_r2w/Synchronizer_reg[0][2]
         U_ASYNC_FIFO/FIFO_RD_Block/rptr_reg[3]
         U_ASYNC_FIFO/sync_r2w/Synchronizer_reg[0][3]
         U_UART/U0_UART_TX/Serializer_Block/pDataReg_reg[1]
         U_UART/U0_UART_TX/Serializer_Block/pDataReg_reg[2]
         U_UART/U0_UART_TX/Serializer_Block/pDataReg_reg[3]
         U_UART/U0_UART_TX/Serializer_Block/pDataReg_reg[4]
         U_UART/U0_UART_TX/Serializer_Block/pDataReg_reg[5]
         U_UART/U0_UART_TX/Serializer_Block/pDataReg_reg[7]
         U_UART/U0_UART_RX/data_sampling_Block/inner_counter_reg[0]
         U_UART/U0_UART_RX/data_sampling_Block/inner_counter_reg[1]
         U_UART/U0_UART_RX/data_sampling_Block/majority_reg_reg[2]
         U_UART/U0_UART_RX/data_sampling_Block/majority_reg_reg[0]
         U_UART/U0_UART_RX/edge_bit_counter_BLock/bit_cnt_reg[0]
         U_UART/U0_UART_RX/edge_bit_counter_BLock/bit_cnt_reg[1]
         U_UART/U0_UART_RX/edge_bit_counter_BLock/bit_cnt_reg[2]
         U_UART/U0_UART_RX/edge_bit_counter_BLock/edge_cnt_reg[0]
         U_UART/U0_UART_RX/edge_bit_counter_BLock/edge_cnt_reg[1]
         U_UART/U0_UART_RX/edge_bit_counter_BLock/edge_cnt_reg[2]
         U_UART/U0_UART_RX/edge_bit_counter_BLock/edge_cnt_reg[3]
         U_RegFile/regArr_reg[13][6]
         U_RegFile/regArr_reg[9][6]
         U_RegFile/regArr_reg[5][6]
         U_ALU/ALU_OUT_reg[0]
         U_UART/U0_UART_TX/Serializer_Block/pDataReg_reg[0]
         U_ALU/ALU_OUT_reg[6]
         U_RegFile/regArr_reg[15][6]
         U_RegFile/regArr_reg[11][6]
         U_RegFile/regArr_reg[7][6]
         U_RegFile/regArr_reg[3][6]
         U_UART/U0_UART_TX/Serializer_Block/pDataReg_reg[6]
         U_UART/U0_UART_TX/Parity_Calc_Block/parBit_reg
         U_UART/U0_UART_RX/deserializer_Block/P_DATA_reg[7]
         U_Data_Sync_RX/sync_bus_reg[7]
         U_Data_Sync_RX/sync_bus_reg[6]
         U_UART/U0_UART_RX/deserializer_Block/P_DATA_reg[6]
         U_UART/U0_UART_RX/deserializer_Block/P_DATA_reg[5]
         U_Data_Sync_RX/sync_bus_reg[5]
         U_UART/U0_UART_RX/deserializer_Block/P_DATA_reg[4]
         U_Data_Sync_RX/sync_bus_reg[4]
         U_UART/U0_UART_RX/deserializer_Block/P_DATA_reg[3]
         U_Data_Sync_RX/sync_bus_reg[3]
         U_UART/U0_UART_RX/deserializer_Block/P_DATA_reg[2]
         U_Data_Sync_RX/sync_bus_reg[2]
         U_UART/U0_UART_RX/deserializer_Block/P_DATA_reg[1]
         U_Data_Sync_RX/sync_bus_reg[1]
         U_UART/U0_UART_RX/deserializer_Block/P_DATA_reg[0]
         U_Data_Sync_RX/sync_bus_reg[0]
         U_RegFile/RdData_reg[0]
         U_RegFile/RdData_reg[5]
         U_RegFile/RdData_reg[4]
         U_RegFile/RdData_reg[3]
         U_RegFile/RdData_reg[2]
         U_RegFile/RdData_reg[1]
         U_RegFile/RdData_reg[7]
         U_RegFile/RdData_reg[6]
         U_RegFile/regArr_reg[2][0]
         U_RegFile/regArr_reg[3][5]
         U_RegFile/regArr_reg[2][7]
         U_ASYNC_FIFO/FIFO_Memory_Block/RAM_reg[0][1]
         U_ASYNC_FIFO/FIFO_Memory_Block/RAM_reg[1][1]
         U_ASYNC_FIFO/FIFO_Memory_Block/RAM_reg[2][1]
         U_ASYNC_FIFO/FIFO_Memory_Block/RAM_reg[3][1]
         U_ASYNC_FIFO/FIFO_Memory_Block/RAM_reg[4][1]
         U_ASYNC_FIFO/FIFO_Memory_Block/RAM_reg[5][1]
         U_ASYNC_FIFO/FIFO_Memory_Block/RAM_reg[6][1]
         U_ASYNC_FIFO/FIFO_Memory_Block/RAM_reg[7][1]
         U_ASYNC_FIFO/FIFO_Memory_Block/RAM_reg[0][2]
         U_ASYNC_FIFO/FIFO_Memory_Block/RAM_reg[1][2]
         U_ASYNC_FIFO/FIFO_Memory_Block/RAM_reg[2][2]
         U_ASYNC_FIFO/FIFO_Memory_Block/RAM_reg[3][2]
         U_ASYNC_FIFO/FIFO_Memory_Block/RAM_reg[4][2]
         U_ASYNC_FIFO/FIFO_Memory_Block/RAM_reg[5][2]
         U_ASYNC_FIFO/FIFO_Memory_Block/RAM_reg[6][2]
         U_ASYNC_FIFO/FIFO_Memory_Block/RAM_reg[7][2]
         U_ASYNC_FIFO/FIFO_Memory_Block/RAM_reg[0][3]
         U_ASYNC_FIFO/FIFO_Memory_Block/RAM_reg[1][3]
         U_ASYNC_FIFO/FIFO_Memory_Block/RAM_reg[2][3]
         U_ASYNC_FIFO/FIFO_Memory_Block/RAM_reg[3][3]
         U_ASYNC_FIFO/FIFO_Memory_Block/RAM_reg[4][3]
         U_ASYNC_FIFO/FIFO_Memory_Block/RAM_reg[5][3]
         U_ASYNC_FIFO/FIFO_Memory_Block/RAM_reg[6][3]
         U_ASYNC_FIFO/FIFO_Memory_Block/RAM_reg[7][3]
         U_ASYNC_FIFO/FIFO_Memory_Block/RAM_reg[0][4]
         U_ASYNC_FIFO/FIFO_Memory_Block/RAM_reg[1][4]
         U_ASYNC_FIFO/FIFO_Memory_Block/RAM_reg[2][4]
         U_ASYNC_FIFO/FIFO_Memory_Block/RAM_reg[3][4]
         U_ASYNC_FIFO/FIFO_Memory_Block/RAM_reg[4][4]
         U_ASYNC_FIFO/FIFO_Memory_Block/RAM_reg[5][4]
         U_ASYNC_FIFO/FIFO_Memory_Block/RAM_reg[6][4]
         U_ASYNC_FIFO/FIFO_Memory_Block/RAM_reg[7][4]
         U_ASYNC_FIFO/FIFO_Memory_Block/RAM_reg[0][5]
         U_ASYNC_FIFO/FIFO_Memory_Block/RAM_reg[1][5]
         U_ASYNC_FIFO/FIFO_Memory_Block/RAM_reg[2][5]
         U_ASYNC_FIFO/FIFO_Memory_Block/RAM_reg[3][5]
         U_ASYNC_FIFO/FIFO_Memory_Block/RAM_reg[4][5]
         U_ASYNC_FIFO/FIFO_Memory_Block/RAM_reg[5][5]
         U_ASYNC_FIFO/FIFO_Memory_Block/RAM_reg[6][5]
         U_ASYNC_FIFO/FIFO_Memory_Block/RAM_reg[7][5]
         U_ASYNC_FIFO/FIFO_Memory_Block/RAM_reg[0][7]
         U_ASYNC_FIFO/FIFO_Memory_Block/RAM_reg[1][7]
         U_ASYNC_FIFO/FIFO_Memory_Block/RAM_reg[2][7]
         U_ASYNC_FIFO/FIFO_Memory_Block/RAM_reg[3][7]
         U_ASYNC_FIFO/FIFO_Memory_Block/RAM_reg[4][7]
         U_ASYNC_FIFO/FIFO_Memory_Block/RAM_reg[5][7]
         U_ASYNC_FIFO/FIFO_Memory_Block/RAM_reg[6][7]
         U_ASYNC_FIFO/FIFO_Memory_Block/RAM_reg[7][7]
         U_ASYNC_FIFO/FIFO_Memory_Block/RAM_reg[0][0]
         U_ASYNC_FIFO/FIFO_Memory_Block/RAM_reg[1][0]
         U_ASYNC_FIFO/FIFO_Memory_Block/RAM_reg[2][0]
         U_ASYNC_FIFO/FIFO_Memory_Block/RAM_reg[3][0]
         U_ASYNC_FIFO/FIFO_Memory_Block/RAM_reg[4][0]
         U_ASYNC_FIFO/FIFO_Memory_Block/RAM_reg[5][0]
         U_ASYNC_FIFO/FIFO_Memory_Block/RAM_reg[6][0]
         U_ASYNC_FIFO/FIFO_Memory_Block/RAM_reg[7][0]
         U_ASYNC_FIFO/FIFO_Memory_Block/RAM_reg[0][6]
         U_ASYNC_FIFO/FIFO_Memory_Block/RAM_reg[1][6]
         U_ASYNC_FIFO/FIFO_Memory_Block/RAM_reg[2][6]
         U_ASYNC_FIFO/FIFO_Memory_Block/RAM_reg[3][6]
         U_ASYNC_FIFO/FIFO_Memory_Block/RAM_reg[4][6]
         U_ASYNC_FIFO/FIFO_Memory_Block/RAM_reg[5][6]
         U_ASYNC_FIFO/FIFO_Memory_Block/RAM_reg[6][6]
         U_ASYNC_FIFO/FIFO_Memory_Block/RAM_reg[7][6]
         U_RegFile/regArr_reg[2][6]
         U_SYS_CTRL/state_reg[3]
         U_SYS_CTRL/state_reg[0]
         U_RegFile/regArr_reg[0][6]
         U_RegFile/regArr_reg[0][0]
         U_RegFile/regArr_reg[1][0]
         U_RegFile/regArr_reg[0][5]
         U_RegFile/regArr_reg[2][5]
         U_RegFile/regArr_reg[1][5]
         U_RegFile/regArr_reg[0][4]
         U_RegFile/regArr_reg[2][4]
         U_RegFile/regArr_reg[1][4]
         U_RegFile/regArr_reg[0][3]
         U_RegFile/regArr_reg[1][3]
         U_RegFile/regArr_reg[0][2]
         U_RegFile/regArr_reg[0][1]
         U_RegFile/regArr_reg[1][1]
         U_ASYNC_FIFO/FIFO_RD_Block/raddr_total_reg[2]
         U_UART/U0_UART_RX/edge_bit_counter_BLock/edge_cnt_reg[4]
         U_RegFile/regArr_reg[1][6]
         U_UART/U0_UART_RX/stop_Check_BLock/stp_err_reg
         U_UART/U0_UART_RX/parity_Check_Block/par_err_reg
         U_ClkDiv_RX/div_clk_reg_reg
         U_ClkDiv_RX/counter_reg[7]
         U_ClkDiv_RX/counter_reg[6]
         U_ClkDiv_RX/counter_reg[5]
         U_ClkDiv_RX/counter_reg[4]
         U_ClkDiv_RX/counter_reg[3]
         U_ClkDiv_RX/counter_reg[2]
         U_ClkDiv_RX/counter_reg[1]
         U_ClkDiv_RX/counter_reg[0]
         U_ClkDiv_TX/div_clk_reg_reg
         U_ClkDiv_TX/counter_reg[7]
         U_ClkDiv_TX/counter_reg[6]
         U_ClkDiv_TX/counter_reg[5]
         U_ClkDiv_TX/counter_reg[4]
         U_ClkDiv_TX/counter_reg[3]
         U_ClkDiv_TX/counter_reg[2]
         U_ClkDiv_TX/counter_reg[1]
         U_ClkDiv_TX/counter_reg[0]
      *  11 cells are non-scan shift-register cells
         U_Data_Sync_RX/Pulse_Gen_Flop_reg
         U_ASYNC_FIFO/sync_r2w/Synchronizer_reg[1][3]
         U_ASYNC_FIFO/sync_r2w/Synchronizer_reg[1][2]
         U_ASYNC_FIFO/sync_r2w/Synchronizer_reg[1][1]
         U_ASYNC_FIFO/sync_r2w/Synchronizer_reg[1][0]
         U_PULSE_GEN/pls_flop_reg
         U_ASYNC_FIFO/sync_w2r/Synchronizer_reg[1][3]
         U_ASYNC_FIFO/sync_w2r/Synchronizer_reg[1][2]
         U_ASYNC_FIFO/sync_w2r/Synchronizer_reg[1][1]
         U_ASYNC_FIFO/sync_w2r/Synchronizer_reg[1][0]
         U_Data_Sync_RX/Multi_Flip_Flop_Synchronizer_reg[0]

Information: Test design rule checking completed. (TEST-123)
1
############################# Preview & Insert DFT ##############################
preview_dft -show scan_summary
  Information: Using test design rule information from previous dft_drc run.
  Architecting Scan Chains

****************************************
Preview_dft report
For    : 'Insert_dft' command
Design : SYS_TOP
Version: O-2018.06-SP1
Date   : Sun Oct  4 16:42:15 2026
****************************************

Number of chains: 4
Scan methodology: full_scan
Scan style: multiplexed_flip_flop
Clock domain: no_mix

Chain      Scan Ports (si --> so)        # of Cells   Inst/Chain               Clock (port, time, edge)
-----      ----------------------        ----------   ----------               ------------------------
S 1        SI[3] -->  SO[3]                      91   RST_SYNC_1/Synchronizer_reg[0]
                            (scan_clk, 20.0, rising) 
S 2        SI[2] -->  SO[2]                      90   U_ASYNC_FIFO/FIFO_Memory_Block/RAM_reg[6][1]
                            (scan_clk, 20.0, rising) 
S 3        SI[1] -->  SO[1]                      90   U_RegFile/regArr_reg[3][1]
                            (scan_clk, 20.0, rising) 
S 4        SI[0] -->  SO[0]                      90   U_RegFile/regArr_reg[14][3]
                            (scan_clk, 20.0, rising) 
1
insert_dft
  Information: Using test design rule information from previous dft_drc run.
  Architecting Scan Chains
  Routing Scan Chains
  Routing Global Signals
  Mapping New Logic
Resetting current test mode
  Beginning Mapping Optimizations
  -------------------------------

                                  TOTAL                                      
   ELAPSED            WORST NEG   SETUP    DESIGN                            
    TIME      AREA      SLACK     COST    RULE COST         ENDPOINT         
  --------- --------- --------- --------- --------- -------------------------


  Beginning Phase 1 Design Rule Fixing  (max_transition)  (max_capacitance)
  ------------------------------------

                                  TOTAL                                      
   ELAPSED            WORST NEG   SETUP    DESIGN                            
    TIME      AREA      SLACK     COST    RULE COST         ENDPOINT         
  --------- --------- --------- --------- --------- -------------------------
    0:00:19   21966.6      0.00       0.0      16.4 SE                       
    0:00:19   21966.6      0.00       0.0      16.4 SE                       
    0:00:19   21966.6      0.00       0.0      16.4 SE                       
    0:00:19   21984.3      0.00       0.0      12.5 net5942                  
    0:00:19   21984.3      0.00       0.0      12.5 net5942                  
    0:00:19   21984.3      0.00       0.0      12.5 net5942                  
    0:00:19   22001.9      0.00       0.0       8.6 net5939                  
    0:00:19   22001.9      0.00       0.0       8.6 net5939                  
    0:00:19   22001.9      0.00       0.0       8.6 net5939                  
    0:00:19   22014.9      0.00       0.0       2.9 net5940                  
    0:00:19   22014.9      0.00       0.0       2.9 net5940                  
    0:00:19   22014.9      0.00       0.0       2.9 net5940                  
    0:00:19   22014.9      0.00       0.0       2.9 net5940                  
    0:00:19   22029.0      0.00       0.0       2.1 net5941                  
    0:00:19   22029.0      0.00       0.0       2.1 net5941                  
    0:00:19   22029.0      0.00       0.0       2.1 net5941                  
    0:00:19   22029.0      0.00       0.0       1.0 net5969                  
    0:00:19   22039.6      0.00       0.0       0.9 net5941                  
    0:00:19   22039.6      0.00       0.0       0.9 net5941                  
    0:00:19   22039.6      0.00       0.0       0.9 net5941                  
    0:00:19   22039.6      0.00       0.0       0.8 net5939                  
    0:00:19   22050.2      0.00       0.0       0.7 net5952                  
    0:00:19   22050.2      0.00       0.0       0.7 net5952                  
    0:00:19   22050.2      0.00       0.0       0.7 net5952                  
    0:00:19   22060.8      0.00       0.0       0.7 net5962                  
    0:00:19   22060.8      0.00       0.0       0.7 net5962                  
    0:00:19   22060.8      0.00       0.0       0.7 net5962                  
    0:00:19   22060.8      0.00       0.0       0.7 net5950                  
    0:00:19   22060.8      0.00       0.0       0.7 net5960                  
    0:00:19   22071.4      0.00       0.0       1.5 REG3[0]                  
    0:00:19   22071.4      0.00       0.0       1.5 REG3[0]                  
    0:00:19   22071.4      0.00       0.0       1.5 REG3[0]                  
    0:00:19   22071.4      0.00       0.0       1.5 REG3[0]                  
    0:00:19   22080.8      0.00       0.0       1.2 RF_STP_ERR               
    0:00:19   22080.8      0.00       0.0       1.2 RF_STP_ERR               
    0:00:19   22090.2      0.00       0.0       0.5 net6001                  
    0:00:19   22104.3      0.00       0.0       0.4 net5970                  
    0:00:19   22104.3      0.00       0.0       0.4 net5970                  
    0:00:19   22104.3      0.00       0.0       0.4 net5970                  
    0:00:19   22132.6      0.00       0.0       0.6 U_RegFile/regArr[14][2]  
    0:00:19   22132.6      0.00       0.0       0.6 U_RegFile/regArr[14][2]  
    0:00:19   22132.6      0.00       0.0       0.6 U_RegFile/regArr[14][2]  
    0:00:19   22132.6      0.00       0.0       0.6 U_RegFile/regArr[14][2]  
    0:00:19   22151.4      0.00       0.0       0.9 U_PULSE_GEN/pls_flop     
    0:00:19   22151.4      0.00       0.0       0.9 U_PULSE_GEN/pls_flop     
    0:00:19   22151.4      0.00       0.0       0.9 U_PULSE_GEN/pls_flop     
    0:00:20   22138.4      0.00       0.0       0.6 net6008                  
    0:00:20   22129.0      0.00       0.0       0.4 net6024                  
    0:00:20   22119.6      0.00       0.0       0.2 net6018                  
    0:00:20   22126.7      0.00       0.0       0.2 U_RegFile/regArr[14][2]  
    0:00:20   22117.3      0.00       0.0       0.2 U_PULSE_GEN/pls_flop     


  Beginning Phase 2 Design Rule Fixing  (max_transition)  (max_capacitance)
  ------------------------------------

                                  TOTAL                                      
   ELAPSED            WORST NEG   SETUP    DESIGN                            
    TIME      AREA      SLACK     COST    RULE COST         ENDPOINT         
  --------- --------- --------- --------- --------- -------------------------
    0:00:20   22136.1      0.00       0.0       0.4 REG3[0]                  
    0:00:20   22136.1      0.00       0.0       0.4 REG3[0]                  
    0:00:20   22136.1      0.00       0.0       0.4 REG3[0]                  
    0:00:20   22154.9      0.00       0.0       0.6 U_RegFile/regArr[14][2]  
    0:00:20   22154.9      0.00       0.0       0.6 U_RegFile/regArr[14][2]  
    0:00:20   22154.9      0.00       0.0       0.6 U_RegFile/regArr[14][2]  
    0:00:20   22173.7      0.00       0.0       0.9 U_PULSE_GEN/pls_flop     
    0:00:20   22173.7      0.00       0.0       0.9 U_PULSE_GEN/pls_flop     
    0:00:20   22173.7      0.00       0.0       0.9 U_PULSE_GEN/pls_flop     
    0:00:20   22164.3      0.00       0.0       0.6 net6032                  
    0:00:20   22154.9      0.00       0.0       0.4 net6036                  
    0:00:20   22145.5      0.00       0.0       0.2 net6040                  
    0:00:20   22136.1      0.00       0.0       0.2 U_PULSE_GEN/pls_flop     
    0:00:20   22126.7      0.00       0.0       0.2 REG3[0]                  
    0:00:20   22117.3      0.00       0.0       0.2 U_RegFile/regArr[14][2]  

1
######################## Optimize Logic Post-DFT #######################
compile_ultra -scan -incremental
Warning: DesignWare synthetic library dw_foundation.sldb is added to the synthetic_library in the current command. (UISN-40)
Information: Performing power optimization. (PWR-850)
Alib files are up-to-date.
Information: Choosing a test methodology will restrict the optimization of sequential cells. (UIO-12)

Information: There are 13 potential problems in your design. Please run 'check_design' for more information. (LINT-99)


Loaded alib file './alib-52/scmetro_tsmc_cl013g_rvt_ss_1p08v_125c.db.alib'
Loaded alib file './alib-52/scmetro_tsmc_cl013g_rvt_tt_1p2v_25c.db.alib'
Loaded alib file './alib-52/scmetro_tsmc_cl013g_rvt_ff_1p32v_m40c.db.alib'
Warning: Operating condition scmetro_tsmc_cl013g_rvt_ss_1p08v_125c set on design SYS_TOP has different process,
voltage and temperatures parameters than the parameters at which target library 
scmetro_tsmc_cl013g_rvt_tt_1p2v_25c is characterized. Delays may be inaccurate as a result. (OPT-998)
Information: State dependent leakage is now switched from on to off.

  Beginning Pass 1 Mapping  (Incremental)
  ------------------------

  Updating timing information
Information: Updating design information... (UID-85)
Information: The library cell 'HOLDX1M' in the library 'scmetro_tsmc_cl013g_rvt_ss_1p08v_125c' is not characterized for internal power. (PWR-536)
Information: The target library(s) contains cell(s), other than black boxes, that are not characterized for internal power. (PWR-24)

                                  TOTAL                                                
   ELAPSED            WORST NEG   SETUP    DESIGN                              LEAKAGE 
    TIME      AREA      SLACK     COST    RULE COST         ENDPOINT            POWER  
  --------- --------- --------- --------- --------- ------------------------- ---------
    0:00:04   22117.3      0.00       0.0       0.2                           11102773.0000
    0:00:04   22117.3      0.00       0.0       0.2                           11102773.0000

  Beginning Mapping Optimizations  (Ultra High effort)  (Incremental)
  -------------------------------

  Beginning Incremental Implementation Selection
  ----------------------------------------------
    0:00:05   22117.3      0.00       0.0       0.2                           11102773.0000

  Beginning Delay Optimization Phase
  ----------------------------------

                                  TOTAL                                                
   ELAPSED            WORST NEG   SETUP    DESIGN                              LEAKAGE 
    TIME      AREA      SLACK     COST    RULE COST         ENDPOINT            POWER  
  --------- --------- --------- --------- --------- ------------------------- ---------
    0:00:05   22117.3      0.00       0.0       0.2                           11102773.0000
    0:00:05   22117.3      0.00       0.0       0.2                           11102773.0000
    0:00:05   22098.4      0.00       0.0       0.0                           11062426.0000
    0:00:05   22098.4      0.00       0.0       0.0                           11062426.0000
    0:00:05   22098.4      0.00       0.0       0.0                           11062426.0000
    0:00:05   22098.4      0.00       0.0       0.0                           11062426.0000
    0:00:05   22098.4      0.00       0.0       0.0                           11062426.0000

  Beginning Delay Optimization
  ----------------------------
    0:00:05   22098.4      0.00       0.0       0.0                           11062426.0000
    0:00:05   22098.4      0.00       0.0       0.0                           11062426.0000
    0:00:05   22098.4      0.00       0.0       0.0                           11062426.0000
    0:00:05   22098.4      0.00       0.0       0.0                           11062426.0000
    0:00:05   22098.4      0.00       0.0       0.0                           11062426.0000
    0:00:05   22098.4      0.00       0.0       0.0                           11062426.0000


  Beginning Design Rule Fixing  (max_capacitance)
  ----------------------------

                                  TOTAL                                                
   ELAPSED            WORST NEG   SETUP    DESIGN                              LEAKAGE 
    TIME      AREA      SLACK     COST    RULE COST         ENDPOINT            POWER  
  --------- --------- --------- --------- --------- ------------------------- ---------
    0:00:05   22098.4      0.00       0.0       0.0                           11062426.0000
    0:00:05   22098.4      0.00       0.0       0.0                           11064225.0000
    0:00:05   22098.4      0.00       0.0       0.0                           11064225.0000
    0:00:05   22098.4      0.00       0.0       0.0                           11064225.0000
    0:00:05   22098.4      0.00       0.0       0.0                           11064225.0000
    0:00:05   22098.4      0.00       0.0       0.0                           11064225.0000
    0:00:05   22098.4      0.00       0.0       0.0                           11064225.0000
    0:00:05   22098.4      0.00       0.0       0.0                           11064225.0000
    0:00:05   22098.4      0.00       0.0       0.0                           11064225.0000
    0:00:05   22098.4      0.00       0.0       0.0                           11064225.0000
    0:00:05   22098.4      0.00       0.0       0.0                           11064225.0000
    0:00:05   22098.4      0.00       0.0       0.0                           11064225.0000
    0:00:06   22098.4      0.00       0.0       0.0                           11064225.0000
    0:00:06   22098.4      0.00       0.0       0.0                           11064225.0000
    0:00:06   22098.4      0.00       0.0       0.0                           11064225.0000
    0:00:06   22098.4      0.00       0.0       0.0                           11064225.0000
    0:00:06   22098.4      0.00       0.0       0.0                           11064225.0000
    0:00:06   22098.4      0.00       0.0       0.0                           11064225.0000
    0:00:06   22098.4      0.00       0.0       0.0                           11064225.0000
    0:00:06   22098.4      0.00       0.0       0.0                           11064225.0000
    0:00:06   22098.4      0.00       0.0       0.0                           11064225.0000
    0:00:06   22098.4      0.00       0.0       0.0                           11064225.0000

                                  TOTAL                                                
   ELAPSED            WORST NEG   SETUP    DESIGN                              LEAKAGE 
    TIME      AREA      SLACK     COST    RULE COST         ENDPOINT            POWER  
  --------- --------- --------- --------- --------- ------------------------- ---------
    0:00:06   22098.4      0.00       0.0       0.0                           11064225.0000
    0:00:06   22098.4      0.00       0.0       0.0                           11064225.0000
    0:00:06   22024.3      0.00       0.0       0.0                           11008914.0000
    0:00:06   22024.3      0.00       0.0       0.0                           11008914.0000
Loading db file '/home/ICer/IC/Projects/System/std_cells/scmetro_tsmc_cl013g_rvt_ss_1p08v_125c.db'
Loading db file '/home/ICer/IC/Projects/System/std_cells/scmetro_tsmc_cl013g_rvt_tt_1p2v_25c.db'
Loading db file '/home/ICer/IC/Projects/System/std_cells/scmetro_tsmc_cl013g_rvt_ff_1p32v_m40c.db'


Note: Symbol # after min delay cost means estimated hold TNS across all active scenarios 


  Optimization Complete
  ---------------------
Information: State dependent leakage is now switched from off to on.
Information: Propagating switching activity (low effort zero delay simulation). (PWR-6)
1
###################### Post-DFT Design Rule Checking #######################
dft_drc -verbose -coverage_estimate
In mode: Internal_scan...
  Design has scan chains in this mode
  Design is scan routed
  Post-DFT DRC enabled

Information: Starting test design rule checking. (TEST-222)
  Loading test protocol
  ...basic checks...
  ...basic sequential cell checks...
  ...checking vector rules...
  ...checking clock rules...
  ...checking scan chain rules...
  ...checking scan compression rules...
  ...checking X-state rules...
  ...checking tristate rules...
  ...extracting scan details...

-----------------------------------------------------------------
Begin Other violations...

Warning: Cell U_CLK_GATE/Latch_Out_reg has constant 1 value. (TEST-505)

Other violations completed...
-----------------------------------------------------------------

-----------------------------------------------------------------
  DRC Report

  Total violations: 1

-----------------------------------------------------------------

1 OTHER VIOLATION
     1 Cell is constant 1 violation (TEST-505)


Warning: Violations occurred during test design rule checking. (TEST-124)

-----------------------------------------------------------------
  Sequential Cell Report

  1 out of 362 sequential cells have violations

-----------------------------------------------------------------

SEQUENTIAL CELLS WITH VIOLATIONS
      *   1 cell has constant 1 value
         U_CLK_GATE/Latch_Out_reg
SEQUENTIAL CELLS WITHOUT VIOLATIONS
      * 350 cells are valid scan cells
         RST_SYNC_1/Synchronizer_reg[1]
         RST_SYNC_2/Synchronizer_reg[1]
         RST_SYNC_1/Synchronizer_reg[0]
         RST_SYNC_2/Synchronizer_reg[0]
         U_UART/U0_UART_RX/UART_RX_FSM_Block/data_valid_reg
         U_Data_Sync_RX/Multi_Flip_Flop_Synchronizer_reg[1]
         U_Data_Sync_RX/enable_pulse_reg
         U_SYS_CTRL/frame1_reg_reg[6]
         U_UART/U0_UART_RX/data_sampling_Block/majority_reg_reg[1]
         U_UART/U0_UART_RX/strt_Check_Block/strt_glitch_reg
         U_UART/U0_UART_RX/UART_RX_FSM_Block/currentState_reg[1]
         U_UART/U0_UART_RX/UART_RX_FSM_Block/currentState_reg[2]
         U_UART/U0_UART_RX/edge_bit_counter_BLock/bit_cnt_reg[3]
         U_UART/U0_UART_RX/UART_RX_FSM_Block/currentState_reg[0]
         U_SYS_CTRL/cmd_reg_reg[0]
         U_SYS_CTRL/state_reg[1]
         U_SYS_CTRL/state_reg[2]
         U_SYS_CTRL/cmd_reg_reg[6]
         U_SYS_CTRL/cmd_reg_reg[7]
         U_SYS_CTRL/cmd_reg_reg[5]
         U_SYS_CTRL/cmd_reg_reg[4]
         U_SYS_CTRL/cmd_reg_reg[3]
         U_SYS_CTRL/cmd_reg_reg[2]
         U_SYS_CTRL/cmd_reg_reg[1]
         U_SYS_CTRL/frame1_reg_reg[7]
         U_SYS_CTRL/frame1_reg_reg[5]
         U_SYS_CTRL/frame1_reg_reg[4]
         U_SYS_CTRL/frame1_reg_reg[3]
         U_SYS_CTRL/frame1_reg_reg[2]
         U_SYS_CTRL/frame1_reg_reg[1]
         U_SYS_CTRL/frame1_reg_reg[0]
         U_SYS_CTRL/frame2_reg_reg[6]
         U_SYS_CTRL/frame2_reg_reg[7]
         U_SYS_CTRL/frame2_reg_reg[5]
         U_SYS_CTRL/frame2_reg_reg[4]
         U_SYS_CTRL/frame2_reg_reg[3]
         U_SYS_CTRL/frame2_reg_reg[2]
         U_SYS_CTRL/frame2_reg_reg[1]
         U_SYS_CTRL/frame2_reg_reg[0]
         U_SYS_CTRL/frame3_reg_reg[3]
         U_SYS_CTRL/frame3_reg_reg[2]
         U_SYS_CTRL/frame3_reg_reg[1]
         U_SYS_CTRL/frame3_reg_reg[0]
         U_ALU/ALU_OUT_reg[9]
         U_ALU/ALU_OUT_reg[10]
         U_ALU/ALU_OUT_reg[11]
         U_ALU/ALU_OUT_reg[12]
         U_ALU/ALU_OUT_reg[13]
         U_ALU/ALU_OUT_reg[14]
         U_ALU/ALU_OUT_reg[15]
         U_ALU/OUT_VALID_reg
         U_RegFile/RdData_VLD_reg
         U_RegFile/regArr_reg[14][6]
         U_RegFile/regArr_reg[10][6]
         U_RegFile/regArr_reg[6][6]
         U_RegFile/regArr_reg[12][6]
         U_RegFile/regArr_reg[8][6]
         U_RegFile/regArr_reg[4][6]
         U_RegFile/regArr_reg[12][0]
         U_RegFile/regArr_reg[8][0]
         U_RegFile/regArr_reg[4][0]
         U_RegFile/regArr_reg[14][0]
         U_RegFile/regArr_reg[10][0]
         U_RegFile/regArr_reg[6][0]
         U_RegFile/regArr_reg[13][0]
         U_RegFile/regArr_reg[9][0]
         U_RegFile/regArr_reg[5][0]
         U_RegFile/regArr_reg[15][0]
         U_RegFile/regArr_reg[11][0]
         U_RegFile/regArr_reg[7][0]
         U_RegFile/regArr_reg[12][5]
         U_RegFile/regArr_reg[8][5]
         U_RegFile/regArr_reg[4][5]
         U_RegFile/regArr_reg[14][5]
         U_RegFile/regArr_reg[10][5]
         U_RegFile/regArr_reg[6][5]
         U_RegFile/regArr_reg[13][5]
         U_RegFile/regArr_reg[9][5]
         U_RegFile/regArr_reg[5][5]
         U_RegFile/regArr_reg[15][5]
         U_RegFile/regArr_reg[11][5]
         U_RegFile/regArr_reg[7][5]
         U_RegFile/regArr_reg[12][4]
         U_RegFile/regArr_reg[8][4]
         U_RegFile/regArr_reg[4][4]
         U_ALU/ALU_OUT_reg[5]
         U_RegFile/regArr_reg[14][4]
         U_RegFile/regArr_reg[10][4]
         U_RegFile/regArr_reg[6][4]
         U_RegFile/regArr_reg[13][4]
         U_RegFile/regArr_reg[9][4]
         U_RegFile/regArr_reg[5][4]
         U_RegFile/regArr_reg[15][4]
         U_RegFile/regArr_reg[11][4]
         U_RegFile/regArr_reg[7][4]
         U_RegFile/regArr_reg[3][4]
         U_RegFile/regArr_reg[12][3]
         U_RegFile/regArr_reg[8][3]
         U_RegFile/regArr_reg[4][3]
         U_ALU/ALU_OUT_reg[4]
         U_RegFile/regArr_reg[14][3]
         U_RegFile/regArr_reg[10][3]
         U_RegFile/regArr_reg[6][3]
         U_RegFile/regArr_reg[2][3]
         U_RegFile/regArr_reg[13][3]
         U_RegFile/regArr_reg[9][3]
         U_RegFile/regArr_reg[5][3]
         U_RegFile/regArr_reg[15][3]
         U_RegFile/regArr_reg[11][3]
         U_RegFile/regArr_reg[7][3]
         U_RegFile/regArr_reg[3][3]
         U_RegFile/regArr_reg[12][2]
         U_RegFile/regArr_reg[8][2]
         U_RegFile/regArr_reg[4][2]
         U_ALU/ALU_OUT_reg[3]
         U_RegFile/regArr_reg[10][2]
         U_RegFile/regArr_reg[6][2]
         U_RegFile/regArr_reg[2][2]
         U_RegFile/regArr_reg[13][2]
         U_RegFile/regArr_reg[9][2]
         U_RegFile/regArr_reg[5][2]
         U_RegFile/regArr_reg[1][2]
         U_RegFile/regArr_reg[15][2]
         U_RegFile/regArr_reg[11][2]
         U_RegFile/regArr_reg[7][2]
         U_RegFile/regArr_reg[3][2]
         U_RegFile/regArr_reg[12][1]
         U_RegFile/regArr_reg[8][1]
         U_RegFile/regArr_reg[4][1]
         U_ALU/ALU_OUT_reg[2]
         U_RegFile/regArr_reg[14][1]
         U_RegFile/regArr_reg[10][1]
         U_RegFile/regArr_reg[6][1]
         U_RegFile/regArr_reg[2][1]
         U_RegFile/regArr_reg[13][1]
         U_RegFile/regArr_reg[9][1]
         U_RegFile/regArr_reg[5][1]
         U_ALU/ALU_OUT_reg[1]
         U_RegFile/regArr_reg[15][1]
         U_RegFile/regArr_reg[11][1]
         U_RegFile/regArr_reg[7][1]
         U_RegFile/regArr_reg[3][1]
         U_RegFile/regArr_reg[12][7]
         U_RegFile/regArr_reg[8][7]
         U_RegFile/regArr_reg[4][7]
         U_RegFile/regArr_reg[14][7]
         U_RegFile/regArr_reg[10][7]
         U_RegFile/regArr_reg[6][7]
         U_RegFile/regArr_reg[13][7]
         U_RegFile/regArr_reg[9][7]
         U_RegFile/regArr_reg[5][7]
         U_RegFile/regArr_reg[15][7]
         U_RegFile/regArr_reg[11][7]
         U_RegFile/regArr_reg[7][7]
         U_RegFile/regArr_reg[3][7]
         U_RegFile/regArr_reg[1][7]
         U_RegFile/regArr_reg[0][7]
         U_ALU/ALU_OUT_reg[7]
         U_ALU/ALU_OUT_reg[8]
         U_ASYNC_FIFO/FIFO_WR_Block/waddr_total_reg[0]
         U_ASYNC_FIFO/FIFO_WR_Block/wptr_reg[0]
         U_ASYNC_FIFO/sync_w2r/Synchronizer_reg[0][0]
         U_ASYNC_FIFO/FIFO_WR_Block/waddr_total_reg[1]
         U_ASYNC_FIFO/FIFO_WR_Block/waddr_total_reg[2]
         U_ASYNC_FIFO/FIFO_WR_Block/wptr_reg[1]
         U_ASYNC_FIFO/sync_w2r/Synchronizer_reg[0][1]
         U_ASYNC_FIFO/FIFO_WR_Block/wptr_reg[2]
         U_ASYNC_FIFO/sync_w2r/Synchronizer_reg[0][2]
         U_ASYNC_FIFO/FIFO_WR_Block/wptr_reg[3]
         U_ASYNC_FIFO/sync_w2r/Synchronizer_reg[0][3]
         U_UART/U0_UART_TX/Serializer_Block/counter_reg[3]
         U_UART/U0_UART_TX/FSM_Block/currentState_reg[2]
         U_UART/U0_UART_TX/Serializer_Block/counter_reg[0]
         U_UART/U0_UART_TX/Serializer_Block/counter_reg[1]
         U_UART/U0_UART_TX/Serializer_Block/counter_reg[2]
         U_UART/U0_UART_TX/FSM_Block/currentState_reg[0]
         U_UART/U0_UART_TX/FSM_Block/currentState_reg[1]
         U_PULSE_GEN/rcv_flop_reg
         U_ASYNC_FIFO/FIFO_RD_Block/raddr_total_reg[0]
         U_ASYNC_FIFO/FIFO_RD_Block/raddr_total_reg[1]
         U_ASYNC_FIFO/FIFO_RD_Block/rptr_reg[0]
         U_ASYNC_FIFO/sync_r2w/Synchronizer_reg[0][0]
         U_ASYNC_FIFO/FIFO_RD_Block/rptr_reg[1]
         U_ASYNC_FIFO/sync_r2w/Synchronizer_reg[0][1]
         U_ASYNC_FIFO/FIFO_RD_Block/rptr_reg[2]
         U_ASYNC_FIFO/sync_r2w/Synchronizer_reg[0][2]
         U_ASYNC_FIFO/FIFO_RD_Block/rptr_reg[3]
         U_ASYNC_FIFO/sync_r2w/Synchronizer_reg[0][3]
         U_UART/U0_UART_TX/Serializer_Block/pDataReg_reg[1]
         U_UART/U0_UART_TX/Serializer_Block/pDataReg_reg[2]
         U_UART/U0_UART_TX/Serializer_Block/pDataReg_reg[3]
         U_UART/U0_UART_TX/Serializer_Block/pDataReg_reg[4]
         U_UART/U0_UART_TX/Serializer_Block/pDataReg_reg[5]
         U_UART/U0_UART_TX/Serializer_Block/pDataReg_reg[7]
         U_UART/U0_UART_RX/data_sampling_Block/inner_counter_reg[0]
         U_UART/U0_UART_RX/data_sampling_Block/inner_counter_reg[1]
         U_UART/U0_UART_RX/data_sampling_Block/majority_reg_reg[2]
         U_UART/U0_UART_RX/data_sampling_Block/majority_reg_reg[0]
         U_UART/U0_UART_RX/edge_bit_counter_BLock/bit_cnt_reg[0]
         U_UART/U0_UART_RX/edge_bit_counter_BLock/bit_cnt_reg[1]
         U_UART/U0_UART_RX/edge_bit_counter_BLock/bit_cnt_reg[2]
         U_UART/U0_UART_RX/edge_bit_counter_BLock/edge_cnt_reg[0]
         U_UART/U0_UART_RX/edge_bit_counter_BLock/edge_cnt_reg[1]
         U_UART/U0_UART_RX/edge_bit_counter_BLock/edge_cnt_reg[2]
         U_UART/U0_UART_RX/edge_bit_counter_BLock/edge_cnt_reg[3]
         U_RegFile/regArr_reg[13][6]
         U_RegFile/regArr_reg[9][6]
         U_RegFile/regArr_reg[5][6]
         U_ALU/ALU_OUT_reg[0]
         U_UART/U0_UART_TX/Serializer_Block/pDataReg_reg[0]
         U_ALU/ALU_OUT_reg[6]
         U_RegFile/regArr_reg[15][6]
         U_RegFile/regArr_reg[11][6]
         U_RegFile/regArr_reg[7][6]
         U_RegFile/regArr_reg[3][6]
         U_UART/U0_UART_TX/Serializer_Block/pDataReg_reg[6]
         U_UART/U0_UART_TX/Parity_Calc_Block/parBit_reg
         U_UART/U0_UART_RX/deserializer_Block/P_DATA_reg[7]
         U_Data_Sync_RX/sync_bus_reg[7]
         U_Data_Sync_RX/sync_bus_reg[6]
         U_UART/U0_UART_RX/deserializer_Block/P_DATA_reg[6]
         U_UART/U0_UART_RX/deserializer_Block/P_DATA_reg[5]
         U_Data_Sync_RX/sync_bus_reg[5]
         U_UART/U0_UART_RX/deserializer_Block/P_DATA_reg[4]
         U_Data_Sync_RX/sync_bus_reg[4]
         U_UART/U0_UART_RX/deserializer_Block/P_DATA_reg[3]
         U_Data_Sync_RX/sync_bus_reg[3]
         U_UART/U0_UART_RX/deserializer_Block/P_DATA_reg[2]
         U_Data_Sync_RX/sync_bus_reg[2]
         U_UART/U0_UART_RX/deserializer_Block/P_DATA_reg[1]
         U_Data_Sync_RX/sync_bus_reg[1]
         U_UART/U0_UART_RX/deserializer_Block/P_DATA_reg[0]
         U_Data_Sync_RX/sync_bus_reg[0]
         U_RegFile/RdData_reg[0]
         U_RegFile/RdData_reg[5]
         U_RegFile/RdData_reg[4]
         U_RegFile/RdData_reg[3]
         U_RegFile/RdData_reg[2]
         U_RegFile/RdData_reg[1]
         U_RegFile/RdData_reg[7]
         U_RegFile/RdData_reg[6]
         U_RegFile/regArr_reg[2][0]
         U_RegFile/regArr_reg[3][5]
         U_ASYNC_FIFO/FIFO_Memory_Block/RAM_reg[0][1]
         U_ASYNC_FIFO/FIFO_Memory_Block/RAM_reg[1][1]
         U_ASYNC_FIFO/FIFO_Memory_Block/RAM_reg[2][1]
         U_ASYNC_FIFO/FIFO_Memory_Block/RAM_reg[3][1]
         U_ASYNC_FIFO/FIFO_Memory_Block/RAM_reg[4][1]
         U_ASYNC_FIFO/FIFO_Memory_Block/RAM_reg[5][1]
         U_ASYNC_FIFO/FIFO_Memory_Block/RAM_reg[6][1]
         U_ASYNC_FIFO/FIFO_Memory_Block/RAM_reg[7][1]
         U_ASYNC_FIFO/FIFO_Memory_Block/RAM_reg[0][2]
         U_ASYNC_FIFO/FIFO_Memory_Block/RAM_reg[1][2]
         U_ASYNC_FIFO/FIFO_Memory_Block/RAM_reg[2][2]
         U_ASYNC_FIFO/FIFO_Memory_Block/RAM_reg[3][2]
         U_ASYNC_FIFO/FIFO_Memory_Block/RAM_reg[4][2]
         U_ASYNC_FIFO/FIFO_Memory_Block/RAM_reg[5][2]
         U_ASYNC_FIFO/FIFO_Memory_Block/RAM_reg[6][2]
         U_ASYNC_FIFO/FIFO_Memory_Block/RAM_reg[7][2]
         U_ASYNC_FIFO/FIFO_Memory_Block/RAM_reg[0][3]
         U_ASYNC_FIFO/FIFO_Memory_Block/RAM_reg[1][3]
         U_ASYNC_FIFO/FIFO_Memory_Block/RAM_reg[2][3]
         U_ASYNC_FIFO/FIFO_Memory_Block/RAM_reg[3][3]
         U_ASYNC_FIFO/FIFO_Memory_Block/RAM_reg[4][3]
         U_ASYNC_FIFO/FIFO_Memory_Block/RAM_reg[5][3]
         U_ASYNC_FIFO/FIFO_Memory_Block/RAM_reg[6][3]
         U_ASYNC_FIFO/FIFO_Memory_Block/RAM_reg[7][3]
         U_ASYNC_FIFO/FIFO_Memory_Block/RAM_reg[0][4]
         U_ASYNC_FIFO/FIFO_Memory_Block/RAM_reg[1][4]
         U_ASYNC_FIFO/FIFO_Memory_Block/RAM_reg[2][4]
         U_ASYNC_FIFO/FIFO_Memory_Block/RAM_reg[3][4]
         U_ASYNC_FIFO/FIFO_Memory_Block/RAM_reg[4][4]
         U_ASYNC_FIFO/FIFO_Memory_Block/RAM_reg[5][4]
         U_ASYNC_FIFO/FIFO_Memory_Block/RAM_reg[6][4]
         U_ASYNC_FIFO/FIFO_Memory_Block/RAM_reg[7][4]
         U_ASYNC_FIFO/FIFO_Memory_Block/RAM_reg[0][5]
         U_ASYNC_FIFO/FIFO_Memory_Block/RAM_reg[1][5]
         U_ASYNC_FIFO/FIFO_Memory_Block/RAM_reg[2][5]
         U_ASYNC_FIFO/FIFO_Memory_Block/RAM_reg[3][5]
         U_ASYNC_FIFO/FIFO_Memory_Block/RAM_reg[4][5]
         U_ASYNC_FIFO/FIFO_Memory_Block/RAM_reg[5][5]
         U_ASYNC_FIFO/FIFO_Memory_Block/RAM_reg[6][5]
         U_ASYNC_FIFO/FIFO_Memory_Block/RAM_reg[7][5]
         U_ASYNC_FIFO/FIFO_Memory_Block/RAM_reg[0][7]
         U_ASYNC_FIFO/FIFO_Memory_Block/RAM_reg[1][7]
         U_ASYNC_FIFO/FIFO_Memory_Block/RAM_reg[2][7]
         U_ASYNC_FIFO/FIFO_Memory_Block/RAM_reg[3][7]
         U_ASYNC_FIFO/FIFO_Memory_Block/RAM_reg[4][7]
         U_ASYNC_FIFO/FIFO_Memory_Block/RAM_reg[5][7]
         U_ASYNC_FIFO/FIFO_Memory_Block/RAM_reg[6][7]
         U_ASYNC_FIFO/FIFO_Memory_Block/RAM_reg[7][7]
         U_ASYNC_FIFO/FIFO_Memory_Block/RAM_reg[0][0]
         U_ASYNC_FIFO/FIFO_Memory_Block/RAM_reg[1][0]
         U_ASYNC_FIFO/FIFO_Memory_Block/RAM_reg[2][0]
         U_ASYNC_FIFO/FIFO_Memory_Block/RAM_reg[3][0]
         U_ASYNC_FIFO/FIFO_Memory_Block/RAM_reg[4][0]
         U_ASYNC_FIFO/FIFO_Memory_Block/RAM_reg[5][0]
         U_ASYNC_FIFO/FIFO_Memory_Block/RAM_reg[6][0]
         U_ASYNC_FIFO/FIFO_Memory_Block/RAM_reg[7][0]
         U_ASYNC_FIFO/FIFO_Memory_Block/RAM_reg[0][6]
         U_ASYNC_FIFO/FIFO_Memory_Block/RAM_reg[1][6]
         U_ASYNC_FIFO/FIFO_Memory_Block/RAM_reg[2][6]
         U_ASYNC_FIFO/FIFO_Memory_Block/RAM_reg[3][6]
         U_ASYNC_FIFO/FIFO_Memory_Block/RAM_reg[4][6]
         U_ASYNC_FIFO/FIFO_Memory_Block/RAM_reg[5][6]
         U_ASYNC_FIFO/FIFO_Memory_Block/RAM_reg[6][6]
         U_ASYNC_FIFO/FIFO_Memory_Block/RAM_reg[7][6]
         U_RegFile/regArr_reg[2][6]
         U_SYS_CTRL/state_reg[3]
         U_SYS_CTRL/state_reg[0]
         U_RegFile/regArr_reg[0][6]
         U_RegFile/regArr_reg[0][0]
         U_RegFile/regArr_reg[1][0]
         U_RegFile/regArr_reg[0][5]
         U_RegFile/regArr_reg[2][5]
         U_RegFile/regArr_reg[1][5]
         U_RegFile/regArr_reg[0][4]
         U_RegFile/regArr_reg[2][4]
         U_RegFile/regArr_reg[1][4]
         U_RegFile/regArr_reg[0][3]
         U_RegFile/regArr_reg[1][3]
         U_RegFile/regArr_reg[0][2]
         U_RegFile/regArr_reg[0][1]
         U_RegFile/regArr_reg[1][1]
         U_ASYNC_FIFO/FIFO_RD_Block/raddr_total_reg[2]
         U_UART/U0_UART_RX/edge_bit_counter_BLock/edge_cnt_reg[4]
         U_RegFile/regArr_reg[1][6]
         U_UART/U0_UART_RX/stop_Check_BLock/stp_err_reg
         U_UART/U0_UART_RX/parity_Check_Block/par_err_reg
         U_RegFile/regArr_reg[3][0]
         U_RegFile/regArr_reg[14][2]
         U_RegFile/regArr_reg[2][7]
         U_ClkDiv_RX/div_clk_reg_reg
         U_ClkDiv_RX/counter_reg[7]
         U_ClkDiv_RX/counter_reg[6]
         U_ClkDiv_RX/counter_reg[5]
         U_ClkDiv_RX/counter_reg[4]
         U_ClkDiv_RX/counter_reg[3]
         U_ClkDiv_RX/counter_reg[2]
         U_ClkDiv_RX/counter_reg[1]
         U_ClkDiv_RX/counter_reg[0]
         U_ClkDiv_TX/div_clk_reg_reg
         U_ClkDiv_TX/counter_reg[7]
         U_ClkDiv_TX/counter_reg[6]
         U_ClkDiv_TX/counter_reg[5]
         U_ClkDiv_TX/counter_reg[4]
         U_ClkDiv_TX/counter_reg[3]
         U_ClkDiv_TX/counter_reg[2]
         U_ClkDiv_TX/counter_reg[1]
         U_ClkDiv_TX/counter_reg[0]
      *  11 cells are non-scan shift-register cells
         U_Data_Sync_RX/Pulse_Gen_Flop_reg
         U_ASYNC_FIFO/sync_r2w/Synchronizer_reg[1][3]
         U_ASYNC_FIFO/sync_r2w/Synchronizer_reg[1][2]
         U_ASYNC_FIFO/sync_r2w/Synchronizer_reg[1][1]
         U_ASYNC_FIFO/sync_r2w/Synchronizer_reg[1][0]
         U_ASYNC_FIFO/sync_w2r/Synchronizer_reg[1][3]
         U_ASYNC_FIFO/sync_w2r/Synchronizer_reg[1][2]
         U_ASYNC_FIFO/sync_w2r/Synchronizer_reg[1][1]
         U_ASYNC_FIFO/sync_w2r/Synchronizer_reg[1][0]
         U_Data_Sync_RX/Multi_Flip_Flop_Synchronizer_reg[0]
         U_PULSE_GEN/pls_flop_reg

....Inferring feed-through connections....
Information: Test design rule checking completed. (TEST-123)
  Running test coverage estimation...
 16140 faults were added to fault list.
 ----------------------------------------------------------
 #patterns     #faults     #ATPG faults  test      process
 stored     detect/active  red/au/abort  coverage  CPU time
 ---------  -------------  ------------  --------  --------
 Begin deterministic ATPG: #uncollapsed_faults=13144, abort_limit=10...
 0            7686   5458         0/0/0    65.72%      0.01
 0            1584   3874         0/0/0    75.53%      0.03
 0             917   2957         0/0/0    81.22%      0.03
 0             618   2338         1/0/1    85.05%      0.04
 0             446   1892         1/0/2    87.82%      0.05
 0             312   1580         1/0/2    89.75%      0.05
 0             299   1281         1/0/2    91.60%      0.06
 0             271   1008         1/1/2    93.28%      0.06
 0             151    857         1/1/2    94.22%      0.07
 0             150    707         1/1/2    95.15%      0.07
 0             120    584         4/1/2    95.91%      0.09
 0             148    428         7/2/2    96.87%      0.10
 0              96    330         8/3/2    97.47%      0.10
 0              76    251        10/4/2    97.95%      0.11
 0              93    149        13/6/2    98.56%      0.13
 0              52     95        15/6/2    98.90%      0.13
 0              41     41        20/9/3    99.21%      0.14
 0              35      2        23/9/3    99.45%      0.15
 
            Pattern Summary Report
 -----------------------------------------------
 #internal patterns                           0
 -----------------------------------------------
 

     Uncollapsed Stuck Fault Summary Report
 -----------------------------------------------
 fault class                     code   #faults
 ------------------------------  ----  ---------
 Detected                         DT      16014
 Possibly detected                PT          0
 Undetectable                     UD         37
 ATPG untestable                  AU         87
 Not detected                     ND          2
 -----------------------------------------------
 total faults                             16140
 test coverage                            99.45%
 -----------------------------------------------
  Information: The test coverage above may be inferior
               than the real test coverage with customized
               protocol and test simulation library.
1
##################### Close Formality Setup File ###########################
set_svf -off
1
#############################################################################
# Write Out Design Files
#############################################################################
write_file -format verilog -hierarchy -output netlists/$top_module.v
Writing verilog file '/home/ICer/IC/Projects/System/dft/netlists/SYS_TOP.v'.
Warning: Verilog 'assign' or 'tran' statements are written out. (VO-4)
1
write_file -format ddc     -hierarchy -output netlists/$top_module.ddc
Writing ddc file 'netlists/SYS_TOP.ddc'.
1
write_sdf  sdf/$top_module.sdf
Information: Annotated 'cell' delays are assumed to include load delay. (UID-282)
Information: Writing timing information to file '/home/ICer/IC/Projects/System/dft/sdf/SYS_TOP.sdf'. (WT-3)
Information: Updating design information... (UID-85)
1
write_sdc  -nosplit sdc/$top_module.sdc
1
####################### Reporting ##########################################
report_area -hierarchy      > reports/area.rpt
report_power -hierarchy     > reports/power.rpt
report_timing -delay_type min > reports/hold.rpt
report_timing -delay_type max > reports/setup.rpt
report_clock -attributes    > reports/clocks.rpt
exit
Memory usage for main task 488 Mbytes.
Memory usage for this session 488 Mbytes.
CPU usage for this session 28 seconds ( 0.01 hours ).

Thank you...
